app,func,end_timestamp,duration
739faf50968804bd83adaade1c616b404ad02f354b6bb167295319b0ae5d9899,ca74b92087483a16a012c94b147c899e246570904c23a537cb8daeb2096ce52d,3.466105,1.253
d9c9a39425c8044015e05eaf8330a6e48bad0e3edf1ec032098fb2c8b045c0b9,7fd157a7b694ec9235842e5191f04eb673f536c6f3bb37a9dc868eaeb977de9b,5.232472,0.607
cf54d1572c1d632986590f22a8313559a433bd667a10d3d3dae5912dcba6ea78,b259c1e9f9b5415e24c8b3e31485942012cde025f7115eb6c3b87d91de9ef892,5.578524,0.096
aa09fd0de23af2f42704ea3f7a832860e356cb21fbe99fb4c513e0ac64da3ce9,a7220d0ede28b7b3aa0f0607ca44f14e871e76cab8c30bfd0134e64230326622,23.621910,0.082
d9c9a39425c8044015e05eaf8330a6e48bad0e3edf1ec032098fb2c8b045c0b9,7fd157a7b694ec9235842e5191f04eb673f536c6f3bb37a9dc868eaeb977de9b,24.423470,1.118
d9c9a39425c8044015e05eaf8330a6e48bad0e3edf1ec032098fb2c8b045c0b9,7fd157a7b694ec9235842e5191f04eb673f536c6f3bb37a9dc868eaeb977de9b,24.689371,2.461
739faf50968804bd83adaade1c616b404ad02f354b6bb167295319b0ae5d9899,ca74b92087483a16a012c94b147c899e246570904c23a537cb8daeb2096ce52d,28.118556,1.568
e572651326f1337845b6b98e94175d4dc9ec1338a73d1ab7ac61170ccaf88297,518cd8f12974202d11b5a16a5437a6a560186fbe9584862c601084cbc18761c6,28.792165,0.332
e572651326f1337845b6b98e94175d4dc9ec1338a73d1ab7ac61170ccaf88297,5d5cbd388a16ee5f19e2c8c5df4ac7a74ad36fdc9b8a8b0489074a41d61b6884,31.712072,13.466
e572651326f1337845b6b98e94175d4dc9ec1338a73d1ab7ac61170ccaf88297,d92f8485c6246b3992a693f22bcc446a2f3d552d1b0cecc3fe637dec8f61e1ac,40.165732,18.596
d9c9a39425c8044015e05eaf8330a6e48bad0e3edf1ec032098fb2c8b045c0b9,7fd157a7b694ec9235842e5191f04eb673f536c6f3bb37a9dc868eaeb977de9b,44.938216,1.420
739faf50968804bd83adaade1c616b404ad02f354b6bb167295319b0ae5d9899,ca74b92087483a16a012c94b147c899e246570904c23a537cb8daeb2096ce52d,57.104922,0.904
739faf50968804bd83adaade1c616b404ad02f354b6bb167295319b0ae5d9899,ca74b92087483a16a012c94b147c899e246570904c23a537cb8daeb2096ce52d,57.884181,1.318
d9c9a39425c8044015e05eaf8330a6e48bad0e3edf1ec032098fb2c8b045c0b9,55b5c6b8e25e560a5244c522674fa8ad6f8dec1b83a702650726d57f2547c47c,64.208951,0.078
739faf50968804bd83adaade1c616b404ad02f354b6bb167295319b0ae5d9899,ca74b92087483a16a012c94b147c899e246570904c23a537cb8daeb2096ce52d,65.501542,0.441
d9c9a39425c8044015e05eaf8330a6e48bad0e3edf1ec032098fb2c8b045c0b9,55b5c6b8e25e560a5244c522674fa8ad6f8dec1b83a702650726d57f2547c47c,71.091497,0.087
e572651326f1337845b6b98e94175d4dc9ec1338a73d1ab7ac61170ccaf88297,5d5cbd388a16ee5f19e2c8c5df4ac7a74ad36fdc9b8a8b0489074a41d61b6884,72.146449,13.108
87b8ec9b41644a8b32cf64798ee6e0d8d7e5948575669ae9c5a8435a10813266,9d4311638952a6ecefb68603a4ade3f6aedf1ff5a2f359c67bbef939d6a2e6dc,73.690316,0.119
aa09fd0de23af2f42704ea3f7a832860e356cb21fbe99fb4c513e0ac64da3ce9,a7220d0ede28b7b3aa0f0607ca44f14e871e76cab8c30bfd0134e64230326622,74.002614,0.089
b2446308f35282348f1c6388346d932f610301eaa65bd0c283d8fb949d15e7cc,d206b500d8a622c7c6e606402b6f218d95ee19d6805d57bd7d6698351eea831a,74.541414,36.123
739faf50968804bd83adaade1c616b404ad02f354b6bb167295319b0ae5d9899,ca74b92087483a16a012c94b147c899e246570904c23a537cb8daeb2096ce52d,78.933870,0.491
739faf50968804bd83adaade1c616b404ad02f354b6bb167295319b0ae5d9899,ca74b92087483a16a012c94b147c899e246570904c23a537cb8daeb2096ce52d,83.416721,2.549
739faf50968804bd83adaade1c616b404ad02f354b6bb167295319b0ae5d9899,ca74b92087483a16a012c94b147c899e246570904c23a537cb8daeb2096ce52d,84.365826,0.638
739faf50968804bd83adaade1c616b404ad02f354b6bb167295319b0ae5d9899,ca74b92087483a16a012c94b147c899e246570904c23a537cb8daeb2096ce52d,91.980195,0.638
739faf50968804bd83adaade1c616b404ad02f354b6bb167295319b0ae5d9899,ca74b92087483a16a012c94b147c899e246570904c23a537cb8daeb2096ce52d,92.829274,0.680
87b8ec9b41644a8b32cf64798ee6e0d8d7e5948575669ae9c5a8435a10813266,b85146d6fb2fb1b37a7b668f36287a534543da7a2bc393eac28fd9e974908af0,92.919766,1.605
e572651326f1337845b6b98e94175d4dc9ec1338a73d1ab7ac61170ccaf88297,d92f8485c6246b3992a693f22bcc446a2f3d552d1b0cecc3fe637dec8f61e1ac,95.618529,36.708
d9c9a39425c8044015e05eaf8330a6e48bad0e3edf1ec032098fb2c8b045c0b9,55b5c6b8e25e560a5244c522674fa8ad6f8dec1b83a702650726d57f2547c47c,97.539424,0.042
e572651326f1337845b6b98e94175d4dc9ec1338a73d1ab7ac61170ccaf88297,d92f8485c6246b3992a693f22bcc446a2f3d552d1b0cecc3fe637dec8f61e1ac,106.289459,21.909
aa09fd0de23af2f42704ea3f7a832860e356cb21fbe99fb4c513e0ac64da3ce9,a7220d0ede28b7b3aa0f0607ca44f14e871e76cab8c30bfd0134e64230326622,107.065469,0.059
739faf50968804bd83adaade1c616b404ad02f354b6bb167295319b0ae5d9899,ca74b92087483a16a012c94b147c899e246570904c23a537cb8daeb2096ce52d,109.843677,1.532
aa09fd0de23af2f42704ea3f7a832860e356cb21fbe99fb4c513e0ac64da3ce9,a7220d0ede28b7b3aa0f0607ca44f14e871e76cab8c30bfd0134e64230326622,118.981429,0.029
e572651326f1337845b6b98e94175d4dc9ec1338a73d1ab7ac61170ccaf88297,5d5cbd388a16ee5f19e2c8c5df4ac7a74ad36fdc9b8a8b0489074a41d61b6884,121.427460,10.645
e572651326f1337845b6b98e94175d4dc9ec1338a73d1ab7ac61170ccaf88297,d92f8485c6246b3992a693f22bcc446a2f3d552d1b0cecc3fe637dec8f61e1ac,122.515692,37.012
e572651326f1337845b6b98e94175d4dc9ec1338a73d1ab7ac61170ccaf88297,5d5cbd388a16ee5f19e2c8c5df4ac7a74ad36fdc9b8a8b0489074a41d61b6884,124.146218,27.369
a279432833a21dc66309e252ef3f48f1ddc9eb706839d037a00b3f9f545c5e2d,7f0b52256911bed19622812b8483c07daf2e9103a269f567068ed939e33a2785,124.866737,1.550
e572651326f1337845b6b98e94175d4dc9ec1338a73d1ab7ac61170ccaf88297,d92f8485c6246b3992a693f22bcc446a2f3d552d1b0cecc3fe637dec8f61e1ac,125.451503,60.381
739faf50968804bd83adaade1c616b404ad02f354b6bb167295319b0ae5d9899,ca74b92087483a16a012c94b147c899e246570904c23a537cb8daeb2096ce52d,128.094140,0.326
739faf50968804bd83adaade1c616b404ad02f354b6bb167295319b0ae5d9899,ca74b92087483a16a012c94b147c899e246570904c23a537cb8daeb2096ce52d,132.390384,0.902
7475824cc4748c3fc8576d1ba486950f36d81d9cb5336cc1da801ef313b516d8,c8d99a8658319d5874fe33684bea9d87fab76b5593481d4d66145bec971607b3,133.422692,0.194
739faf50968804bd83adaade1c616b404ad02f354b6bb167295319b0ae5d9899,ca74b92087483a16a012c94b147c899e246570904c23a537cb8daeb2096ce52d,134.861565,2.335
739faf50968804bd83adaade1c616b404ad02f354b6bb167295319b0ae5d9899,ca74b92087483a16a012c94b147c899e246570904c23a537cb8daeb2096ce52d,139.631026,0.559
e572651326f1337845b6b98e94175d4dc9ec1338a73d1ab7ac61170ccaf88297,d92f8485c6246b3992a693f22bcc446a2f3d552d1b0cecc3fe637dec8f61e1ac,142.797776,35.021
a7cf2f4bb45576518350fb91bb84800146f1dc257896e3b46b901095987e2a1c,6a144e613e2220f49247934c6e896484265f3763008c3235599da7133c320b63,146.192977,0.106
739faf50968804bd83adaade1c616b404ad02f354b6bb167295319b0ae5d9899,ca74b92087483a16a012c94b147c899e246570904c23a537cb8daeb2096ce52d,154.812250,0.357
739faf50968804bd83adaade1c616b404ad02f354b6bb167295319b0ae5d9899,ca74b92087483a16a012c94b147c899e246570904c23a537cb8daeb2096ce52d,160.539193,0.350
e572651326f1337845b6b98e94175d4dc9ec1338a73d1ab7ac61170ccaf88297,d92f8485c6246b3992a693f22bcc446a2f3d552d1b0cecc3fe637dec8f61e1ac,161.402374,52.747
739faf50968804bd83adaade1c616b404ad02f354b6bb167295319b0ae5d9899,ca74b92087483a16a012c94b147c899e246570904c23a537cb8daeb2096ce52d,170.042217,0.552
739faf50968804bd83adaade1c616b404ad02f354b6bb167295319b0ae5d9899,ca74b92087483a16a012c94b147c899e246570904c23a537cb8daeb2096ce52d,174.521514,1.223
739faf50968804bd83adaade1c616b404ad02f354b6bb167295319b0ae5d9899,ca74b92087483a16a012c94b147c899e246570904c23a537cb8daeb2096ce52d,176.704075,0.406
739faf50968804bd83adaade1c616b404ad02f354b6bb167295319b0ae5d9899,ca74b92087483a16a012c94b147c899e246570904c23a537cb8daeb2096ce52d,178.802789,1.250
d9c9a39425c8044015e05eaf8330a6e48bad0e3edf1ec032098fb2c8b045c0b9,55b5c6b8e25e560a5244c522674fa8ad6f8dec1b83a702650726d57f2547c47c,182.354764,0.041
739faf50968804bd83adaade1c616b404ad02f354b6bb167295319b0ae5d9899,ca74b92087483a16a012c94b147c899e246570904c23a537cb8daeb2096ce52d,184.046664,0.873
e572651326f1337845b6b98e94175d4dc9ec1338a73d1ab7ac61170ccaf88297,518cd8f12974202d11b5a16a5437a6a560186fbe9584862c601084cbc18761c6,185.056011,0.119
e572651326f1337845b6b98e94175d4dc9ec1338a73d1ab7ac61170ccaf88297,518cd8f12974202d11b5a16a5437a6a560186fbe9584862c601084cbc18761c6,190.392052,0.065
739faf50968804bd83adaade1c616b404ad02f354b6bb167295319b0ae5d9899,ca74b92087483a16a012c94b147c899e246570904c23a537cb8daeb2096ce52d,204.211808,1.080
b2446308f35282348f1c6388346d932f610301eaa65bd0c283d8fb949d15e7cc,d206b500d8a622c7c6e606402b6f218d95ee19d6805d57bd7d6698351eea831a,205.942889,179.750
739faf50968804bd83adaade1c616b404ad02f354b6bb167295319b0ae5d9899,ca74b92087483a16a012c94b147c899e246570904c23a537cb8daeb2096ce52d,206.553511,1.566
cf54d1572c1d632986590f22a8313559a433bd667a10d3d3dae5912dcba6ea78,b259c1e9f9b5415e24c8b3e31485942012cde025f7115eb6c3b87d91de9ef892,211.242493,0.118
7475824cc4748c3fc8576d1ba486950f36d81d9cb5336cc1da801ef313b516d8,c8d99a8658319d5874fe33684bea9d87fab76b5593481d4d66145bec971607b3,212.899195,0.490
b2446308f35282348f1c6388346d932f610301eaa65bd0c283d8fb949d15e7cc,db87b76b1f5c22aeb78e8ddae62a3f5b78f28580d14b2d7f7f773702f2da3a3b,214.698180,0.043
739faf50968804bd83adaade1c616b404ad02f354b6bb167295319b0ae5d9899,ca74b92087483a16a012c94b147c899e246570904c23a537cb8daeb2096ce52d,219.643653,0.419
739faf50968804bd83adaade1c616b404ad02f354b6bb167295319b0ae5d9899,ca74b92087483a16a012c94b147c899e246570904c23a537cb8daeb2096ce52d,228.552166,1.619
739faf50968804bd83adaade1c616b404ad02f354b6bb167295319b0ae5d9899,ca74b92087483a16a012c94b147c899e246570904c23a537cb8daeb2096ce52d,233.155864,1.616
87b8ec9b41644a8b32cf64798ee6e0d8d7e5948575669ae9c5a8435a10813266,9d4311638952a6ecefb68603a4ade3f6aedf1ff5a2f359c67bbef939d6a2e6dc,235.309924,0.070
7475824cc4748c3fc8576d1ba486950f36d81d9cb5336cc1da801ef313b516d8,eac0d7c37985ac4669b288f34505f79c6df5fc76371ca3b80b783133b39adfbd,236.045882,34.043
b2446308f35282348f1c6388346d932f610301eaa65bd0c283d8fb949d15e7cc,db87b76b1f5c22aeb78e8ddae62a3f5b78f28580d14b2d7f7f773702f2da3a3b,243.934944,0.079
b2446308f35282348f1c6388346d932f610301eaa65bd0c283d8fb949d15e7cc,db87b76b1f5c22aeb78e8ddae62a3f5b78f28580d14b2d7f7f773702f2da3a3b,244.443448,0.104
efcdd56913d0ce6927045a6f4e8bc025d4bc3a901c3f657e7c0c0d52a157e940,d3001621518a70a020141bf2f78060d34d8b1d6a417c7d5ad0650366921617ac,250.290284,0.539
e572651326f1337845b6b98e94175d4dc9ec1338a73d1ab7ac61170ccaf88297,d92f8485c6246b3992a693f22bcc446a2f3d552d1b0cecc3fe637dec8f61e1ac,254.603106,29.397
99ae030b60cf247520cab75889c7e2f4c8be9422fce8cc2dc30c53820d8e487b,68b7a052a1a75027d0ba4031c39237121a4d32fa66b59c585684af85c61349ac,256.719982,0.471
87b8ec9b41644a8b32cf64798ee6e0d8d7e5948575669ae9c5a8435a10813266,b85146d6fb2fb1b37a7b668f36287a534543da7a2bc393eac28fd9e974908af0,271.084739,3.639
e572651326f1337845b6b98e94175d4dc9ec1338a73d1ab7ac61170ccaf88297,d92f8485c6246b3992a693f22bcc446a2f3d552d1b0cecc3fe637dec8f61e1ac,283.389710,67.955
87b8ec9b41644a8b32cf64798ee6e0d8d7e5948575669ae9c5a8435a10813266,9d4311638952a6ecefb68603a4ade3f6aedf1ff5a2f359c67bbef939d6a2e6dc,289.706447,0.085
e572651326f1337845b6b98e94175d4dc9ec1338a73d1ab7ac61170ccaf88297,5d5cbd388a16ee5f19e2c8c5df4ac7a74ad36fdc9b8a8b0489074a41d61b6884,292.547879,26.848
e572651326f1337845b6b98e94175d4dc9ec1338a73d1ab7ac61170ccaf88297,d92f8485c6246b3992a693f22bcc446a2f3d552d1b0cecc3fe637dec8f61e1ac,300.442988,17.741
f4930f068e300bc29cc1ba31414e01d1eaf55b1607c65985536c868ec9323990,46a59e3a4d9e4fefe6b34e678125ce95ab071f1126ec503557f26ec575c1941b,304.923388,0.500
e572651326f1337845b6b98e94175d4dc9ec1338a73d1ab7ac61170ccaf88297,5d5cbd388a16ee5f19e2c8c5df4ac7a74ad36fdc9b8a8b0489074a41d61b6884,305.525239,55.564
e572651326f1337845b6b98e94175d4dc9ec1338a73d1ab7ac61170ccaf88297,518cd8f12974202d11b5a16a5437a6a560186fbe9584862c601084cbc18761c6,306.435815,0.652
cf54d1572c1d632986590f22a8313559a433bd667a10d3d3dae5912dcba6ea78,b259c1e9f9b5415e24c8b3e31485942012cde025f7115eb6c3b87d91de9ef892,311.584372,0.073
f7b8083a0342944f477b97a321506ae52fc6e2e76bf6042f2280c281f43ee10d,4b2c05f30bc5080fb3ff505c4051509a4406f733b9ccd3386fa0900f3ae0d9bf,316.372387,0.012
e572651326f1337845b6b98e94175d4dc9ec1338a73d1ab7ac61170ccaf88297,d92f8485c6246b3992a693f22bcc446a2f3d552d1b0cecc3fe637dec8f61e1ac,322.580372,207.582
739faf50968804bd83adaade1c616b404ad02f354b6bb167295319b0ae5d9899,ca74b92087483a16a012c94b147c899e246570904c23a537cb8daeb2096ce52d,322.901620,0.398
e572651326f1337845b6b98e94175d4dc9ec1338a73d1ab7ac61170ccaf88297,5d5cbd388a16ee5f19e2c8c5df4ac7a74ad36fdc9b8a8b0489074a41d61b6884,325.730465,20.537
aa09fd0de23af2f42704ea3f7a832860e356cb21fbe99fb4c513e0ac64da3ce9,a7220d0ede28b7b3aa0f0607ca44f14e871e76cab8c30bfd0134e64230326622,335.062036,0.037
d9c9a39425c8044015e05eaf8330a6e48bad0e3edf1ec032098fb2c8b045c0b9,7fd157a7b694ec9235842e5191f04eb673f536c6f3bb37a9dc868eaeb977de9b,337.875582,0.397
b2446308f35282348f1c6388346d932f610301eaa65bd0c283d8fb949d15e7cc,d206b500d8a622c7c6e606402b6f218d95ee19d6805d57bd7d6698351eea831a,348.054614,63.959
e572651326f1337845b6b98e94175d4dc9ec1338a73d1ab7ac61170ccaf88297,d92f8485c6246b3992a693f22bcc446a2f3d552d1b0cecc3fe637dec8f61e1ac,351.177555,30.678
e572651326f1337845b6b98e94175d4dc9ec1338a73d1ab7ac61170ccaf88297,d92f8485c6246b3992a693f22bcc446a2f3d552d1b0cecc3fe637dec8f61e1ac,356.969309,33.799
739faf50968804bd83adaade1c616b404ad02f354b6bb167295319b0ae5d9899,ca74b92087483a16a012c94b147c899e246570904c23a537cb8daeb2096ce52d,357.289851,2.244
739faf50968804bd83adaade1c616b404ad02f354b6bb167295319b0ae5d9899,ca74b92087483a16a012c94b147c899e246570904c23a537cb8daeb2096ce52d,358.587312,0.418
e572651326f1337845b6b98e94175d4dc9ec1338a73d1ab7ac61170ccaf88297,d92f8485c6246b3992a693f22bcc446a2f3d552d1b0cecc3fe637dec8f61e1ac,364.498181,58.583
a12f22a3f771308d969fd56d18df65bf6960a4101a3daa4cef878997a2e1978b,664c8bd366fc401f874d793373a2aafc5a5a506e2e04d325d5d83557d6df7502,365.128292,0.024
87b8ec9b41644a8b32cf64798ee6e0d8d7e5948575669ae9c5a8435a10813266,9d4311638952a6ecefb68603a4ade3f6aedf1ff5a2f359c67bbef939d6a2e6dc,365.482621,0.158
36918b2e6c7d7af242c355afc840cf4665e3ea068cf464571367b9c37779bf80,7256bfbb7f3fd68f57187fc7395b4cbcb317c2abb99ee066d02f0844dbcb8ee7,371.795030,0.995
b2446308f35282348f1c6388346d932f610301eaa65bd0c283d8fb949d15e7cc,db87b76b1f5c22aeb78e8ddae62a3f5b78f28580d14b2d7f7f773702f2da3a3b,381.120857,0.053
eddb92315799e0eaf5d18b84bc5948186fbc33c0190b04c815d75765a979435c,110010ce3452fe8d402b60888cc981d5c1f099fa94092e745a629835ecdb9f51,387.709351,0.035
d9c9a39425c8044015e05eaf8330a6e48bad0e3edf1ec032098fb2c8b045c0b9,7fd157a7b694ec9235842e5191f04eb673f536c6f3bb37a9dc868eaeb977de9b,399.644206,2.442
4bd219625127e9d2e12f7eb21015642ad64f42ea61a16f5577db0c2e7a54d4cf,97c31670ec24a392969c8bc769ded28f0ea827f99e77c918ebe894b02f4511dd,400.296345,9.488
e572651326f1337845b6b98e94175d4dc9ec1338a73d1ab7ac61170ccaf88297,518cd8f12974202d11b5a16a5437a6a560186fbe9584862c601084cbc18761c6,401.929150,0.216
e572651326f1337845b6b98e94175d4dc9ec1338a73d1ab7ac61170ccaf88297,d92f8485c6246b3992a693f22bcc446a2f3d552d1b0cecc3fe637dec8f61e1ac,403.575270,98.819
b2446308f35282348f1c6388346d932f610301eaa65bd0c283d8fb949d15e7cc,d206b500d8a622c7c6e606402b6f218d95ee19d6805d57bd7d6698351eea831a,406.656141,109.209
739faf50968804bd83adaade1c616b404ad02f354b6bb167295319b0ae5d9899,ca74b92087483a16a012c94b147c899e246570904c23a537cb8daeb2096ce52d,408.956332,0.686
b34e792718773cd207a3d3bb54979d4952f301dd15d6f091f57008f075958309,2f796c78515eb95a2d835ebf50326db182a91dce43f6d21d5785e80565851355,415.979374,3.037
cf54d1572c1d632986590f22a8313559a433bd667a10d3d3dae5912dcba6ea78,b259c1e9f9b5415e24c8b3e31485942012cde025f7115eb6c3b87d91de9ef892,416.626660,0.080
b34e792718773cd207a3d3bb54979d4952f301dd15d6f091f57008f075958309,541379714c2250706dfd8b76765ae74953f871377238b361a8666f510afeba58,428.670928,99.998
e572651326f1337845b6b98e94175d4dc9ec1338a73d1ab7ac61170ccaf88297,5d5cbd388a16ee5f19e2c8c5df4ac7a74ad36fdc9b8a8b0489074a41d61b6884,434.175454,17.678
739faf50968804bd83adaade1c616b404ad02f354b6bb167295319b0ae5d9899,ca74b92087483a16a012c94b147c899e246570904c23a537cb8daeb2096ce52d,436.628338,0.833
739faf50968804bd83adaade1c616b404ad02f354b6bb167295319b0ae5d9899,ca74b92087483a16a012c94b147c899e246570904c23a537cb8daeb2096ce52d,457.782616,0.968
4bd219625127e9d2e12f7eb21015642ad64f42ea61a16f5577db0c2e7a54d4cf,97c31670ec24a392969c8bc769ded28f0ea827f99e77c918ebe894b02f4511dd,461.419741,6.584
e572651326f1337845b6b98e94175d4dc9ec1338a73d1ab7ac61170ccaf88297,d92f8485c6246b3992a693f22bcc446a2f3d552d1b0cecc3fe637dec8f61e1ac,463.060443,57.555
e572651326f1337845b6b98e94175d4dc9ec1338a73d1ab7ac61170ccaf88297,518cd8f12974202d11b5a16a5437a6a560186fbe9584862c601084cbc18761c6,476.038821,0.050
e572651326f1337845b6b98e94175d4dc9ec1338a73d1ab7ac61170ccaf88297,d92f8485c6246b3992a693f22bcc446a2f3d552d1b0cecc3fe637dec8f61e1ac,478.147390,23.619
b2446308f35282348f1c6388346d932f610301eaa65bd0c283d8fb949d15e7cc,db87b76b1f5c22aeb78e8ddae62a3f5b78f28580d14b2d7f7f773702f2da3a3b,480.303711,0.080
b2446308f35282348f1c6388346d932f610301eaa65bd0c283d8fb949d15e7cc,db87b76b1f5c22aeb78e8ddae62a3f5b78f28580d14b2d7f7f773702f2da3a3b,484.712578,0.063
739faf50968804bd83adaade1c616b404ad02f354b6bb167295319b0ae5d9899,ca74b92087483a16a012c94b147c899e246570904c23a537cb8daeb2096ce52d,491.244546,0.900
7475824cc4748c3fc8576d1ba486950f36d81d9cb5336cc1da801ef313b516d8,c8d99a8658319d5874fe33684bea9d87fab76b5593481d4d66145bec971607b3,492.172136,0.214
b2446308f35282348f1c6388346d932f610301eaa65bd0c283d8fb949d15e7cc,db87b76b1f5c22aeb78e8ddae62a3f5b78f28580d14b2d7f7f773702f2da3a3b,494.981271,0.051
87b8ec9b41644a8b32cf64798ee6e0d8d7e5948575669ae9c5a8435a10813266,9d4311638952a6ecefb68603a4ade3f6aedf1ff5a2f359c67bbef939d6a2e6dc,499.137696,0.163
e572651326f1337845b6b98e94175d4dc9ec1338a73d1ab7ac61170ccaf88297,518cd8f12974202d11b5a16a5437a6a560186fbe9584862c601084cbc18761c6,500.771331,0.294
e572651326f1337845b6b98e94175d4dc9ec1338a73d1ab7ac61170ccaf88297,5d5cbd388a16ee5f19e2c8c5df4ac7a74ad36fdc9b8a8b0489074a41d61b6884,511.732817,12.238
eddb92315799e0eaf5d18b84bc5948186fbc33c0190b04c815d75765a979435c,110010ce3452fe8d402b60888cc981d5c1f099fa94092e745a629835ecdb9f51,514.619645,0.046
739faf50968804bd83adaade1c616b404ad02f354b6bb167295319b0ae5d9899,ca74b92087483a16a012c94b147c899e246570904c23a537cb8daeb2096ce52d,517.852138,1.241
739faf50968804bd83adaade1c616b404ad02f354b6bb167295319b0ae5d9899,ca74b92087483a16a012c94b147c899e246570904c23a537cb8daeb2096ce52d,518.056311,0.613
a12f22a3f771308d969fd56d18df65bf6960a4101a3daa4cef878997a2e1978b,664c8bd366fc401f874d793373a2aafc5a5a506e2e04d325d5d83557d6df7502,518.330921,0.079
4bd219625127e9d2e12f7eb21015642ad64f42ea61a16f5577db0c2e7a54d4cf,97c31670ec24a392969c8bc769ded28f0ea827f99e77c918ebe894b02f4511dd,519.125634,10.934
cf54d1572c1d632986590f22a8313559a433bd667a10d3d3dae5912dcba6ea78,b259c1e9f9b5415e24c8b3e31485942012cde025f7115eb6c3b87d91de9ef892,525.748202,0.028
739faf50968804bd83adaade1c616b404ad02f354b6bb167295319b0ae5d9899,ca74b92087483a16a012c94b147c899e246570904c23a537cb8daeb2096ce52d,528.259552,1.036
b2446308f35282348f1c6388346d932f610301eaa65bd0c283d8fb949d15e7cc,d206b500d8a622c7c6e606402b6f218d95ee19d6805d57bd7d6698351eea831a,532.094162,26.765
64db848c9bc5db515c94ab30eee3c35decfe835ca8a6c40b0821fe30aaa04cdb,f219acf93580c06f4504a74e90b2f826094f3544ca2f60a49b929ab5d1f80d31,534.870136,3.084
aa09fd0de23af2f42704ea3f7a832860e356cb21fbe99fb4c513e0ac64da3ce9,a7220d0ede28b7b3aa0f0607ca44f14e871e76cab8c30bfd0134e64230326622,537.020056,0.028
e572651326f1337845b6b98e94175d4dc9ec1338a73d1ab7ac61170ccaf88297,518cd8f12974202d11b5a16a5437a6a560186fbe9584862c601084cbc18761c6,545.367111,0.142
739faf50968804bd83adaade1c616b404ad02f354b6bb167295319b0ae5d9899,ca74b92087483a16a012c94b147c899e246570904c23a537cb8daeb2096ce52d,547.373895,0.772
87b8ec9b41644a8b32cf64798ee6e0d8d7e5948575669ae9c5a8435a10813266,9d4311638952a6ecefb68603a4ade3f6aedf1ff5a2f359c67bbef939d6a2e6dc,548.893374,0.310
e572651326f1337845b6b98e94175d4dc9ec1338a73d1ab7ac61170ccaf88297,518cd8f12974202d11b5a16a5437a6a560186fbe9584862c601084cbc18761c6,549.288977,0.334
739faf50968804bd83adaade1c616b404ad02f354b6bb167295319b0ae5d9899,ca74b92087483a16a012c94b147c899e246570904c23a537cb8daeb2096ce52d,553.891174,0.718
739faf50968804bd83adaade1c616b404ad02f354b6bb167295319b0ae5d9899,ca74b92087483a16a012c94b147c899e246570904c23a537cb8daeb2096ce52d,554.126868,0.407
739faf50968804bd83adaade1c616b404ad02f354b6bb167295319b0ae5d9899,ca74b92087483a16a012c94b147c899e246570904c23a537cb8daeb2096ce52d,555.885308,0.723
739faf50968804bd83adaade1c616b404ad02f354b6bb167295319b0ae5d9899,ca74b92087483a16a012c94b147c899e246570904c23a537cb8daeb2096ce52d,557.002504,0.629
aa09fd0de23af2f42704ea3f7a832860e356cb21fbe99fb4c513e0ac64da3ce9,a7220d0ede28b7b3aa0f0607ca44f14e871e76cab8c30bfd0134e64230326622,557.069513,0.029
e572651326f1337845b6b98e94175d4dc9ec1338a73d1ab7ac61170ccaf88297,d92f8485c6246b3992a693f22bcc446a2f3d552d1b0cecc3fe637dec8f61e1ac,558.606152,44.015
a279432833a21dc66309e252ef3f48f1ddc9eb706839d037a00b3f9f545c5e2d,9bfe15fe1c84832456da5d671ec99cfd73e0514bf91abfae306da2457af04221,565.041933,3.368
739faf50968804bd83adaade1c616b404ad02f354b6bb167295319b0ae5d9899,ca74b92087483a16a012c94b147c899e246570904c23a537cb8daeb2096ce52d,566.902623,0.468
d9c9a39425c8044015e05eaf8330a6e48bad0e3edf1ec032098fb2c8b045c0b9,7fd157a7b694ec9235842e5191f04eb673f536c6f3bb37a9dc868eaeb977de9b,568.487568,0.377
e572651326f1337845b6b98e94175d4dc9ec1338a73d1ab7ac61170ccaf88297,d92f8485c6246b3992a693f22bcc446a2f3d552d1b0cecc3fe637dec8f61e1ac,587.090938,52.863
739faf50968804bd83adaade1c616b404ad02f354b6bb167295319b0ae5d9899,ca74b92087483a16a012c94b147c899e246570904c23a537cb8daeb2096ce52d,598.046909,1.392
739faf50968804bd83adaade1c616b404ad02f354b6bb167295319b0ae5d9899,ca74b92087483a16a012c94b147c899e246570904c23a537cb8daeb2096ce52d,609.249835,1.358
e572651326f1337845b6b98e94175d4dc9ec1338a73d1ab7ac61170ccaf88297,d92f8485c6246b3992a693f22bcc446a2f3d552d1b0cecc3fe637dec8f61e1ac,610.199635,110.449
739faf50968804bd83adaade1c616b404ad02f354b6bb167295319b0ae5d9899,ca74b92087483a16a012c94b147c899e246570904c23a537cb8daeb2096ce52d,614.096929,0.793
eddb92315799e0eaf5d18b84bc5948186fbc33c0190b04c815d75765a979435c,110010ce3452fe8d402b60888cc981d5c1f099fa94092e745a629835ecdb9f51,619.926358,0.053
e572651326f1337845b6b98e94175d4dc9ec1338a73d1ab7ac61170ccaf88297,d92f8485c6246b3992a693f22bcc446a2f3d552d1b0cecc3fe637dec8f61e1ac,631.226008,86.786
e572651326f1337845b6b98e94175d4dc9ec1338a73d1ab7ac61170ccaf88297,d92f8485c6246b3992a693f22bcc446a2f3d552d1b0cecc3fe637dec8f61e1ac,633.003635,24.179
7475824cc4748c3fc8576d1ba486950f36d81d9cb5336cc1da801ef313b516d8,eac0d7c37985ac4669b288f34505f79c6df5fc76371ca3b80b783133b39adfbd,634.074997,76.069
739faf50968804bd83adaade1c616b404ad02f354b6bb167295319b0ae5d9899,ca74b92087483a16a012c94b147c899e246570904c23a537cb8daeb2096ce52d,650.901272,1.823
e572651326f1337845b6b98e94175d4dc9ec1338a73d1ab7ac61170ccaf88297,d92f8485c6246b3992a693f22bcc446a2f3d552d1b0cecc3fe637dec8f61e1ac,652.537856,58.606
739faf50968804bd83adaade1c616b404ad02f354b6bb167295319b0ae5d9899,ca74b92087483a16a012c94b147c899e246570904c23a537cb8daeb2096ce52d,652.776757,0.755
739faf50968804bd83adaade1c616b404ad02f354b6bb167295319b0ae5d9899,ca74b92087483a16a012c94b147c899e246570904c23a537cb8daeb2096ce52d,653.944093,0.153
e572651326f1337845b6b98e94175d4dc9ec1338a73d1ab7ac61170ccaf88297,d92f8485c6246b3992a693f22bcc446a2f3d552d1b0cecc3fe637dec8f61e1ac,655.316768,27.097
a7cf2f4bb45576518350fb91bb84800146f1dc257896e3b46b901095987e2a1c,0e0238481987246e775d487dc915a41e718967ef61dc0c3dbf5c2983b02dea84,660.575162,79.930
739faf50968804bd83adaade1c616b404ad02f354b6bb167295319b0ae5d9899,ca74b92087483a16a012c94b147c899e246570904c23a537cb8daeb2096ce52d,663.862715,0.455
739faf50968804bd83adaade1c616b404ad02f354b6bb167295319b0ae5d9899,ca74b92087483a16a012c94b147c899e246570904c23a537cb8daeb2096ce52d,664.702596,1.095
87b8ec9b41644a8b32cf64798ee6e0d8d7e5948575669ae9c5a8435a10813266,b85146d6fb2fb1b37a7b668f36287a534543da7a2bc393eac28fd9e974908af0,668.577922,1.628
e572651326f1337845b6b98e94175d4dc9ec1338a73d1ab7ac61170ccaf88297,d92f8485c6246b3992a693f22bcc446a2f3d552d1b0cecc3fe637dec8f61e1ac,670.716224,142.874
87b8ec9b41644a8b32cf64798ee6e0d8d7e5948575669ae9c5a8435a10813266,9d4311638952a6ecefb68603a4ade3f6aedf1ff5a2f359c67bbef939d6a2e6dc,671.548700,0.371
aa09fd0de23af2f42704ea3f7a832860e356cb21fbe99fb4c513e0ac64da3ce9,a7220d0ede28b7b3aa0f0607ca44f14e871e76cab8c30bfd0134e64230326622,673.673847,0.037
cf54d1572c1d632986590f22a8313559a433bd667a10d3d3dae5912dcba6ea78,b259c1e9f9b5415e24c8b3e31485942012cde025f7115eb6c3b87d91de9ef892,677.433157,0.052
e572651326f1337845b6b98e94175d4dc9ec1338a73d1ab7ac61170ccaf88297,518cd8f12974202d11b5a16a5437a6a560186fbe9584862c601084cbc18761c6,689.967033,0.405
aa09fd0de23af2f42704ea3f7a832860e356cb21fbe99fb4c513e0ac64da3ce9,a7220d0ede28b7b3aa0f0607ca44f14e871e76cab8c30bfd0134e64230326622,691.314321,0.025
a12f22a3f771308d969fd56d18df65bf6960a4101a3daa4cef878997a2e1978b,5c9849d631846bbec88a0601bf6b0ba43d9e757dbe6f64ca8e4875ba49f7b794,692.516194,22.240
b2446308f35282348f1c6388346d932f610301eaa65bd0c283d8fb949d15e7cc,db87b76b1f5c22aeb78e8ddae62a3f5b78f28580d14b2d7f7f773702f2da3a3b,692.612824,0.048
d9c9a39425c8044015e05eaf8330a6e48bad0e3edf1ec032098fb2c8b045c0b9,7fd157a7b694ec9235842e5191f04eb673f536c6f3bb37a9dc868eaeb977de9b,698.605768,0.672
a12f22a3f771308d969fd56d18df65bf6960a4101a3daa4cef878997a2e1978b,664c8bd366fc401f874d793373a2aafc5a5a506e2e04d325d5d83557d6df7502,702.282938,0.054
739faf50968804bd83adaade1c616b404ad02f354b6bb167295319b0ae5d9899,ca74b92087483a16a012c94b147c899e246570904c23a537cb8daeb2096ce52d,721.716375,0.849
d9c9a39425c8044015e05eaf8330a6e48bad0e3edf1ec032098fb2c8b045c0b9,7fd157a7b694ec9235842e5191f04eb673f536c6f3bb37a9dc868eaeb977de9b,724.640212,1.216
739faf50968804bd83adaade1c616b404ad02f354b6bb167295319b0ae5d9899,ca74b92087483a16a012c94b147c899e246570904c23a537cb8daeb2096ce52d,728.124522,2.520
a279432833a21dc66309e252ef3f48f1ddc9eb706839d037a00b3f9f545c5e2d,96b2b81126ccc77b62f8e30b2d3ae9fd295c3bf035deab650d5cf4c57cf49796,734.984719,0.080
b2446308f35282348f1c6388346d932f610301eaa65bd0c283d8fb949d15e7cc,db87b76b1f5c22aeb78e8ddae62a3f5b78f28580d14b2d7f7f773702f2da3a3b,736.310479,0.025
87b8ec9b41644a8b32cf64798ee6e0d8d7e5948575669ae9c5a8435a10813266,9d4311638952a6ecefb68603a4ade3f6aedf1ff5a2f359c67bbef939d6a2e6dc,745.144817,0.203
739faf50968804bd83adaade1c616b404ad02f354b6bb167295319b0ae5d9899,ca74b92087483a16a012c94b147c899e246570904c23a537cb8daeb2096ce52d,745.209254,0.404
b2446308f35282348f1c6388346d932f610301eaa65bd0c283d8fb949d15e7cc,d206b500d8a622c7c6e606402b6f218d95ee19d6805d57bd7d6698351eea831a,747.041666,29.327
739faf50968804bd83adaade1c616b404ad02f354b6bb167295319b0ae5d9899,ca74b92087483a16a012c94b147c899e246570904c23a537cb8daeb2096ce52d,752.296808,2.487
739faf50968804bd83adaade1c616b404ad02f354b6bb167295319b0ae5d9899,ca74b92087483a16a012c94b147c899e246570904c23a537cb8daeb2096ce52d,752.507487,0.579
e572651326f1337845b6b98e94175d4dc9ec1338a73d1ab7ac61170ccaf88297,d92f8485c6246b3992a693f22bcc446a2f3d552d1b0cecc3fe637dec8f61e1ac,752.962275,78.583
87b8ec9b41644a8b32cf64798ee6e0d8d7e5948575669ae9c5a8435a10813266,13220cb8f5b7112c02f2481c968497db0f96a9b6d45bc7204086d9914d5596b5,756.695609,73.810
739faf50968804bd83adaade1c616b404ad02f354b6bb167295319b0ae5d9899,ca74b92087483a16a012c94b147c899e246570904c23a537cb8daeb2096ce52d,760.503543,0.842
739faf50968804bd83adaade1c616b404ad02f354b6bb167295319b0ae5d9899,ca74b92087483a16a012c94b147c899e246570904c23a537cb8daeb2096ce52d,772.043930,1.303
4bd219625127e9d2e12f7eb21015642ad64f42ea61a16f5577db0c2e7a54d4cf,1b9ff14203f132f3ca0342f8491d5b4e61000dbca9a88d6ef78132611cf99466,776.097458,6.586
739faf50968804bd83adaade1c616b404ad02f354b6bb167295319b0ae5d9899,ca74b92087483a16a012c94b147c899e246570904c23a537cb8daeb2096ce52d,784.761109,0.626
b34e792718773cd207a3d3bb54979d4952f301dd15d6f091f57008f075958309,2f796c78515eb95a2d835ebf50326db182a91dce43f6d21d5785e80565851355,786.576216,4.086
a279432833a21dc66309e252ef3f48f1ddc9eb706839d037a00b3f9f545c5e2d,96b2b81126ccc77b62f8e30b2d3ae9fd295c3bf035deab650d5cf4c57cf49796,793.576988,0.095
e572651326f1337845b6b98e94175d4dc9ec1338a73d1ab7ac61170ccaf88297,518cd8f12974202d11b5a16a5437a6a560186fbe9584862c601084cbc18761c6,795.015584,0.463
739faf50968804bd83adaade1c616b404ad02f354b6bb167295319b0ae5d9899,ca74b92087483a16a012c94b147c899e246570904c23a537cb8daeb2096ce52d,796.310627,0.356
739faf50968804bd83adaade1c616b404ad02f354b6bb167295319b0ae5d9899,ca74b92087483a16a012c94b147c899e246570904c23a537cb8daeb2096ce52d,799.113570,0.634
e572651326f1337845b6b98e94175d4dc9ec1338a73d1ab7ac61170ccaf88297,5d5cbd388a16ee5f19e2c8c5df4ac7a74ad36fdc9b8a8b0489074a41d61b6884,807.424812,11.915
739faf50968804bd83adaade1c616b404ad02f354b6bb167295319b0ae5d9899,ca74b92087483a16a012c94b147c899e246570904c23a537cb8daeb2096ce52d,809.404102,0.620
d9c9a39425c8044015e05eaf8330a6e48bad0e3edf1ec032098fb2c8b045c0b9,7fd157a7b694ec9235842e5191f04eb673f536c6f3bb37a9dc868eaeb977de9b,811.285398,0.373
99ae030b60cf247520cab75889c7e2f4c8be9422fce8cc2dc30c53820d8e487b,68b7a052a1a75027d0ba4031c39237121a4d32fa66b59c585684af85c61349ac,814.782169,0.156
e572651326f1337845b6b98e94175d4dc9ec1338a73d1ab7ac61170ccaf88297,5d5cbd388a16ee5f19e2c8c5df4ac7a74ad36fdc9b8a8b0489074a41d61b6884,815.082821,17.092
e572651326f1337845b6b98e94175d4dc9ec1338a73d1ab7ac61170ccaf88297,d92f8485c6246b3992a693f22bcc446a2f3d552d1b0cecc3fe637dec8f61e1ac,820.316997,82.476
739faf50968804bd83adaade1c616b404ad02f354b6bb167295319b0ae5d9899,ca74b92087483a16a012c94b147c899e246570904c23a537cb8daeb2096ce52d,827.235807,0.406
cf54d1572c1d632986590f22a8313559a433bd667a10d3d3dae5912dcba6ea78,b259c1e9f9b5415e24c8b3e31485942012cde025f7115eb6c3b87d91de9ef892,828.913492,0.098
e572651326f1337845b6b98e94175d4dc9ec1338a73d1ab7ac61170ccaf88297,5d5cbd388a16ee5f19e2c8c5df4ac7a74ad36fdc9b8a8b0489074a41d61b6884,831.698061,9.077
a12f22a3f771308d969fd56d18df65bf6960a4101a3daa4cef878997a2e1978b,664c8bd366fc401f874d793373a2aafc5a5a506e2e04d325d5d83557d6df7502,839.734805,0.039
a12f22a3f771308d969fd56d18df65bf6960a4101a3daa4cef878997a2e1978b,664c8bd366fc401f874d793373a2aafc5a5a506e2e04d325d5d83557d6df7502,839.886736,0.069
739faf50968804bd83adaade1c616b404ad02f354b6bb167295319b0ae5d9899,ca74b92087483a16a012c94b147c899e246570904c23a537cb8daeb2096ce52d,841.500937,1.397
739faf50968804bd83adaade1c616b404ad02f354b6bb167295319b0ae5d9899,ca74b92087483a16a012c94b147c899e246570904c23a537cb8daeb2096ce52d,842.858385,2.307
739faf50968804bd83adaade1c616b404ad02f354b6bb167295319b0ae5d9899,ca74b92087483a16a012c94b147c899e246570904c23a537cb8daeb2096ce52d,845.899165,0.523
e572651326f1337845b6b98e94175d4dc9ec1338a73d1ab7ac61170ccaf88297,d92f8485c6246b3992a693f22bcc446a2f3d552d1b0cecc3fe637dec8f61e1ac,851.555247,87.565
e572651326f1337845b6b98e94175d4dc9ec1338a73d1ab7ac61170ccaf88297,518cd8f12974202d11b5a16a5437a6a560186fbe9584862c601084cbc18761c6,852.408540,0.297
e572651326f1337845b6b98e94175d4dc9ec1338a73d1ab7ac61170ccaf88297,d92f8485c6246b3992a693f22bcc446a2f3d552d1b0cecc3fe637dec8f61e1ac,855.847406,99.757
aa09fd0de23af2f42704ea3f7a832860e356cb21fbe99fb4c513e0ac64da3ce9,a7220d0ede28b7b3aa0f0607ca44f14e871e76cab8c30bfd0134e64230326622,856.594058,0.024
739faf50968804bd83adaade1c616b404ad02f354b6bb167295319b0ae5d9899,ca74b92087483a16a012c94b147c899e246570904c23a537cb8daeb2096ce52d,860.409164,2.025
87b8ec9b41644a8b32cf64798ee6e0d8d7e5948575669ae9c5a8435a10813266,13220cb8f5b7112c02f2481c968497db0f96a9b6d45bc7204086d9914d5596b5,863.033012,90.675
64db848c9bc5db515c94ab30eee3c35decfe835ca8a6c40b0821fe30aaa04cdb,f219acf93580c06f4504a74e90b2f826094f3544ca2f60a49b929ab5d1f80d31,869.196219,3.610
d9c9a39425c8044015e05eaf8330a6e48bad0e3edf1ec032098fb2c8b045c0b9,7fd157a7b694ec9235842e5191f04eb673f536c6f3bb37a9dc868eaeb977de9b,873.447506,0.390
e572651326f1337845b6b98e94175d4dc9ec1338a73d1ab7ac61170ccaf88297,5d5cbd388a16ee5f19e2c8c5df4ac7a74ad36fdc9b8a8b0489074a41d61b6884,876.997844,18.207
87b8ec9b41644a8b32cf64798ee6e0d8d7e5948575669ae9c5a8435a10813266,b85146d6fb2fb1b37a7b668f36287a534543da7a2bc393eac28fd9e974908af0,879.875631,4.582
64db848c9bc5db515c94ab30eee3c35decfe835ca8a6c40b0821fe30aaa04cdb,f219acf93580c06f4504a74e90b2f826094f3544ca2f60a49b929ab5d1f80d31,881.460321,3.931
d9c9a39425c8044015e05eaf8330a6e48bad0e3edf1ec032098fb2c8b045c0b9,55b5c6b8e25e560a5244c522674fa8ad6f8dec1b83a702650726d57f2547c47c,890.846437,0.012
e572651326f1337845b6b98e94175d4dc9ec1338a73d1ab7ac61170ccaf88297,d92f8485c6246b3992a693f22bcc446a2f3d552d1b0cecc3fe637dec8f61e1ac,896.412635,64.474
eddb92315799e0eaf5d18b84bc5948186fbc33c0190b04c815d75765a979435c,110010ce3452fe8d402b60888cc981d5c1f099fa94092e745a629835ecdb9f51,897.050371,0.017
a7cf2f4bb45576518350fb91bb84800146f1dc257896e3b46b901095987e2a1c,6a144e613e2220f49247934c6e896484265f3763008c3235599da7133c320b63,903.445887,0.154
739faf50968804bd83adaade1c616b404ad02f354b6bb167295319b0ae5d9899,ca74b92087483a16a012c94b147c899e246570904c23a537cb8daeb2096ce52d,909.151042,0.998
739faf50968804bd83adaade1c616b404ad02f354b6bb167295319b0ae5d9899,ca74b92087483a16a012c94b147c899e246570904c23a537cb8daeb2096ce52d,911.050758,0.720
739faf50968804bd83adaade1c616b404ad02f354b6bb167295319b0ae5d9899,ca74b92087483a16a012c94b147c899e246570904c23a537cb8daeb2096ce52d,924.178663,0.423
e572651326f1337845b6b98e94175d4dc9ec1338a73d1ab7ac61170ccaf88297,d92f8485c6246b3992a693f22bcc446a2f3d552d1b0cecc3fe637dec8f61e1ac,943.339406,55.603
b34e792718773cd207a3d3bb54979d4952f301dd15d6f091f57008f075958309,2f796c78515eb95a2d835ebf50326db182a91dce43f6d21d5785e80565851355,945.134998,6.238
e572651326f1337845b6b98e94175d4dc9ec1338a73d1ab7ac61170ccaf88297,518cd8f12974202d11b5a16a5437a6a560186fbe9584862c601084cbc18761c6,947.872159,0.228
d9c9a39425c8044015e05eaf8330a6e48bad0e3edf1ec032098fb2c8b045c0b9,55b5c6b8e25e560a5244c522674fa8ad6f8dec1b83a702650726d57f2547c47c,948.083851,0.048
e572651326f1337845b6b98e94175d4dc9ec1338a73d1ab7ac61170ccaf88297,d92f8485c6246b3992a693f22bcc446a2f3d552d1b0cecc3fe637dec8f61e1ac,952.025781,68.709
739faf50968804bd83adaade1c616b404ad02f354b6bb167295319b0ae5d9899,ca74b92087483a16a012c94b147c899e246570904c23a537cb8daeb2096ce52d,952.263884,0.309
99ae030b60cf247520cab75889c7e2f4c8be9422fce8cc2dc30c53820d8e487b,68b7a052a1a75027d0ba4031c39237121a4d32fa66b59c585684af85c61349ac,954.656728,0.053
eddb92315799e0eaf5d18b84bc5948186fbc33c0190b04c815d75765a979435c,110010ce3452fe8d402b60888cc981d5c1f099fa94092e745a629835ecdb9f51,961.619160,0.020
e572651326f1337845b6b98e94175d4dc9ec1338a73d1ab7ac61170ccaf88297,518cd8f12974202d11b5a16a5437a6a560186fbe9584862c601084cbc18761c6,961.680999,0.148
e572651326f1337845b6b98e94175d4dc9ec1338a73d1ab7ac61170ccaf88297,518cd8f12974202d11b5a16a5437a6a560186fbe9584862c601084cbc18761c6,963.016924,0.283
e572651326f1337845b6b98e94175d4dc9ec1338a73d1ab7ac61170ccaf88297,518cd8f12974202d11b5a16a5437a6a560186fbe9584862c601084cbc18761c6,969.021194,0.339
d9c9a39425c8044015e05eaf8330a6e48bad0e3edf1ec032098fb2c8b045c0b9,55b5c6b8e25e560a5244c522674fa8ad6f8dec1b83a702650726d57f2547c47c,979.508028,0.085
e572651326f1337845b6b98e94175d4dc9ec1338a73d1ab7ac61170ccaf88297,518cd8f12974202d11b5a16a5437a6a560186fbe9584862c601084cbc18761c6,980.590559,0.208
739faf50968804bd83adaade1c616b404ad02f354b6bb167295319b0ae5d9899,ca74b92087483a16a012c94b147c899e246570904c23a537cb8daeb2096ce52d,984.818460,3.147
f7b8083a0342944f477b97a321506ae52fc6e2e76bf6042f2280c281f43ee10d,4b2c05f30bc5080fb3ff505c4051509a4406f733b9ccd3386fa0900f3ae0d9bf,985.702257,0.101
b2446308f35282348f1c6388346d932f610301eaa65bd0c283d8fb949d15e7cc,db87b76b1f5c22aeb78e8ddae62a3f5b78f28580d14b2d7f7f773702f2da3a3b,992.966095,0.043
4bd219625127e9d2e12f7eb21015642ad64f42ea61a16f5577db0c2e7a54d4cf,97c31670ec24a392969c8bc769ded28f0ea827f99e77c918ebe894b02f4511dd,994.347932,31.785
87b8ec9b41644a8b32cf64798ee6e0d8d7e5948575669ae9c5a8435a10813266,13220cb8f5b7112c02f2481c968497db0f96a9b6d45bc7204086d9914d5596b5,995.274191,63.927
cf54d1572c1d632986590f22a8313559a433bd667a10d3d3dae5912dcba6ea78,b259c1e9f9b5415e24c8b3e31485942012cde025f7115eb6c3b87d91de9ef892,995.887469,0.045
a7cf2f4bb45576518350fb91bb84800146f1dc257896e3b46b901095987e2a1c,6a144e613e2220f49247934c6e896484265f3763008c3235599da7133c320b63,998.455689,0.148
e572651326f1337845b6b98e94175d4dc9ec1338a73d1ab7ac61170ccaf88297,d92f8485c6246b3992a693f22bcc446a2f3d552d1b0cecc3fe637dec8f61e1ac,1006.137766,52.802
e572651326f1337845b6b98e94175d4dc9ec1338a73d1ab7ac61170ccaf88297,d92f8485c6246b3992a693f22bcc446a2f3d552d1b0cecc3fe637dec8f61e1ac,1008.240089,93.878
e572651326f1337845b6b98e94175d4dc9ec1338a73d1ab7ac61170ccaf88297,d92f8485c6246b3992a693f22bcc446a2f3d552d1b0cecc3fe637dec8f61e1ac,1009.090089,76.957
e572651326f1337845b6b98e94175d4dc9ec1338a73d1ab7ac61170ccaf88297,518cd8f12974202d11b5a16a5437a6a560186fbe9584862c601084cbc18761c6,1015.789334,0.534
f4930f068e300bc29cc1ba31414e01d1eaf55b1607c65985536c868ec9323990,f98b902a5d78635ca9426bf7b222c0f2e63e8316254891c86ab6c55292b5c8b2,1018.345905,0.233
739faf50968804bd83adaade1c616b404ad02f354b6bb167295319b0ae5d9899,ca74b92087483a16a012c94b147c899e246570904c23a537cb8daeb2096ce52d,1018.703759,0.552
99ae030b60cf247520cab75889c7e2f4c8be9422fce8cc2dc30c53820d8e487b,68b7a052a1a75027d0ba4031c39237121a4d32fa66b59c585684af85c61349ac,1022.756872,0.201
739faf50968804bd83adaade1c616b404ad02f354b6bb167295319b0ae5d9899,ca74b92087483a16a012c94b147c899e246570904c23a537cb8daeb2096ce52d,1025.632619,0.772
b34e792718773cd207a3d3bb54979d4952f301dd15d6f091f57008f075958309,2f796c78515eb95a2d835ebf50326db182a91dce43f6d21d5785e80565851355,1032.746629,5.300
739faf50968804bd83adaade1c616b404ad02f354b6bb167295319b0ae5d9899,ca74b92087483a16a012c94b147c899e246570904c23a537cb8daeb2096ce52d,1037.858311,1.697
b2446308f35282348f1c6388346d932f610301eaa65bd0c283d8fb949d15e7cc,d206b500d8a622c7c6e606402b6f218d95ee19d6805d57bd7d6698351eea831a,1038.365245,50.878
e572651326f1337845b6b98e94175d4dc9ec1338a73d1ab7ac61170ccaf88297,5d5cbd388a16ee5f19e2c8c5df4ac7a74ad36fdc9b8a8b0489074a41d61b6884,1050.067788,10.279
efcdd56913d0ce6927045a6f4e8bc025d4bc3a901c3f657e7c0c0d52a157e940,d3001621518a70a020141bf2f78060d34d8b1d6a417c7d5ad0650366921617ac,1065.537496,0.607
739faf50968804bd83adaade1c616b404ad02f354b6bb167295319b0ae5d9899,ca74b92087483a16a012c94b147c899e246570904c23a537cb8daeb2096ce52d,1066.904283,0.741
e572651326f1337845b6b98e94175d4dc9ec1338a73d1ab7ac61170ccaf88297,518cd8f12974202d11b5a16a5437a6a560186fbe9584862c601084cbc18761c6,1069.743508,0.238
739faf50968804bd83adaade1c616b404ad02f354b6bb167295319b0ae5d9899,ca74b92087483a16a012c94b147c899e246570904c23a537cb8daeb2096ce52d,1075.124279,0.168
739faf50968804bd83adaade1c616b404ad02f354b6bb167295319b0ae5d9899,ca74b92087483a16a012c94b147c899e246570904c23a537cb8daeb2096ce52d,1075.353946,0.852
b2446308f35282348f1c6388346d932f610301eaa65bd0c283d8fb949d15e7cc,db87b76b1f5c22aeb78e8ddae62a3f5b78f28580d14b2d7f7f773702f2da3a3b,1079.910891,0.125
e572651326f1337845b6b98e94175d4dc9ec1338a73d1ab7ac61170ccaf88297,5d5cbd388a16ee5f19e2c8c5df4ac7a74ad36fdc9b8a8b0489074a41d61b6884,1086.852796,21.495
e572651326f1337845b6b98e94175d4dc9ec1338a73d1ab7ac61170ccaf88297,518cd8f12974202d11b5a16a5437a6a560186fbe9584862c601084cbc18761c6,1090.844389,0.461
739faf50968804bd83adaade1c616b404ad02f354b6bb167295319b0ae5d9899,ca74b92087483a16a012c94b147c899e246570904c23a537cb8daeb2096ce52d,1091.033369,0.498
d9c9a39425c8044015e05eaf8330a6e48bad0e3edf1ec032098fb2c8b045c0b9,55b5c6b8e25e560a5244c522674fa8ad6f8dec1b83a702650726d57f2547c47c,1093.148354,0.055
aa09fd0de23af2f42704ea3f7a832860e356cb21fbe99fb4c513e0ac64da3ce9,a7220d0ede28b7b3aa0f0607ca44f14e871e76cab8c30bfd0134e64230326622,1102.380485,0.049
a279432833a21dc66309e252ef3f48f1ddc9eb706839d037a00b3f9f545c5e2d,7f0b52256911bed19622812b8483c07daf2e9103a269f567068ed939e33a2785,1103.966364,0.289
739faf50968804bd83adaade1c616b404ad02f354b6bb167295319b0ae5d9899,ca74b92087483a16a012c94b147c899e246570904c23a537cb8daeb2096ce52d,1104.955050,1.049
e572651326f1337845b6b98e94175d4dc9ec1338a73d1ab7ac61170ccaf88297,d92f8485c6246b3992a693f22bcc446a2f3d552d1b0cecc3fe637dec8f61e1ac,1108.690580,37.382
aa09fd0de23af2f42704ea3f7a832860e356cb21fbe99fb4c513e0ac64da3ce9,a7220d0ede28b7b3aa0f0607ca44f14e871e76cab8c30bfd0134e64230326622,1110.557505,0.068
739faf50968804bd83adaade1c616b404ad02f354b6bb167295319b0ae5d9899,ca74b92087483a16a012c94b147c899e246570904c23a537cb8daeb2096ce52d,1111.034314,0.733
eddb92315799e0eaf5d18b84bc5948186fbc33c0190b04c815d75765a979435c,9ecd2766ee6bd299d23bbc00b9a905d490ebeb2e675d857ef4f1bd4d5877c065,1121.315652,11.015
efcdd56913d0ce6927045a6f4e8bc025d4bc3a901c3f657e7c0c0d52a157e940,d3001621518a70a020141bf2f78060d34d8b1d6a417c7d5ad0650366921617ac,1122.059674,0.227
e572651326f1337845b6b98e94175d4dc9ec1338a73d1ab7ac61170ccaf88297,5d5cbd388a16ee5f19e2c8c5df4ac7a74ad36fdc9b8a8b0489074a41d61b6884,1124.393385,7.806
739faf50968804bd83adaade1c616b404ad02f354b6bb167295319b0ae5d9899,ca74b92087483a16a012c94b147c899e246570904c23a537cb8daeb2096ce52d,1125.007365,1.025
739faf50968804bd83adaade1c616b404ad02f354b6bb167295319b0ae5d9899,ca74b92087483a16a012c94b147c899e246570904c23a537cb8daeb2096ce52d,1131.834204,0.586
e572651326f1337845b6b98e94175d4dc9ec1338a73d1ab7ac61170ccaf88297,5d5cbd388a16ee5f19e2c8c5df4ac7a74ad36fdc9b8a8b0489074a41d61b6884,1138.416939,5.713
e572651326f1337845b6b98e94175d4dc9ec1338a73d1ab7ac61170ccaf88297,518cd8f12974202d11b5a16a5437a6a560186fbe9584862c601084cbc18761c6,1138.515161,0.078
739faf50968804bd83adaade1c616b404ad02f354b6bb167295319b0ae5d9899,ca74b92087483a16a012c94b147c899e246570904c23a537cb8daeb2096ce52d,1145.688527,0.518
739faf50968804bd83adaade1c616b404ad02f354b6bb167295319b0ae5d9899,ca74b92087483a16a012c94b147c899e246570904c23a537cb8daeb2096ce52d,1148.740646,0.319
e572651326f1337845b6b98e94175d4dc9ec1338a73d1ab7ac61170ccaf88297,518cd8f12974202d11b5a16a5437a6a560186fbe9584862c601084cbc18761c6,1150.493162,0.220
739faf50968804bd83adaade1c616b404ad02f354b6bb167295319b0ae5d9899,ca74b92087483a16a012c94b147c899e246570904c23a537cb8daeb2096ce52d,1150.526933,0.996
aa09fd0de23af2f42704ea3f7a832860e356cb21fbe99fb4c513e0ac64da3ce9,a7220d0ede28b7b3aa0f0607ca44f14e871e76cab8c30bfd0134e64230326622,1177.800079,0.043
739faf50968804bd83adaade1c616b404ad02f354b6bb167295319b0ae5d9899,ca74b92087483a16a012c94b147c899e246570904c23a537cb8daeb2096ce52d,1183.026034,1.463
739faf50968804bd83adaade1c616b404ad02f354b6bb167295319b0ae5d9899,ca74b92087483a16a012c94b147c899e246570904c23a537cb8daeb2096ce52d,1189.521492,2.466
739faf50968804bd83adaade1c616b404ad02f354b6bb167295319b0ae5d9899,ca74b92087483a16a012c94b147c899e246570904c23a537cb8daeb2096ce52d,1191.569792,0.399
87b8ec9b41644a8b32cf64798ee6e0d8d7e5948575669ae9c5a8435a10813266,13220cb8f5b7112c02f2481c968497db0f96a9b6d45bc7204086d9914d5596b5,1198.397883,49.164
a12f22a3f771308d969fd56d18df65bf6960a4101a3daa4cef878997a2e1978b,664c8bd366fc401f874d793373a2aafc5a5a506e2e04d325d5d83557d6df7502,1202.119045,0.050
e572651326f1337845b6b98e94175d4dc9ec1338a73d1ab7ac61170ccaf88297,d92f8485c6246b3992a693f22bcc446a2f3d552d1b0cecc3fe637dec8f61e1ac,1203.007712,38.337
4bd219625127e9d2e12f7eb21015642ad64f42ea61a16f5577db0c2e7a54d4cf,97c31670ec24a392969c8bc769ded28f0ea827f99e77c918ebe894b02f4511dd,1204.575852,22.340
e572651326f1337845b6b98e94175d4dc9ec1338a73d1ab7ac61170ccaf88297,d92f8485c6246b3992a693f22bcc446a2f3d552d1b0cecc3fe637dec8f61e1ac,1206.489291,32.334
739faf50968804bd83adaade1c616b404ad02f354b6bb167295319b0ae5d9899,ca74b92087483a16a012c94b147c899e246570904c23a537cb8daeb2096ce52d,1208.305857,0.434
e572651326f1337845b6b98e94175d4dc9ec1338a73d1ab7ac61170ccaf88297,5d5cbd388a16ee5f19e2c8c5df4ac7a74ad36fdc9b8a8b0489074a41d61b6884,1214.718450,16.242
739faf50968804bd83adaade1c616b404ad02f354b6bb167295319b0ae5d9899,ca74b92087483a16a012c94b147c899e246570904c23a537cb8daeb2096ce52d,1215.805015,1.354
e572651326f1337845b6b98e94175d4dc9ec1338a73d1ab7ac61170ccaf88297,d92f8485c6246b3992a693f22bcc446a2f3d552d1b0cecc3fe637dec8f61e1ac,1221.754609,29.793
87b8ec9b41644a8b32cf64798ee6e0d8d7e5948575669ae9c5a8435a10813266,9d4311638952a6ecefb68603a4ade3f6aedf1ff5a2f359c67bbef939d6a2e6dc,1226.948945,0.066
e572651326f1337845b6b98e94175d4dc9ec1338a73d1ab7ac61170ccaf88297,d92f8485c6246b3992a693f22bcc446a2f3d552d1b0cecc3fe637dec8f61e1ac,1229.941314,27.436
e572651326f1337845b6b98e94175d4dc9ec1338a73d1ab7ac61170ccaf88297,518cd8f12974202d11b5a16a5437a6a560186fbe9584862c601084cbc18761c6,1234.341317,0.129
e572651326f1337845b6b98e94175d4dc9ec1338a73d1ab7ac61170ccaf88297,518cd8f12974202d11b5a16a5437a6a560186fbe9584862c601084cbc18761c6,1237.221139,0.465
d9c9a39425c8044015e05eaf8330a6e48bad0e3edf1ec032098fb2c8b045c0b9,55b5c6b8e25e560a5244c522674fa8ad6f8dec1b83a702650726d57f2547c47c,1241.390645,0.018
739faf50968804bd83adaade1c616b404ad02f354b6bb167295319b0ae5d9899,ca74b92087483a16a012c94b147c899e246570904c23a537cb8daeb2096ce52d,1243.367359,0.995
b34e792718773cd207a3d3bb54979d4952f301dd15d6f091f57008f075958309,2f796c78515eb95a2d835ebf50326db182a91dce43f6d21d5785e80565851355,1247.060548,4.524
739faf50968804bd83adaade1c616b404ad02f354b6bb167295319b0ae5d9899,ca74b92087483a16a012c94b147c899e246570904c23a537cb8daeb2096ce52d,1249.004182,2.076
a279432833a21dc66309e252ef3f48f1ddc9eb706839d037a00b3f9f545c5e2d,7f0b52256911bed19622812b8483c07daf2e9103a269f567068ed939e33a2785,1264.334345,1.648
e572651326f1337845b6b98e94175d4dc9ec1338a73d1ab7ac61170ccaf88297,d92f8485c6246b3992a693f22bcc446a2f3d552d1b0cecc3fe637dec8f61e1ac,1269.583782,78.791
e572651326f1337845b6b98e94175d4dc9ec1338a73d1ab7ac61170ccaf88297,d92f8485c6246b3992a693f22bcc446a2f3d552d1b0cecc3fe637dec8f61e1ac,1270.647237,91.160
87b8ec9b41644a8b32cf64798ee6e0d8d7e5948575669ae9c5a8435a10813266,13220cb8f5b7112c02f2481c968497db0f96a9b6d45bc7204086d9914d5596b5,1271.552302,89.350
739faf50968804bd83adaade1c616b404ad02f354b6bb167295319b0ae5d9899,ca74b92087483a16a012c94b147c899e246570904c23a537cb8daeb2096ce52d,1288.722449,0.922
e572651326f1337845b6b98e94175d4dc9ec1338a73d1ab7ac61170ccaf88297,518cd8f12974202d11b5a16a5437a6a560186fbe9584862c601084cbc18761c6,1289.930848,0.114
a279432833a21dc66309e252ef3f48f1ddc9eb706839d037a00b3f9f545c5e2d,7f0b52256911bed19622812b8483c07daf2e9103a269f567068ed939e33a2785,1296.473779,1.975
aa09fd0de23af2f42704ea3f7a832860e356cb21fbe99fb4c513e0ac64da3ce9,a7220d0ede28b7b3aa0f0607ca44f14e871e76cab8c30bfd0134e64230326622,1297.838590,0.048
e572651326f1337845b6b98e94175d4dc9ec1338a73d1ab7ac61170ccaf88297,518cd8f12974202d11b5a16a5437a6a560186fbe9584862c601084cbc18761c6,1298.844373,0.604
4bd219625127e9d2e12f7eb21015642ad64f42ea61a16f5577db0c2e7a54d4cf,1b9ff14203f132f3ca0342f8491d5b4e61000dbca9a88d6ef78132611cf99466,1299.288171,3.040
aa09fd0de23af2f42704ea3f7a832860e356cb21fbe99fb4c513e0ac64da3ce9,a7220d0ede28b7b3aa0f0607ca44f14e871e76cab8c30bfd0134e64230326622,1300.534420,0.032
739faf50968804bd83adaade1c616b404ad02f354b6bb167295319b0ae5d9899,ca74b92087483a16a012c94b147c899e246570904c23a537cb8daeb2096ce52d,1300.959446,0.829
739faf50968804bd83adaade1c616b404ad02f354b6bb167295319b0ae5d9899,ca74b92087483a16a012c94b147c899e246570904c23a537cb8daeb2096ce52d,1302.220772,0.469
e572651326f1337845b6b98e94175d4dc9ec1338a73d1ab7ac61170ccaf88297,5d5cbd388a16ee5f19e2c8c5df4ac7a74ad36fdc9b8a8b0489074a41d61b6884,1308.489765,17.117
739faf50968804bd83adaade1c616b404ad02f354b6bb167295319b0ae5d9899,ca74b92087483a16a012c94b147c899e246570904c23a537cb8daeb2096ce52d,1310.190617,1.063
e572651326f1337845b6b98e94175d4dc9ec1338a73d1ab7ac61170ccaf88297,d92f8485c6246b3992a693f22bcc446a2f3d552d1b0cecc3fe637dec8f61e1ac,1319.918050,52.530
739faf50968804bd83adaade1c616b404ad02f354b6bb167295319b0ae5d9899,ca74b92087483a16a012c94b147c899e246570904c23a537cb8daeb2096ce52d,1321.131129,1.158
e572651326f1337845b6b98e94175d4dc9ec1338a73d1ab7ac61170ccaf88297,d92f8485c6246b3992a693f22bcc446a2f3d552d1b0cecc3fe637dec8f61e1ac,1322.964826,38.230
a7cf2f4bb45576518350fb91bb84800146f1dc257896e3b46b901095987e2a1c,6a144e613e2220f49247934c6e896484265f3763008c3235599da7133c320b63,1324.905797,0.429
e572651326f1337845b6b98e94175d4dc9ec1338a73d1ab7ac61170ccaf88297,d92f8485c6246b3992a693f22bcc446a2f3d552d1b0cecc3fe637dec8f61e1ac,1326.519739,100.759
739faf50968804bd83adaade1c616b404ad02f354b6bb167295319b0ae5d9899,ca74b92087483a16a012c94b147c899e246570904c23a537cb8daeb2096ce52d,1328.343506,0.479
e572651326f1337845b6b98e94175d4dc9ec1338a73d1ab7ac61170ccaf88297,518cd8f12974202d11b5a16a5437a6a560186fbe9584862c601084cbc18761c6,1328.555988,0.222
739faf50968804bd83adaade1c616b404ad02f354b6bb167295319b0ae5d9899,ca74b92087483a16a012c94b147c899e246570904c23a537cb8daeb2096ce52d,1328.559078,5.555
aa09fd0de23af2f42704ea3f7a832860e356cb21fbe99fb4c513e0ac64da3ce9,a7220d0ede28b7b3aa0f0607ca44f14e871e76cab8c30bfd0134e64230326622,1332.282769,0.078
b2446308f35282348f1c6388346d932f610301eaa65bd0c283d8fb949d15e7cc,d206b500d8a622c7c6e606402b6f218d95ee19d6805d57bd7d6698351eea831a,1333.743797,94.848
739faf50968804bd83adaade1c616b404ad02f354b6bb167295319b0ae5d9899,ca74b92087483a16a012c94b147c899e246570904c23a537cb8daeb2096ce52d,1339.218667,0.383
739faf50968804bd83adaade1c616b404ad02f354b6bb167295319b0ae5d9899,ca74b92087483a16a012c94b147c899e246570904c23a537cb8daeb2096ce52d,1343.171362,0.963
739faf50968804bd83adaade1c616b404ad02f354b6bb167295319b0ae5d9899,ca74b92087483a16a012c94b147c899e246570904c23a537cb8daeb2096ce52d,1344.421537,1.385
a12f22a3f771308d969fd56d18df65bf6960a4101a3daa4cef878997a2e1978b,5c9849d631846bbec88a0601bf6b0ba43d9e757dbe6f64ca8e4875ba49f7b794,1345.728536,18.715
cf54d1572c1d632986590f22a8313559a433bd667a10d3d3dae5912dcba6ea78,b259c1e9f9b5415e24c8b3e31485942012cde025f7115eb6c3b87d91de9ef892,1346.189271,0.042
e572651326f1337845b6b98e94175d4dc9ec1338a73d1ab7ac61170ccaf88297,518cd8f12974202d11b5a16a5437a6a560186fbe9584862c601084cbc18761c6,1352.999522,0.282
739faf50968804bd83adaade1c616b404ad02f354b6bb167295319b0ae5d9899,ca74b92087483a16a012c94b147c899e246570904c23a537cb8daeb2096ce52d,1360.208807,0.879
739faf50968804bd83adaade1c616b404ad02f354b6bb167295319b0ae5d9899,ca74b92087483a16a012c94b147c899e246570904c23a537cb8daeb2096ce52d,1372.521725,1.689
e572651326f1337845b6b98e94175d4dc9ec1338a73d1ab7ac61170ccaf88297,5d5cbd388a16ee5f19e2c8c5df4ac7a74ad36fdc9b8a8b0489074a41d61b6884,1387.043476,30.084
aa09fd0de23af2f42704ea3f7a832860e356cb21fbe99fb4c513e0ac64da3ce9,a7220d0ede28b7b3aa0f0607ca44f14e871e76cab8c30bfd0134e64230326622,1388.704203,0.053
739faf50968804bd83adaade1c616b404ad02f354b6bb167295319b0ae5d9899,ca74b92087483a16a012c94b147c899e246570904c23a537cb8daeb2096ce52d,1392.756115,0.798
a7cf2f4bb45576518350fb91bb84800146f1dc257896e3b46b901095987e2a1c,6a144e613e2220f49247934c6e896484265f3763008c3235599da7133c320b63,1395.294820,0.150
d9c9a39425c8044015e05eaf8330a6e48bad0e3edf1ec032098fb2c8b045c0b9,7fd157a7b694ec9235842e5191f04eb673f536c6f3bb37a9dc868eaeb977de9b,1399.890488,0.769
efcdd56913d0ce6927045a6f4e8bc025d4bc3a901c3f657e7c0c0d52a157e940,d3001621518a70a020141bf2f78060d34d8b1d6a417c7d5ad0650366921617ac,1402.875138,0.250
739faf50968804bd83adaade1c616b404ad02f354b6bb167295319b0ae5d9899,ca74b92087483a16a012c94b147c899e246570904c23a537cb8daeb2096ce52d,1405.859957,0.804
739faf50968804bd83adaade1c616b404ad02f354b6bb167295319b0ae5d9899,ca74b92087483a16a012c94b147c899e246570904c23a537cb8daeb2096ce52d,1411.411916,1.103
e572651326f1337845b6b98e94175d4dc9ec1338a73d1ab7ac61170ccaf88297,d92f8485c6246b3992a693f22bcc446a2f3d552d1b0cecc3fe637dec8f61e1ac,1423.313181,68.668
cf54d1572c1d632986590f22a8313559a433bd667a10d3d3dae5912dcba6ea78,b259c1e9f9b5415e24c8b3e31485942012cde025f7115eb6c3b87d91de9ef892,1427.112287,0.023
b34e792718773cd207a3d3bb54979d4952f301dd15d6f091f57008f075958309,541379714c2250706dfd8b76765ae74953f871377238b361a8666f510afeba58,1429.925766,64.174
b2446308f35282348f1c6388346d932f610301eaa65bd0c283d8fb949d15e7cc,db87b76b1f5c22aeb78e8ddae62a3f5b78f28580d14b2d7f7f773702f2da3a3b,1430.241820,0.028
a7cf2f4bb45576518350fb91bb84800146f1dc257896e3b46b901095987e2a1c,6a144e613e2220f49247934c6e896484265f3763008c3235599da7133c320b63,1432.971727,0.207
e572651326f1337845b6b98e94175d4dc9ec1338a73d1ab7ac61170ccaf88297,5d5cbd388a16ee5f19e2c8c5df4ac7a74ad36fdc9b8a8b0489074a41d61b6884,1442.527520,19.460
739faf50968804bd83adaade1c616b404ad02f354b6bb167295319b0ae5d9899,ca74b92087483a16a012c94b147c899e246570904c23a537cb8daeb2096ce52d,1448.028625,0.238
739faf50968804bd83adaade1c616b404ad02f354b6bb167295319b0ae5d9899,ca74b92087483a16a012c94b147c899e246570904c23a537cb8daeb2096ce52d,1450.854917,0.700
e572651326f1337845b6b98e94175d4dc9ec1338a73d1ab7ac61170ccaf88297,d92f8485c6246b3992a693f22bcc446a2f3d552d1b0cecc3fe637dec8f61e1ac,1452.787448,22.331
e572651326f1337845b6b98e94175d4dc9ec1338a73d1ab7ac61170ccaf88297,518cd8f12974202d11b5a16a5437a6a560186fbe9584862c601084cbc18761c6,1453.060486,0.405
e572651326f1337845b6b98e94175d4dc9ec1338a73d1ab7ac61170ccaf88297,d92f8485c6246b3992a693f22bcc446a2f3d552d1b0cecc3fe637dec8f61e1ac,1453.348334,51.890
f7b8083a0342944f477b97a321506ae52fc6e2e76bf6042f2280c281f43ee10d,d414dfb669aa29482336ef26db33feead9a3bd71190ba5d44412a9f8bedf26de,1456.018306,34.209
a12f22a3f771308d969fd56d18df65bf6960a4101a3daa4cef878997a2e1978b,5c9849d631846bbec88a0601bf6b0ba43d9e757dbe6f64ca8e4875ba49f7b794,1459.321135,33.368
d9c9a39425c8044015e05eaf8330a6e48bad0e3edf1ec032098fb2c8b045c0b9,7fd157a7b694ec9235842e5191f04eb673f536c6f3bb37a9dc868eaeb977de9b,1459.338598,1.099
739faf50968804bd83adaade1c616b404ad02f354b6bb167295319b0ae5d9899,ca74b92087483a16a012c94b147c899e246570904c23a537cb8daeb2096ce52d,1466.653886,0.436
a12f22a3f771308d969fd56d18df65bf6960a4101a3daa4cef878997a2e1978b,5c9849d631846bbec88a0601bf6b0ba43d9e757dbe6f64ca8e4875ba49f7b794,1468.180098,16.273
739faf50968804bd83adaade1c616b404ad02f354b6bb167295319b0ae5d9899,ca74b92087483a16a012c94b147c899e246570904c23a537cb8daeb2096ce52d,1473.862103,1.539
739faf50968804bd83adaade1c616b404ad02f354b6bb167295319b0ae5d9899,ca74b92087483a16a012c94b147c899e246570904c23a537cb8daeb2096ce52d,1474.707581,0.296
e572651326f1337845b6b98e94175d4dc9ec1338a73d1ab7ac61170ccaf88297,d92f8485c6246b3992a693f22bcc446a2f3d552d1b0cecc3fe637dec8f61e1ac,1474.727101,28.345
739faf50968804bd83adaade1c616b404ad02f354b6bb167295319b0ae5d9899,ca74b92087483a16a012c94b147c899e246570904c23a537cb8daeb2096ce52d,1475.796091,0.389
d9c9a39425c8044015e05eaf8330a6e48bad0e3edf1ec032098fb2c8b045c0b9,7fd157a7b694ec9235842e5191f04eb673f536c6f3bb37a9dc868eaeb977de9b,1475.987206,2.467
739faf50968804bd83adaade1c616b404ad02f354b6bb167295319b0ae5d9899,ca74b92087483a16a012c94b147c899e246570904c23a537cb8daeb2096ce52d,1476.845369,0.327
e572651326f1337845b6b98e94175d4dc9ec1338a73d1ab7ac61170ccaf88297,518cd8f12974202d11b5a16a5437a6a560186fbe9584862c601084cbc18761c6,1477.351428,0.299
b34e792718773cd207a3d3bb54979d4952f301dd15d6f091f57008f075958309,2f796c78515eb95a2d835ebf50326db182a91dce43f6d21d5785e80565851355,1479.047540,7.014
87b8ec9b41644a8b32cf64798ee6e0d8d7e5948575669ae9c5a8435a10813266,13220cb8f5b7112c02f2481c968497db0f96a9b6d45bc7204086d9914d5596b5,1482.976403,131.249
e572651326f1337845b6b98e94175d4dc9ec1338a73d1ab7ac61170ccaf88297,d92f8485c6246b3992a693f22bcc446a2f3d552d1b0cecc3fe637dec8f61e1ac,1487.354129,106.200
739faf50968804bd83adaade1c616b404ad02f354b6bb167295319b0ae5d9899,ca74b92087483a16a012c94b147c899e246570904c23a537cb8daeb2096ce52d,1489.055613,0.698
739faf50968804bd83adaade1c616b404ad02f354b6bb167295319b0ae5d9899,ca74b92087483a16a012c94b147c899e246570904c23a537cb8daeb2096ce52d,1494.066257,1.121
739faf50968804bd83adaade1c616b404ad02f354b6bb167295319b0ae5d9899,ca74b92087483a16a012c94b147c899e246570904c23a537cb8daeb2096ce52d,1494.414004,1.347
739faf50968804bd83adaade1c616b404ad02f354b6bb167295319b0ae5d9899,ca74b92087483a16a012c94b147c899e246570904c23a537cb8daeb2096ce52d,1501.952990,0.250
aa09fd0de23af2f42704ea3f7a832860e356cb21fbe99fb4c513e0ac64da3ce9,a7220d0ede28b7b3aa0f0607ca44f14e871e76cab8c30bfd0134e64230326622,1505.879974,0.024
a12f22a3f771308d969fd56d18df65bf6960a4101a3daa4cef878997a2e1978b,5c9849d631846bbec88a0601bf6b0ba43d9e757dbe6f64ca8e4875ba49f7b794,1506.402742,13.734
b34e792718773cd207a3d3bb54979d4952f301dd15d6f091f57008f075958309,541379714c2250706dfd8b76765ae74953f871377238b361a8666f510afeba58,1508.742827,106.309
b2446308f35282348f1c6388346d932f610301eaa65bd0c283d8fb949d15e7cc,d206b500d8a622c7c6e606402b6f218d95ee19d6805d57bd7d6698351eea831a,1510.549649,86.911
e572651326f1337845b6b98e94175d4dc9ec1338a73d1ab7ac61170ccaf88297,518cd8f12974202d11b5a16a5437a6a560186fbe9584862c601084cbc18761c6,1513.535126,0.599
e572651326f1337845b6b98e94175d4dc9ec1338a73d1ab7ac61170ccaf88297,518cd8f12974202d11b5a16a5437a6a560186fbe9584862c601084cbc18761c6,1518.716918,0.131
739faf50968804bd83adaade1c616b404ad02f354b6bb167295319b0ae5d9899,ca74b92087483a16a012c94b147c899e246570904c23a537cb8daeb2096ce52d,1525.666722,0.812
e572651326f1337845b6b98e94175d4dc9ec1338a73d1ab7ac61170ccaf88297,518cd8f12974202d11b5a16a5437a6a560186fbe9584862c601084cbc18761c6,1528.526584,0.213
e572651326f1337845b6b98e94175d4dc9ec1338a73d1ab7ac61170ccaf88297,5d5cbd388a16ee5f19e2c8c5df4ac7a74ad36fdc9b8a8b0489074a41d61b6884,1529.130894,14.499
cf54d1572c1d632986590f22a8313559a433bd667a10d3d3dae5912dcba6ea78,b259c1e9f9b5415e24c8b3e31485942012cde025f7115eb6c3b87d91de9ef892,1531.808607,0.015
739faf50968804bd83adaade1c616b404ad02f354b6bb167295319b0ae5d9899,ca74b92087483a16a012c94b147c899e246570904c23a537cb8daeb2096ce52d,1534.552764,1.010
e572651326f1337845b6b98e94175d4dc9ec1338a73d1ab7ac61170ccaf88297,518cd8f12974202d11b5a16a5437a6a560186fbe9584862c601084cbc18761c6,1543.009867,0.167
739faf50968804bd83adaade1c616b404ad02f354b6bb167295319b0ae5d9899,ca74b92087483a16a012c94b147c899e246570904c23a537cb8daeb2096ce52d,1546.392515,0.883
739faf50968804bd83adaade1c616b404ad02f354b6bb167295319b0ae5d9899,ca74b92087483a16a012c94b147c899e246570904c23a537cb8daeb2096ce52d,1558.482482,1.700
e572651326f1337845b6b98e94175d4dc9ec1338a73d1ab7ac61170ccaf88297,5d5cbd388a16ee5f19e2c8c5df4ac7a74ad36fdc9b8a8b0489074a41d61b6884,1565.023198,29.891
e572651326f1337845b6b98e94175d4dc9ec1338a73d1ab7ac61170ccaf88297,518cd8f12974202d11b5a16a5437a6a560186fbe9584862c601084cbc18761c6,1570.794582,0.320
739faf50968804bd83adaade1c616b404ad02f354b6bb167295319b0ae5d9899,ca74b92087483a16a012c94b147c899e246570904c23a537cb8daeb2096ce52d,1574.927263,2.200
87b8ec9b41644a8b32cf64798ee6e0d8d7e5948575669ae9c5a8435a10813266,9d4311638952a6ecefb68603a4ade3f6aedf1ff5a2f359c67bbef939d6a2e6dc,1575.818672,0.052
739faf50968804bd83adaade1c616b404ad02f354b6bb167295319b0ae5d9899,ca74b92087483a16a012c94b147c899e246570904c23a537cb8daeb2096ce52d,1581.972643,0.407
739faf50968804bd83adaade1c616b404ad02f354b6bb167295319b0ae5d9899,ca74b92087483a16a012c94b147c899e246570904c23a537cb8daeb2096ce52d,1583.027306,0.847
b34e792718773cd207a3d3bb54979d4952f301dd15d6f091f57008f075958309,2f796c78515eb95a2d835ebf50326db182a91dce43f6d21d5785e80565851355,1586.443235,1.214
87b8ec9b41644a8b32cf64798ee6e0d8d7e5948575669ae9c5a8435a10813266,13220cb8f5b7112c02f2481c968497db0f96a9b6d45bc7204086d9914d5596b5,1592.623618,131.627
e572651326f1337845b6b98e94175d4dc9ec1338a73d1ab7ac61170ccaf88297,d92f8485c6246b3992a693f22bcc446a2f3d552d1b0cecc3fe637dec8f61e1ac,1612.864013,50.495
739faf50968804bd83adaade1c616b404ad02f354b6bb167295319b0ae5d9899,ca74b92087483a16a012c94b147c899e246570904c23a537cb8daeb2096ce52d,1613.380713,0.829
d9c9a39425c8044015e05eaf8330a6e48bad0e3edf1ec032098fb2c8b045c0b9,7fd157a7b694ec9235842e5191f04eb673f536c6f3bb37a9dc868eaeb977de9b,1613.424818,0.407
e572651326f1337845b6b98e94175d4dc9ec1338a73d1ab7ac61170ccaf88297,518cd8f12974202d11b5a16a5437a6a560186fbe9584862c601084cbc18761c6,1617.285500,0.379
739faf50968804bd83adaade1c616b404ad02f354b6bb167295319b0ae5d9899,ca74b92087483a16a012c94b147c899e246570904c23a537cb8daeb2096ce52d,1618.629673,2.115
d9c9a39425c8044015e05eaf8330a6e48bad0e3edf1ec032098fb2c8b045c0b9,7fd157a7b694ec9235842e5191f04eb673f536c6f3bb37a9dc868eaeb977de9b,1618.762764,0.616
f7b8083a0342944f477b97a321506ae52fc6e2e76bf6042f2280c281f43ee10d,d414dfb669aa29482336ef26db33feead9a3bd71190ba5d44412a9f8bedf26de,1622.891508,20.052
e572651326f1337845b6b98e94175d4dc9ec1338a73d1ab7ac61170ccaf88297,d92f8485c6246b3992a693f22bcc446a2f3d552d1b0cecc3fe637dec8f61e1ac,1624.263951,227.045
e572651326f1337845b6b98e94175d4dc9ec1338a73d1ab7ac61170ccaf88297,d92f8485c6246b3992a693f22bcc446a2f3d552d1b0cecc3fe637dec8f61e1ac,1624.916558,118.071
87b8ec9b41644a8b32cf64798ee6e0d8d7e5948575669ae9c5a8435a10813266,b85146d6fb2fb1b37a7b668f36287a534543da7a2bc393eac28fd9e974908af0,1627.072052,1.951
f4930f068e300bc29cc1ba31414e01d1eaf55b1607c65985536c868ec9323990,f98b902a5d78635ca9426bf7b222c0f2e63e8316254891c86ab6c55292b5c8b2,1628.486709,0.276
d9c9a39425c8044015e05eaf8330a6e48bad0e3edf1ec032098fb2c8b045c0b9,7fd157a7b694ec9235842e5191f04eb673f536c6f3bb37a9dc868eaeb977de9b,1630.387304,0.284
a12f22a3f771308d969fd56d18df65bf6960a4101a3daa4cef878997a2e1978b,664c8bd366fc401f874d793373a2aafc5a5a506e2e04d325d5d83557d6df7502,1650.589145,0.016
a7cf2f4bb45576518350fb91bb84800146f1dc257896e3b46b901095987e2a1c,6a144e613e2220f49247934c6e896484265f3763008c3235599da7133c320b63,1651.631574,0.450
739faf50968804bd83adaade1c616b404ad02f354b6bb167295319b0ae5d9899,ca74b92087483a16a012c94b147c899e246570904c23a537cb8daeb2096ce52d,1658.585436,0.462
739faf50968804bd83adaade1c616b404ad02f354b6bb167295319b0ae5d9899,ca74b92087483a16a012c94b147c899e246570904c23a537cb8daeb2096ce52d,1660.749346,1.056
e572651326f1337845b6b98e94175d4dc9ec1338a73d1ab7ac61170ccaf88297,d92f8485c6246b3992a693f22bcc446a2f3d552d1b0cecc3fe637dec8f61e1ac,1661.655297,89.176
e572651326f1337845b6b98e94175d4dc9ec1338a73d1ab7ac61170ccaf88297,518cd8f12974202d11b5a16a5437a6a560186fbe9584862c601084cbc18761c6,1663.872131,0.252
e572651326f1337845b6b98e94175d4dc9ec1338a73d1ab7ac61170ccaf88297,518cd8f12974202d11b5a16a5437a6a560186fbe9584862c601084cbc18761c6,1663.962125,0.066
e572651326f1337845b6b98e94175d4dc9ec1338a73d1ab7ac61170ccaf88297,d92f8485c6246b3992a693f22bcc446a2f3d552d1b0cecc3fe637dec8f61e1ac,1665.225607,83.101
cf54d1572c1d632986590f22a8313559a433bd667a10d3d3dae5912dcba6ea78,b259c1e9f9b5415e24c8b3e31485942012cde025f7115eb6c3b87d91de9ef892,1665.620220,0.099
e572651326f1337845b6b98e94175d4dc9ec1338a73d1ab7ac61170ccaf88297,5d5cbd388a16ee5f19e2c8c5df4ac7a74ad36fdc9b8a8b0489074a41d61b6884,1666.903887,16.444
b34e792718773cd207a3d3bb54979d4952f301dd15d6f091f57008f075958309,541379714c2250706dfd8b76765ae74953f871377238b361a8666f510afeba58,1678.757784,34.806
87b8ec9b41644a8b32cf64798ee6e0d8d7e5948575669ae9c5a8435a10813266,b85146d6fb2fb1b37a7b668f36287a534543da7a2bc393eac28fd9e974908af0,1684.835651,1.114
36918b2e6c7d7af242c355afc840cf4665e3ea068cf464571367b9c37779bf80,7256bfbb7f3fd68f57187fc7395b4cbcb317c2abb99ee066d02f0844dbcb8ee7,1689.528680,2.365
e572651326f1337845b6b98e94175d4dc9ec1338a73d1ab7ac61170ccaf88297,d92f8485c6246b3992a693f22bcc446a2f3d552d1b0cecc3fe637dec8f61e1ac,1694.758221,41.633
cf54d1572c1d632986590f22a8313559a433bd667a10d3d3dae5912dcba6ea78,b259c1e9f9b5415e24c8b3e31485942012cde025f7115eb6c3b87d91de9ef892,1694.805301,0.070
739faf50968804bd83adaade1c616b404ad02f354b6bb167295319b0ae5d9899,ca74b92087483a16a012c94b147c899e246570904c23a537cb8daeb2096ce52d,1701.658407,1.388
b2446308f35282348f1c6388346d932f610301eaa65bd0c283d8fb949d15e7cc,db87b76b1f5c22aeb78e8ddae62a3f5b78f28580d14b2d7f7f773702f2da3a3b,1705.860579,0.011
cf54d1572c1d632986590f22a8313559a433bd667a10d3d3dae5912dcba6ea78,b259c1e9f9b5415e24c8b3e31485942012cde025f7115eb6c3b87d91de9ef892,1708.652621,0.024
739faf50968804bd83adaade1c616b404ad02f354b6bb167295319b0ae5d9899,ca74b92087483a16a012c94b147c899e246570904c23a537cb8daeb2096ce52d,1709.947913,1.079
a279432833a21dc66309e252ef3f48f1ddc9eb706839d037a00b3f9f545c5e2d,96b2b81126ccc77b62f8e30b2d3ae9fd295c3bf035deab650d5cf4c57cf49796,1713.280425,0.066
b34e792718773cd207a3d3bb54979d4952f301dd15d6f091f57008f075958309,2f796c78515eb95a2d835ebf50326db182a91dce43f6d21d5785e80565851355,1714.106926,4.433
739faf50968804bd83adaade1c616b404ad02f354b6bb167295319b0ae5d9899,ca74b92087483a16a012c94b147c899e246570904c23a537cb8daeb2096ce52d,1714.804120,0.549
e572651326f1337845b6b98e94175d4dc9ec1338a73d1ab7ac61170ccaf88297,d92f8485c6246b3992a693f22bcc446a2f3d552d1b0cecc3fe637dec8f61e1ac,1719.897080,71.675
739faf50968804bd83adaade1c616b404ad02f354b6bb167295319b0ae5d9899,ca74b92087483a16a012c94b147c899e246570904c23a537cb8daeb2096ce52d,1720.655603,1.931
e572651326f1337845b6b98e94175d4dc9ec1338a73d1ab7ac61170ccaf88297,d92f8485c6246b3992a693f22bcc446a2f3d552d1b0cecc3fe637dec8f61e1ac,1722.424253,52.643
739faf50968804bd83adaade1c616b404ad02f354b6bb167295319b0ae5d9899,ca74b92087483a16a012c94b147c899e246570904c23a537cb8daeb2096ce52d,1726.377112,0.461
739faf50968804bd83adaade1c616b404ad02f354b6bb167295319b0ae5d9899,ca74b92087483a16a012c94b147c899e246570904c23a537cb8daeb2096ce52d,1727.676890,1.145
739faf50968804bd83adaade1c616b404ad02f354b6bb167295319b0ae5d9899,ca74b92087483a16a012c94b147c899e246570904c23a537cb8daeb2096ce52d,1730.970529,0.831
e572651326f1337845b6b98e94175d4dc9ec1338a73d1ab7ac61170ccaf88297,5d5cbd388a16ee5f19e2c8c5df4ac7a74ad36fdc9b8a8b0489074a41d61b6884,1731.752420,66.226
cf54d1572c1d632986590f22a8313559a433bd667a10d3d3dae5912dcba6ea78,b259c1e9f9b5415e24c8b3e31485942012cde025f7115eb6c3b87d91de9ef892,1733.161728,0.036
b34e792718773cd207a3d3bb54979d4952f301dd15d6f091f57008f075958309,541379714c2250706dfd8b76765ae74953f871377238b361a8666f510afeba58,1736.853359,32.502
e572651326f1337845b6b98e94175d4dc9ec1338a73d1ab7ac61170ccaf88297,d92f8485c6246b3992a693f22bcc446a2f3d552d1b0cecc3fe637dec8f61e1ac,1737.358052,32.835
739faf50968804bd83adaade1c616b404ad02f354b6bb167295319b0ae5d9899,ca74b92087483a16a012c94b147c899e246570904c23a537cb8daeb2096ce52d,1745.745034,0.801
739faf50968804bd83adaade1c616b404ad02f354b6bb167295319b0ae5d9899,ca74b92087483a16a012c94b147c899e246570904c23a537cb8daeb2096ce52d,1748.931184,1.189
a279432833a21dc66309e252ef3f48f1ddc9eb706839d037a00b3f9f545c5e2d,96b2b81126ccc77b62f8e30b2d3ae9fd295c3bf035deab650d5cf4c57cf49796,1762.652038,0.088
e572651326f1337845b6b98e94175d4dc9ec1338a73d1ab7ac61170ccaf88297,d92f8485c6246b3992a693f22bcc446a2f3d552d1b0cecc3fe637dec8f61e1ac,1763.586565,43.402
739faf50968804bd83adaade1c616b404ad02f354b6bb167295319b0ae5d9899,ca74b92087483a16a012c94b147c899e246570904c23a537cb8daeb2096ce52d,1764.201335,1.118
e572651326f1337845b6b98e94175d4dc9ec1338a73d1ab7ac61170ccaf88297,d92f8485c6246b3992a693f22bcc446a2f3d552d1b0cecc3fe637dec8f61e1ac,1765.721298,62.166
e572651326f1337845b6b98e94175d4dc9ec1338a73d1ab7ac61170ccaf88297,518cd8f12974202d11b5a16a5437a6a560186fbe9584862c601084cbc18761c6,1778.923395,0.160
739faf50968804bd83adaade1c616b404ad02f354b6bb167295319b0ae5d9899,ca74b92087483a16a012c94b147c899e246570904c23a537cb8daeb2096ce52d,1785.847928,1.234
e572651326f1337845b6b98e94175d4dc9ec1338a73d1ab7ac61170ccaf88297,5d5cbd388a16ee5f19e2c8c5df4ac7a74ad36fdc9b8a8b0489074a41d61b6884,1787.039071,16.773
a12f22a3f771308d969fd56d18df65bf6960a4101a3daa4cef878997a2e1978b,5c9849d631846bbec88a0601bf6b0ba43d9e757dbe6f64ca8e4875ba49f7b794,1790.572105,7.809
739faf50968804bd83adaade1c616b404ad02f354b6bb167295319b0ae5d9899,ca74b92087483a16a012c94b147c899e246570904c23a537cb8daeb2096ce52d,1795.113832,0.226
d9c9a39425c8044015e05eaf8330a6e48bad0e3edf1ec032098fb2c8b045c0b9,7fd157a7b694ec9235842e5191f04eb673f536c6f3bb37a9dc868eaeb977de9b,1796.623523,0.742
aa09fd0de23af2f42704ea3f7a832860e356cb21fbe99fb4c513e0ac64da3ce9,a7220d0ede28b7b3aa0f0607ca44f14e871e76cab8c30bfd0134e64230326622,1797.928370,0.071
f4930f068e300bc29cc1ba31414e01d1eaf55b1607c65985536c868ec9323990,f98b902a5d78635ca9426bf7b222c0f2e63e8316254891c86ab6c55292b5c8b2,1798.640255,0.110
e572651326f1337845b6b98e94175d4dc9ec1338a73d1ab7ac61170ccaf88297,d92f8485c6246b3992a693f22bcc446a2f3d552d1b0cecc3fe637dec8f61e1ac,1799.599155,207.431
e572651326f1337845b6b98e94175d4dc9ec1338a73d1ab7ac61170ccaf88297,518cd8f12974202d11b5a16a5437a6a560186fbe9584862c601084cbc18761c6,1804.512031,0.366
efcdd56913d0ce6927045a6f4e8bc025d4bc3a901c3f657e7c0c0d52a157e940,d3001621518a70a020141bf2f78060d34d8b1d6a417c7d5ad0650366921617ac,1815.035020,0.158
739faf50968804bd83adaade1c616b404ad02f354b6bb167295319b0ae5d9899,ca74b92087483a16a012c94b147c899e246570904c23a537cb8daeb2096ce52d,1815.057377,0.600
36918b2e6c7d7af242c355afc840cf4665e3ea068cf464571367b9c37779bf80,7256bfbb7f3fd68f57187fc7395b4cbcb317c2abb99ee066d02f0844dbcb8ee7,1817.329416,2.062
4bd219625127e9d2e12f7eb21015642ad64f42ea61a16f5577db0c2e7a54d4cf,97c31670ec24a392969c8bc769ded28f0ea827f99e77c918ebe894b02f4511dd,1817.981188,9.800
99ae030b60cf247520cab75889c7e2f4c8be9422fce8cc2dc30c53820d8e487b,68b7a052a1a75027d0ba4031c39237121a4d32fa66b59c585684af85c61349ac,1819.352910,0.189
e572651326f1337845b6b98e94175d4dc9ec1338a73d1ab7ac61170ccaf88297,5d5cbd388a16ee5f19e2c8c5df4ac7a74ad36fdc9b8a8b0489074a41d61b6884,1820.531428,4.878
f4930f068e300bc29cc1ba31414e01d1eaf55b1607c65985536c868ec9323990,46a59e3a4d9e4fefe6b34e678125ce95ab071f1126ec503557f26ec575c1941b,1821.317598,0.418
a7cf2f4bb45576518350fb91bb84800146f1dc257896e3b46b901095987e2a1c,0e0238481987246e775d487dc915a41e718967ef61dc0c3dbf5c2983b02dea84,1868.423005,135.532
b34e792718773cd207a3d3bb54979d4952f301dd15d6f091f57008f075958309,2f796c78515eb95a2d835ebf50326db182a91dce43f6d21d5785e80565851355,1869.820549,2.471
87b8ec9b41644a8b32cf64798ee6e0d8d7e5948575669ae9c5a8435a10813266,13220cb8f5b7112c02f2481c968497db0f96a9b6d45bc7204086d9914d5596b5,1874.793163,188.619
b2446308f35282348f1c6388346d932f610301eaa65bd0c283d8fb949d15e7cc,db87b76b1f5c22aeb78e8ddae62a3f5b78f28580d14b2d7f7f773702f2da3a3b,1876.526832,0.069
b34e792718773cd207a3d3bb54979d4952f301dd15d6f091f57008f075958309,541379714c2250706dfd8b76765ae74953f871377238b361a8666f510afeba58,1880.503638,27.542
cf54d1572c1d632986590f22a8313559a433bd667a10d3d3dae5912dcba6ea78,b259c1e9f9b5415e24c8b3e31485942012cde025f7115eb6c3b87d91de9ef892,1885.324415,0.032
739faf50968804bd83adaade1c616b404ad02f354b6bb167295319b0ae5d9899,ca74b92087483a16a012c94b147c899e246570904c23a537cb8daeb2096ce52d,1891.235534,1.316
a279432833a21dc66309e252ef3f48f1ddc9eb706839d037a00b3f9f545c5e2d,9bfe15fe1c84832456da5d671ec99cfd73e0514bf91abfae306da2457af04221,1891.720274,9.550
eddb92315799e0eaf5d18b84bc5948186fbc33c0190b04c815d75765a979435c,78ec164daacd5c9e215e76ca4dfb2d1ef3a94743f8b329a281a0e9782a09f749,1896.262825,102.409
87b8ec9b41644a8b32cf64798ee6e0d8d7e5948575669ae9c5a8435a10813266,9d4311638952a6ecefb68603a4ade3f6aedf1ff5a2f359c67bbef939d6a2e6dc,1919.068246,0.166
b34e792718773cd207a3d3bb54979d4952f301dd15d6f091f57008f075958309,2f796c78515eb95a2d835ebf50326db182a91dce43f6d21d5785e80565851355,1920.525775,2.507
87b8ec9b41644a8b32cf64798ee6e0d8d7e5948575669ae9c5a8435a10813266,9d4311638952a6ecefb68603a4ade3f6aedf1ff5a2f359c67bbef939d6a2e6dc,1925.022685,0.104
f7b8083a0342944f477b97a321506ae52fc6e2e76bf6042f2280c281f43ee10d,d414dfb669aa29482336ef26db33feead9a3bd71190ba5d44412a9f8bedf26de,1946.100047,9.203
e572651326f1337845b6b98e94175d4dc9ec1338a73d1ab7ac61170ccaf88297,d92f8485c6246b3992a693f22bcc446a2f3d552d1b0cecc3fe637dec8f61e1ac,1947.134122,31.533
739faf50968804bd83adaade1c616b404ad02f354b6bb167295319b0ae5d9899,ca74b92087483a16a012c94b147c899e246570904c23a537cb8daeb2096ce52d,1948.045076,2.081
739faf50968804bd83adaade1c616b404ad02f354b6bb167295319b0ae5d9899,ca74b92087483a16a012c94b147c899e246570904c23a537cb8daeb2096ce52d,1956.547292,1.438
739faf50968804bd83adaade1c616b404ad02f354b6bb167295319b0ae5d9899,ca74b92087483a16a012c94b147c899e246570904c23a537cb8daeb2096ce52d,1958.016486,1.485
e572651326f1337845b6b98e94175d4dc9ec1338a73d1ab7ac61170ccaf88297,5d5cbd388a16ee5f19e2c8c5df4ac7a74ad36fdc9b8a8b0489074a41d61b6884,1960.872666,13.053
cf54d1572c1d632986590f22a8313559a433bd667a10d3d3dae5912dcba6ea78,b259c1e9f9b5415e24c8b3e31485942012cde025f7115eb6c3b87d91de9ef892,1962.638346,0.029
eddb92315799e0eaf5d18b84bc5948186fbc33c0190b04c815d75765a979435c,110010ce3452fe8d402b60888cc981d5c1f099fa94092e745a629835ecdb9f51,1963.408735,0.044
f7b8083a0342944f477b97a321506ae52fc6e2e76bf6042f2280c281f43ee10d,4b2c05f30bc5080fb3ff505c4051509a4406f733b9ccd3386fa0900f3ae0d9bf,1968.804418,0.022
cf54d1572c1d632986590f22a8313559a433bd667a10d3d3dae5912dcba6ea78,b259c1e9f9b5415e24c8b3e31485942012cde025f7115eb6c3b87d91de9ef892,1977.456973,0.024
739faf50968804bd83adaade1c616b404ad02f354b6bb167295319b0ae5d9899,ca74b92087483a16a012c94b147c899e246570904c23a537cb8daeb2096ce52d,1978.754278,0.718
e572651326f1337845b6b98e94175d4dc9ec1338a73d1ab7ac61170ccaf88297,d92f8485c6246b3992a693f22bcc446a2f3d552d1b0cecc3fe637dec8f61e1ac,1987.004733,36.303
aa09fd0de23af2f42704ea3f7a832860e356cb21fbe99fb4c513e0ac64da3ce9,a7220d0ede28b7b3aa0f0607ca44f14e871e76cab8c30bfd0134e64230326622,1990.557387,0.192
739faf50968804bd83adaade1c616b404ad02f354b6bb167295319b0ae5d9899,ca74b92087483a16a012c94b147c899e246570904c23a537cb8daeb2096ce52d,1991.797336,0.142
739faf50968804bd83adaade1c616b404ad02f354b6bb167295319b0ae5d9899,ca74b92087483a16a012c94b147c899e246570904c23a537cb8daeb2096ce52d,1992.070253,1.411
d9c9a39425c8044015e05eaf8330a6e48bad0e3edf1ec032098fb2c8b045c0b9,7fd157a7b694ec9235842e5191f04eb673f536c6f3bb37a9dc868eaeb977de9b,1994.695280,0.312
a279432833a21dc66309e252ef3f48f1ddc9eb706839d037a00b3f9f545c5e2d,7f0b52256911bed19622812b8483c07daf2e9103a269f567068ed939e33a2785,1997.004904,1.136
739faf50968804bd83adaade1c616b404ad02f354b6bb167295319b0ae5d9899,ca74b92087483a16a012c94b147c899e246570904c23a537cb8daeb2096ce52d,2006.828330,1.431
e572651326f1337845b6b98e94175d4dc9ec1338a73d1ab7ac61170ccaf88297,518cd8f12974202d11b5a16a5437a6a560186fbe9584862c601084cbc18761c6,2014.845683,0.192
aa09fd0de23af2f42704ea3f7a832860e356cb21fbe99fb4c513e0ac64da3ce9,a7220d0ede28b7b3aa0f0607ca44f14e871e76cab8c30bfd0134e64230326622,2014.944107,0.019
739faf50968804bd83adaade1c616b404ad02f354b6bb167295319b0ae5d9899,ca74b92087483a16a012c94b147c899e246570904c23a537cb8daeb2096ce52d,2029.058691,0.470
87b8ec9b41644a8b32cf64798ee6e0d8d7e5948575669ae9c5a8435a10813266,9d4311638952a6ecefb68603a4ade3f6aedf1ff5a2f359c67bbef939d6a2e6dc,2031.217788,0.648
b2446308f35282348f1c6388346d932f610301eaa65bd0c283d8fb949d15e7cc,db87b76b1f5c22aeb78e8ddae62a3f5b78f28580d14b2d7f7f773702f2da3a3b,2031.643742,0.053
b2446308f35282348f1c6388346d932f610301eaa65bd0c283d8fb949d15e7cc,d206b500d8a622c7c6e606402b6f218d95ee19d6805d57bd7d6698351eea831a,2032.810986,66.228
e572651326f1337845b6b98e94175d4dc9ec1338a73d1ab7ac61170ccaf88297,d92f8485c6246b3992a693f22bcc446a2f3d552d1b0cecc3fe637dec8f61e1ac,2034.967130,70.867
d9c9a39425c8044015e05eaf8330a6e48bad0e3edf1ec032098fb2c8b045c0b9,7fd157a7b694ec9235842e5191f04eb673f536c6f3bb37a9dc868eaeb977de9b,2040.921412,1.104
4bd219625127e9d2e12f7eb21015642ad64f42ea61a16f5577db0c2e7a54d4cf,1b9ff14203f132f3ca0342f8491d5b4e61000dbca9a88d6ef78132611cf99466,2043.079635,0.784
eddb92315799e0eaf5d18b84bc5948186fbc33c0190b04c815d75765a979435c,110010ce3452fe8d402b60888cc981d5c1f099fa94092e745a629835ecdb9f51,2048.987480,0.050
4bd219625127e9d2e12f7eb21015642ad64f42ea61a16f5577db0c2e7a54d4cf,97c31670ec24a392969c8bc769ded28f0ea827f99e77c918ebe894b02f4511dd,2049.161350,18.166
e572651326f1337845b6b98e94175d4dc9ec1338a73d1ab7ac61170ccaf88297,518cd8f12974202d11b5a16a5437a6a560186fbe9584862c601084cbc18761c6,2051.369592,0.118
d9c9a39425c8044015e05eaf8330a6e48bad0e3edf1ec032098fb2c8b045c0b9,7fd157a7b694ec9235842e5191f04eb673f536c6f3bb37a9dc868eaeb977de9b,2052.115499,2.838
739faf50968804bd83adaade1c616b404ad02f354b6bb167295319b0ae5d9899,ca74b92087483a16a012c94b147c899e246570904c23a537cb8daeb2096ce52d,2053.935335,0.447
87b8ec9b41644a8b32cf64798ee6e0d8d7e5948575669ae9c5a8435a10813266,9d4311638952a6ecefb68603a4ade3f6aedf1ff5a2f359c67bbef939d6a2e6dc,2055.187470,0.157
f7b8083a0342944f477b97a321506ae52fc6e2e76bf6042f2280c281f43ee10d,d414dfb669aa29482336ef26db33feead9a3bd71190ba5d44412a9f8bedf26de,2061.569323,14.703
b2446308f35282348f1c6388346d932f610301eaa65bd0c283d8fb949d15e7cc,d206b500d8a622c7c6e606402b6f218d95ee19d6805d57bd7d6698351eea831a,2070.061041,65.586
739faf50968804bd83adaade1c616b404ad02f354b6bb167295319b0ae5d9899,ca74b92087483a16a012c94b147c899e246570904c23a537cb8daeb2096ce52d,2070.815300,0.582
a279432833a21dc66309e252ef3f48f1ddc9eb706839d037a00b3f9f545c5e2d,96b2b81126ccc77b62f8e30b2d3ae9fd295c3bf035deab650d5cf4c57cf49796,2074.676434,0.043
e572651326f1337845b6b98e94175d4dc9ec1338a73d1ab7ac61170ccaf88297,d92f8485c6246b3992a693f22bcc446a2f3d552d1b0cecc3fe637dec8f61e1ac,2075.295093,43.268
a12f22a3f771308d969fd56d18df65bf6960a4101a3daa4cef878997a2e1978b,664c8bd366fc401f874d793373a2aafc5a5a506e2e04d325d5d83557d6df7502,2075.891823,0.061
d9c9a39425c8044015e05eaf8330a6e48bad0e3edf1ec032098fb2c8b045c0b9,7fd157a7b694ec9235842e5191f04eb673f536c6f3bb37a9dc868eaeb977de9b,2085.038723,0.628
f4930f068e300bc29cc1ba31414e01d1eaf55b1607c65985536c868ec9323990,46a59e3a4d9e4fefe6b34e678125ce95ab071f1126ec503557f26ec575c1941b,2085.741712,1.071
739faf50968804bd83adaade1c616b404ad02f354b6bb167295319b0ae5d9899,ca74b92087483a16a012c94b147c899e246570904c23a537cb8daeb2096ce52d,2089.297013,0.321
e572651326f1337845b6b98e94175d4dc9ec1338a73d1ab7ac61170ccaf88297,5d5cbd388a16ee5f19e2c8c5df4ac7a74ad36fdc9b8a8b0489074a41d61b6884,2092.225401,13.538
d9c9a39425c8044015e05eaf8330a6e48bad0e3edf1ec032098fb2c8b045c0b9,7fd157a7b694ec9235842e5191f04eb673f536c6f3bb37a9dc868eaeb977de9b,2093.270963,0.904
a12f22a3f771308d969fd56d18df65bf6960a4101a3daa4cef878997a2e1978b,664c8bd366fc401f874d793373a2aafc5a5a506e2e04d325d5d83557d6df7502,2093.961502,0.046
e572651326f1337845b6b98e94175d4dc9ec1338a73d1ab7ac61170ccaf88297,d92f8485c6246b3992a693f22bcc446a2f3d552d1b0cecc3fe637dec8f61e1ac,2096.243096,18.854
99ae030b60cf247520cab75889c7e2f4c8be9422fce8cc2dc30c53820d8e487b,68b7a052a1a75027d0ba4031c39237121a4d32fa66b59c585684af85c61349ac,2102.124523,0.267
739faf50968804bd83adaade1c616b404ad02f354b6bb167295319b0ae5d9899,ca74b92087483a16a012c94b147c899e246570904c23a537cb8daeb2096ce52d,2111.850019,0.610
b34e792718773cd207a3d3bb54979d4952f301dd15d6f091f57008f075958309,541379714c2250706dfd8b76765ae74953f871377238b361a8666f510afeba58,2114.219402,83.104
b2446308f35282348f1c6388346d932f610301eaa65bd0c283d8fb949d15e7cc,d206b500d8a622c7c6e606402b6f218d95ee19d6805d57bd7d6698351eea831a,2114.700591,62.343
e572651326f1337845b6b98e94175d4dc9ec1338a73d1ab7ac61170ccaf88297,d92f8485c6246b3992a693f22bcc446a2f3d552d1b0cecc3fe637dec8f61e1ac,2114.962710,41.411
b2446308f35282348f1c6388346d932f610301eaa65bd0c283d8fb949d15e7cc,d206b500d8a622c7c6e606402b6f218d95ee19d6805d57bd7d6698351eea831a,2119.468319,79.155
e572651326f1337845b6b98e94175d4dc9ec1338a73d1ab7ac61170ccaf88297,5d5cbd388a16ee5f19e2c8c5df4ac7a74ad36fdc9b8a8b0489074a41d61b6884,2122.916184,19.117
739faf50968804bd83adaade1c616b404ad02f354b6bb167295319b0ae5d9899,ca74b92087483a16a012c94b147c899e246570904c23a537cb8daeb2096ce52d,2124.128878,0.502
739faf50968804bd83adaade1c616b404ad02f354b6bb167295319b0ae5d9899,ca74b92087483a16a012c94b147c899e246570904c23a537cb8daeb2096ce52d,2126.596206,0.509
739faf50968804bd83adaade1c616b404ad02f354b6bb167295319b0ae5d9899,ca74b92087483a16a012c94b147c899e246570904c23a537cb8daeb2096ce52d,2133.915262,0.588
b34e792718773cd207a3d3bb54979d4952f301dd15d6f091f57008f075958309,2f796c78515eb95a2d835ebf50326db182a91dce43f6d21d5785e80565851355,2140.184654,2.219
e572651326f1337845b6b98e94175d4dc9ec1338a73d1ab7ac61170ccaf88297,d92f8485c6246b3992a693f22bcc446a2f3d552d1b0cecc3fe637dec8f61e1ac,2148.757998,34.753
e572651326f1337845b6b98e94175d4dc9ec1338a73d1ab7ac61170ccaf88297,518cd8f12974202d11b5a16a5437a6a560186fbe9584862c601084cbc18761c6,2156.412420,0.082
a12f22a3f771308d969fd56d18df65bf6960a4101a3daa4cef878997a2e1978b,664c8bd366fc401f874d793373a2aafc5a5a506e2e04d325d5d83557d6df7502,2156.658336,0.034
d9c9a39425c8044015e05eaf8330a6e48bad0e3edf1ec032098fb2c8b045c0b9,7fd157a7b694ec9235842e5191f04eb673f536c6f3bb37a9dc868eaeb977de9b,2160.795985,3.555
739faf50968804bd83adaade1c616b404ad02f354b6bb167295319b0ae5d9899,ca74b92087483a16a012c94b147c899e246570904c23a537cb8daeb2096ce52d,2166.195855,0.204
d9c9a39425c8044015e05eaf8330a6e48bad0e3edf1ec032098fb2c8b045c0b9,7fd157a7b694ec9235842e5191f04eb673f536c6f3bb37a9dc868eaeb977de9b,2166.602641,2.205
b2446308f35282348f1c6388346d932f610301eaa65bd0c283d8fb949d15e7cc,d206b500d8a622c7c6e606402b6f218d95ee19d6805d57bd7d6698351eea831a,2177.939063,163.917
a279432833a21dc66309e252ef3f48f1ddc9eb706839d037a00b3f9f545c5e2d,7f0b52256911bed19622812b8483c07daf2e9103a269f567068ed939e33a2785,2178.623218,0.580
739faf50968804bd83adaade1c616b404ad02f354b6bb167295319b0ae5d9899,ca74b92087483a16a012c94b147c899e246570904c23a537cb8daeb2096ce52d,2178.971678,0.439
b2446308f35282348f1c6388346d932f610301eaa65bd0c283d8fb949d15e7cc,d206b500d8a622c7c6e606402b6f218d95ee19d6805d57bd7d6698351eea831a,2184.581160,43.724
f4930f068e300bc29cc1ba31414e01d1eaf55b1607c65985536c868ec9323990,f98b902a5d78635ca9426bf7b222c0f2e63e8316254891c86ab6c55292b5c8b2,2187.553609,0.348
e572651326f1337845b6b98e94175d4dc9ec1338a73d1ab7ac61170ccaf88297,d92f8485c6246b3992a693f22bcc446a2f3d552d1b0cecc3fe637dec8f61e1ac,2189.306359,44.394
f7b8083a0342944f477b97a321506ae52fc6e2e76bf6042f2280c281f43ee10d,d414dfb669aa29482336ef26db33feead9a3bd71190ba5d44412a9f8bedf26de,2195.898510,12.563
e572651326f1337845b6b98e94175d4dc9ec1338a73d1ab7ac61170ccaf88297,5d5cbd388a16ee5f19e2c8c5df4ac7a74ad36fdc9b8a8b0489074a41d61b6884,2196.457086,37.014
739faf50968804bd83adaade1c616b404ad02f354b6bb167295319b0ae5d9899,ca74b92087483a16a012c94b147c899e246570904c23a537cb8daeb2096ce52d,2197.834522,2.607
739faf50968804bd83adaade1c616b404ad02f354b6bb167295319b0ae5d9899,ca74b92087483a16a012c94b147c899e246570904c23a537cb8daeb2096ce52d,2199.582863,0.562
e572651326f1337845b6b98e94175d4dc9ec1338a73d1ab7ac61170ccaf88297,518cd8f12974202d11b5a16a5437a6a560186fbe9584862c601084cbc18761c6,2206.041177,0.092
cf54d1572c1d632986590f22a8313559a433bd667a10d3d3dae5912dcba6ea78,b259c1e9f9b5415e24c8b3e31485942012cde025f7115eb6c3b87d91de9ef892,2208.393410,0.037
e572651326f1337845b6b98e94175d4dc9ec1338a73d1ab7ac61170ccaf88297,d92f8485c6246b3992a693f22bcc446a2f3d552d1b0cecc3fe637dec8f61e1ac,2210.454344,199.605
739faf50968804bd83adaade1c616b404ad02f354b6bb167295319b0ae5d9899,ca74b92087483a16a012c94b147c899e246570904c23a537cb8daeb2096ce52d,2213.817189,0.804
e572651326f1337845b6b98e94175d4dc9ec1338a73d1ab7ac61170ccaf88297,518cd8f12974202d11b5a16a5437a6a560186fbe9584862c601084cbc18761c6,2214.471577,0.093
7475824cc4748c3fc8576d1ba486950f36d81d9cb5336cc1da801ef313b516d8,eac0d7c37985ac4669b288f34505f79c6df5fc76371ca3b80b783133b39adfbd,2221.892619,58.010
739faf50968804bd83adaade1c616b404ad02f354b6bb167295319b0ae5d9899,ca74b92087483a16a012c94b147c899e246570904c23a537cb8daeb2096ce52d,2224.416611,0.661
cf54d1572c1d632986590f22a8313559a433bd667a10d3d3dae5912dcba6ea78,b259c1e9f9b5415e24c8b3e31485942012cde025f7115eb6c3b87d91de9ef892,2226.409558,0.077
739faf50968804bd83adaade1c616b404ad02f354b6bb167295319b0ae5d9899,ca74b92087483a16a012c94b147c899e246570904c23a537cb8daeb2096ce52d,2234.603910,0.187
e572651326f1337845b6b98e94175d4dc9ec1338a73d1ab7ac61170ccaf88297,518cd8f12974202d11b5a16a5437a6a560186fbe9584862c601084cbc18761c6,2238.352800,0.119
739faf50968804bd83adaade1c616b404ad02f354b6bb167295319b0ae5d9899,ca74b92087483a16a012c94b147c899e246570904c23a537cb8daeb2096ce52d,2243.124789,0.478
cf54d1572c1d632986590f22a8313559a433bd667a10d3d3dae5912dcba6ea78,b259c1e9f9b5415e24c8b3e31485942012cde025f7115eb6c3b87d91de9ef892,2246.058554,0.027
e572651326f1337845b6b98e94175d4dc9ec1338a73d1ab7ac61170ccaf88297,d92f8485c6246b3992a693f22bcc446a2f3d552d1b0cecc3fe637dec8f61e1ac,2253.728256,13.528
b34e792718773cd207a3d3bb54979d4952f301dd15d6f091f57008f075958309,541379714c2250706dfd8b76765ae74953f871377238b361a8666f510afeba58,2269.772581,82.242
a12f22a3f771308d969fd56d18df65bf6960a4101a3daa4cef878997a2e1978b,664c8bd366fc401f874d793373a2aafc5a5a506e2e04d325d5d83557d6df7502,2275.942246,0.101
e572651326f1337845b6b98e94175d4dc9ec1338a73d1ab7ac61170ccaf88297,d92f8485c6246b3992a693f22bcc446a2f3d552d1b0cecc3fe637dec8f61e1ac,2276.721639,48.589
739faf50968804bd83adaade1c616b404ad02f354b6bb167295319b0ae5d9899,ca74b92087483a16a012c94b147c899e246570904c23a537cb8daeb2096ce52d,2295.269485,0.353
cf54d1572c1d632986590f22a8313559a433bd667a10d3d3dae5912dcba6ea78,b259c1e9f9b5415e24c8b3e31485942012cde025f7115eb6c3b87d91de9ef892,2296.621917,0.020
e572651326f1337845b6b98e94175d4dc9ec1338a73d1ab7ac61170ccaf88297,d92f8485c6246b3992a693f22bcc446a2f3d552d1b0cecc3fe637dec8f61e1ac,2299.019704,47.794
e572651326f1337845b6b98e94175d4dc9ec1338a73d1ab7ac61170ccaf88297,d92f8485c6246b3992a693f22bcc446a2f3d552d1b0cecc3fe637dec8f61e1ac,2300.771480,46.708
739faf50968804bd83adaade1c616b404ad02f354b6bb167295319b0ae5d9899,ca74b92087483a16a012c94b147c899e246570904c23a537cb8daeb2096ce52d,2304.557429,0.388
739faf50968804bd83adaade1c616b404ad02f354b6bb167295319b0ae5d9899,ca74b92087483a16a012c94b147c899e246570904c23a537cb8daeb2096ce52d,2312.696488,0.639
cf54d1572c1d632986590f22a8313559a433bd667a10d3d3dae5912dcba6ea78,b259c1e9f9b5415e24c8b3e31485942012cde025f7115eb6c3b87d91de9ef892,2315.674729,0.071
e572651326f1337845b6b98e94175d4dc9ec1338a73d1ab7ac61170ccaf88297,d92f8485c6246b3992a693f22bcc446a2f3d552d1b0cecc3fe637dec8f61e1ac,2327.797796,64.172
64db848c9bc5db515c94ab30eee3c35decfe835ca8a6c40b0821fe30aaa04cdb,f219acf93580c06f4504a74e90b2f826094f3544ca2f60a49b929ab5d1f80d31,2329.801301,5.596
a12f22a3f771308d969fd56d18df65bf6960a4101a3daa4cef878997a2e1978b,664c8bd366fc401f874d793373a2aafc5a5a506e2e04d325d5d83557d6df7502,2330.860567,0.103
d9c9a39425c8044015e05eaf8330a6e48bad0e3edf1ec032098fb2c8b045c0b9,7fd157a7b694ec9235842e5191f04eb673f536c6f3bb37a9dc868eaeb977de9b,2338.757664,1.844
b2446308f35282348f1c6388346d932f610301eaa65bd0c283d8fb949d15e7cc,db87b76b1f5c22aeb78e8ddae62a3f5b78f28580d14b2d7f7f773702f2da3a3b,2349.388151,0.023
cf54d1572c1d632986590f22a8313559a433bd667a10d3d3dae5912dcba6ea78,b259c1e9f9b5415e24c8b3e31485942012cde025f7115eb6c3b87d91de9ef892,2354.409454,0.092
739faf50968804bd83adaade1c616b404ad02f354b6bb167295319b0ae5d9899,ca74b92087483a16a012c94b147c899e246570904c23a537cb8daeb2096ce52d,2356.162098,0.160
e572651326f1337845b6b98e94175d4dc9ec1338a73d1ab7ac61170ccaf88297,5d5cbd388a16ee5f19e2c8c5df4ac7a74ad36fdc9b8a8b0489074a41d61b6884,2358.006576,10.030
aa09fd0de23af2f42704ea3f7a832860e356cb21fbe99fb4c513e0ac64da3ce9,a7220d0ede28b7b3aa0f0607ca44f14e871e76cab8c30bfd0134e64230326622,2358.537558,0.044
e572651326f1337845b6b98e94175d4dc9ec1338a73d1ab7ac61170ccaf88297,d92f8485c6246b3992a693f22bcc446a2f3d552d1b0cecc3fe637dec8f61e1ac,2368.242569,188.160
739faf50968804bd83adaade1c616b404ad02f354b6bb167295319b0ae5d9899,ca74b92087483a16a012c94b147c899e246570904c23a537cb8daeb2096ce52d,2371.843317,0.398
cf54d1572c1d632986590f22a8313559a433bd667a10d3d3dae5912dcba6ea78,b259c1e9f9b5415e24c8b3e31485942012cde025f7115eb6c3b87d91de9ef892,2372.255145,0.068
739faf50968804bd83adaade1c616b404ad02f354b6bb167295319b0ae5d9899,ca74b92087483a16a012c94b147c899e246570904c23a537cb8daeb2096ce52d,2379.924877,0.877
a279432833a21dc66309e252ef3f48f1ddc9eb706839d037a00b3f9f545c5e2d,96b2b81126ccc77b62f8e30b2d3ae9fd295c3bf035deab650d5cf4c57cf49796,2384.897352,0.090
d9c9a39425c8044015e05eaf8330a6e48bad0e3edf1ec032098fb2c8b045c0b9,7fd157a7b694ec9235842e5191f04eb673f536c6f3bb37a9dc868eaeb977de9b,2390.245030,0.934
e572651326f1337845b6b98e94175d4dc9ec1338a73d1ab7ac61170ccaf88297,5d5cbd388a16ee5f19e2c8c5df4ac7a74ad36fdc9b8a8b0489074a41d61b6884,2391.072150,15.078
739faf50968804bd83adaade1c616b404ad02f354b6bb167295319b0ae5d9899,ca74b92087483a16a012c94b147c899e246570904c23a537cb8daeb2096ce52d,2391.468208,0.465
a279432833a21dc66309e252ef3f48f1ddc9eb706839d037a00b3f9f545c5e2d,7f0b52256911bed19622812b8483c07daf2e9103a269f567068ed939e33a2785,2396.087280,0.220
e572651326f1337845b6b98e94175d4dc9ec1338a73d1ab7ac61170ccaf88297,5d5cbd388a16ee5f19e2c8c5df4ac7a74ad36fdc9b8a8b0489074a41d61b6884,2396.472652,10.137
d9c9a39425c8044015e05eaf8330a6e48bad0e3edf1ec032098fb2c8b045c0b9,7fd157a7b694ec9235842e5191f04eb673f536c6f3bb37a9dc868eaeb977de9b,2403.482684,0.519
aa09fd0de23af2f42704ea3f7a832860e356cb21fbe99fb4c513e0ac64da3ce9,a7220d0ede28b7b3aa0f0607ca44f14e871e76cab8c30bfd0134e64230326622,2404.203160,0.019
739faf50968804bd83adaade1c616b404ad02f354b6bb167295319b0ae5d9899,ca74b92087483a16a012c94b147c899e246570904c23a537cb8daeb2096ce52d,2410.198558,0.775
b2446308f35282348f1c6388346d932f610301eaa65bd0c283d8fb949d15e7cc,db87b76b1f5c22aeb78e8ddae62a3f5b78f28580d14b2d7f7f773702f2da3a3b,2421.123465,0.079
e572651326f1337845b6b98e94175d4dc9ec1338a73d1ab7ac61170ccaf88297,d92f8485c6246b3992a693f22bcc446a2f3d552d1b0cecc3fe637dec8f61e1ac,2427.460700,81.123
e572651326f1337845b6b98e94175d4dc9ec1338a73d1ab7ac61170ccaf88297,d92f8485c6246b3992a693f22bcc446a2f3d552d1b0cecc3fe637dec8f61e1ac,2433.281019,160.952
739faf50968804bd83adaade1c616b404ad02f354b6bb167295319b0ae5d9899,ca74b92087483a16a012c94b147c899e246570904c23a537cb8daeb2096ce52d,2439.372460,1.195
f7b8083a0342944f477b97a321506ae52fc6e2e76bf6042f2280c281f43ee10d,4b2c05f30bc5080fb3ff505c4051509a4406f733b9ccd3386fa0900f3ae0d9bf,2445.889853,0.060
e572651326f1337845b6b98e94175d4dc9ec1338a73d1ab7ac61170ccaf88297,d92f8485c6246b3992a693f22bcc446a2f3d552d1b0cecc3fe637dec8f61e1ac,2460.516707,143.358
87b8ec9b41644a8b32cf64798ee6e0d8d7e5948575669ae9c5a8435a10813266,9d4311638952a6ecefb68603a4ade3f6aedf1ff5a2f359c67bbef939d6a2e6dc,2463.657180,0.296
36918b2e6c7d7af242c355afc840cf4665e3ea068cf464571367b9c37779bf80,7256bfbb7f3fd68f57187fc7395b4cbcb317c2abb99ee066d02f0844dbcb8ee7,2474.771617,0.738
739faf50968804bd83adaade1c616b404ad02f354b6bb167295319b0ae5d9899,ca74b92087483a16a012c94b147c899e246570904c23a537cb8daeb2096ce52d,2475.845312,0.552
e572651326f1337845b6b98e94175d4dc9ec1338a73d1ab7ac61170ccaf88297,5d5cbd388a16ee5f19e2c8c5df4ac7a74ad36fdc9b8a8b0489074a41d61b6884,2475.981582,15.046
739faf50968804bd83adaade1c616b404ad02f354b6bb167295319b0ae5d9899,ca74b92087483a16a012c94b147c899e246570904c23a537cb8daeb2096ce52d,2479.606037,1.078
cf54d1572c1d632986590f22a8313559a433bd667a10d3d3dae5912dcba6ea78,b259c1e9f9b5415e24c8b3e31485942012cde025f7115eb6c3b87d91de9ef892,2488.854120,0.054
f4930f068e300bc29cc1ba31414e01d1eaf55b1607c65985536c868ec9323990,46a59e3a4d9e4fefe6b34e678125ce95ab071f1126ec503557f26ec575c1941b,2490.494905,0.853
e572651326f1337845b6b98e94175d4dc9ec1338a73d1ab7ac61170ccaf88297,d92f8485c6246b3992a693f22bcc446a2f3d552d1b0cecc3fe637dec8f61e1ac,2495.663535,39.135
d9c9a39425c8044015e05eaf8330a6e48bad0e3edf1ec032098fb2c8b045c0b9,7fd157a7b694ec9235842e5191f04eb673f536c6f3bb37a9dc868eaeb977de9b,2504.372349,0.405
87b8ec9b41644a8b32cf64798ee6e0d8d7e5948575669ae9c5a8435a10813266,13220cb8f5b7112c02f2481c968497db0f96a9b6d45bc7204086d9914d5596b5,2504.426114,29.314
e572651326f1337845b6b98e94175d4dc9ec1338a73d1ab7ac61170ccaf88297,5d5cbd388a16ee5f19e2c8c5df4ac7a74ad36fdc9b8a8b0489074a41d61b6884,2510.026563,61.404
739faf50968804bd83adaade1c616b404ad02f354b6bb167295319b0ae5d9899,ca74b92087483a16a012c94b147c899e246570904c23a537cb8daeb2096ce52d,2513.037675,0.278
4bd219625127e9d2e12f7eb21015642ad64f42ea61a16f5577db0c2e7a54d4cf,97c31670ec24a392969c8bc769ded28f0ea827f99e77c918ebe894b02f4511dd,2513.348859,4.357
4bd219625127e9d2e12f7eb21015642ad64f42ea61a16f5577db0c2e7a54d4cf,1b9ff14203f132f3ca0342f8491d5b4e61000dbca9a88d6ef78132611cf99466,2513.902435,2.997
efcdd56913d0ce6927045a6f4e8bc025d4bc3a901c3f657e7c0c0d52a157e940,d3001621518a70a020141bf2f78060d34d8b1d6a417c7d5ad0650366921617ac,2526.235678,0.533
4bd219625127e9d2e12f7eb21015642ad64f42ea61a16f5577db0c2e7a54d4cf,97c31670ec24a392969c8bc769ded28f0ea827f99e77c918ebe894b02f4511dd,2527.858614,17.202
739faf50968804bd83adaade1c616b404ad02f354b6bb167295319b0ae5d9899,ca74b92087483a16a012c94b147c899e246570904c23a537cb8daeb2096ce52d,2546.046480,0.369
739faf50968804bd83adaade1c616b404ad02f354b6bb167295319b0ae5d9899,ca74b92087483a16a012c94b147c899e246570904c23a537cb8daeb2096ce52d,2551.283565,0.933
aa09fd0de23af2f42704ea3f7a832860e356cb21fbe99fb4c513e0ac64da3ce9,a7220d0ede28b7b3aa0f0607ca44f14e871e76cab8c30bfd0134e64230326622,2562.803120,0.036
b34e792718773cd207a3d3bb54979d4952f301dd15d6f091f57008f075958309,541379714c2250706dfd8b76765ae74953f871377238b361a8666f510afeba58,2568.845820,31.243
739faf50968804bd83adaade1c616b404ad02f354b6bb167295319b0ae5d9899,ca74b92087483a16a012c94b147c899e246570904c23a537cb8daeb2096ce52d,2570.398783,0.975
b2446308f35282348f1c6388346d932f610301eaa65bd0c283d8fb949d15e7cc,d206b500d8a622c7c6e606402b6f218d95ee19d6805d57bd7d6698351eea831a,2577.768471,38.615
e572651326f1337845b6b98e94175d4dc9ec1338a73d1ab7ac61170ccaf88297,5d5cbd388a16ee5f19e2c8c5df4ac7a74ad36fdc9b8a8b0489074a41d61b6884,2583.335967,11.529
739faf50968804bd83adaade1c616b404ad02f354b6bb167295319b0ae5d9899,ca74b92087483a16a012c94b147c899e246570904c23a537cb8daeb2096ce52d,2585.105127,1.903
e572651326f1337845b6b98e94175d4dc9ec1338a73d1ab7ac61170ccaf88297,5d5cbd388a16ee5f19e2c8c5df4ac7a74ad36fdc9b8a8b0489074a41d61b6884,2592.856826,23.199
d9c9a39425c8044015e05eaf8330a6e48bad0e3edf1ec032098fb2c8b045c0b9,55b5c6b8e25e560a5244c522674fa8ad6f8dec1b83a702650726d57f2547c47c,2595.892454,0.063
e572651326f1337845b6b98e94175d4dc9ec1338a73d1ab7ac61170ccaf88297,518cd8f12974202d11b5a16a5437a6a560186fbe9584862c601084cbc18761c6,2608.548592,0.226
739faf50968804bd83adaade1c616b404ad02f354b6bb167295319b0ae5d9899,ca74b92087483a16a012c94b147c899e246570904c23a537cb8daeb2096ce52d,2610.024827,0.278
739faf50968804bd83adaade1c616b404ad02f354b6bb167295319b0ae5d9899,ca74b92087483a16a012c94b147c899e246570904c23a537cb8daeb2096ce52d,2615.986862,1.584
739faf50968804bd83adaade1c616b404ad02f354b6bb167295319b0ae5d9899,ca74b92087483a16a012c94b147c899e246570904c23a537cb8daeb2096ce52d,2619.494023,1.135
739faf50968804bd83adaade1c616b404ad02f354b6bb167295319b0ae5d9899,ca74b92087483a16a012c94b147c899e246570904c23a537cb8daeb2096ce52d,2619.637823,0.799
739faf50968804bd83adaade1c616b404ad02f354b6bb167295319b0ae5d9899,ca74b92087483a16a012c94b147c899e246570904c23a537cb8daeb2096ce52d,2621.100806,0.728
d9c9a39425c8044015e05eaf8330a6e48bad0e3edf1ec032098fb2c8b045c0b9,55b5c6b8e25e560a5244c522674fa8ad6f8dec1b83a702650726d57f2547c47c,2624.059971,0.032
e572651326f1337845b6b98e94175d4dc9ec1338a73d1ab7ac61170ccaf88297,d92f8485c6246b3992a693f22bcc446a2f3d552d1b0cecc3fe637dec8f61e1ac,2626.361191,47.824
87b8ec9b41644a8b32cf64798ee6e0d8d7e5948575669ae9c5a8435a10813266,13220cb8f5b7112c02f2481c968497db0f96a9b6d45bc7204086d9914d5596b5,2629.636059,82.676
e572651326f1337845b6b98e94175d4dc9ec1338a73d1ab7ac61170ccaf88297,518cd8f12974202d11b5a16a5437a6a560186fbe9584862c601084cbc18761c6,2630.937914,0.286
739faf50968804bd83adaade1c616b404ad02f354b6bb167295319b0ae5d9899,ca74b92087483a16a012c94b147c899e246570904c23a537cb8daeb2096ce52d,2635.720177,0.666
cf54d1572c1d632986590f22a8313559a433bd667a10d3d3dae5912dcba6ea78,b259c1e9f9b5415e24c8b3e31485942012cde025f7115eb6c3b87d91de9ef892,2636.391549,0.067
739faf50968804bd83adaade1c616b404ad02f354b6bb167295319b0ae5d9899,ca74b92087483a16a012c94b147c899e246570904c23a537cb8daeb2096ce52d,2641.487900,0.699
e572651326f1337845b6b98e94175d4dc9ec1338a73d1ab7ac61170ccaf88297,d92f8485c6246b3992a693f22bcc446a2f3d552d1b0cecc3fe637dec8f61e1ac,2642.182298,23.637
f7b8083a0342944f477b97a321506ae52fc6e2e76bf6042f2280c281f43ee10d,d414dfb669aa29482336ef26db33feead9a3bd71190ba5d44412a9f8bedf26de,2666.183142,20.850
87b8ec9b41644a8b32cf64798ee6e0d8d7e5948575669ae9c5a8435a10813266,9d4311638952a6ecefb68603a4ade3f6aedf1ff5a2f359c67bbef939d6a2e6dc,2669.115698,0.413
739faf50968804bd83adaade1c616b404ad02f354b6bb167295319b0ae5d9899,ca74b92087483a16a012c94b147c899e246570904c23a537cb8daeb2096ce52d,2698.880987,0.456
e572651326f1337845b6b98e94175d4dc9ec1338a73d1ab7ac61170ccaf88297,d92f8485c6246b3992a693f22bcc446a2f3d552d1b0cecc3fe637dec8f61e1ac,2702.754432,33.471
d9c9a39425c8044015e05eaf8330a6e48bad0e3edf1ec032098fb2c8b045c0b9,7fd157a7b694ec9235842e5191f04eb673f536c6f3bb37a9dc868eaeb977de9b,2703.484166,0.226
e572651326f1337845b6b98e94175d4dc9ec1338a73d1ab7ac61170ccaf88297,5d5cbd388a16ee5f19e2c8c5df4ac7a74ad36fdc9b8a8b0489074a41d61b6884,2706.213444,16.366
e572651326f1337845b6b98e94175d4dc9ec1338a73d1ab7ac61170ccaf88297,d92f8485c6246b3992a693f22bcc446a2f3d552d1b0cecc3fe637dec8f61e1ac,2711.539241,157.892
739faf50968804bd83adaade1c616b404ad02f354b6bb167295319b0ae5d9899,ca74b92087483a16a012c94b147c899e246570904c23a537cb8daeb2096ce52d,2712.740797,0.695
739faf50968804bd83adaade1c616b404ad02f354b6bb167295319b0ae5d9899,ca74b92087483a16a012c94b147c899e246570904c23a537cb8daeb2096ce52d,2715.637130,0.860
e572651326f1337845b6b98e94175d4dc9ec1338a73d1ab7ac61170ccaf88297,d92f8485c6246b3992a693f22bcc446a2f3d552d1b0cecc3fe637dec8f61e1ac,2719.645458,45.728
739faf50968804bd83adaade1c616b404ad02f354b6bb167295319b0ae5d9899,ca74b92087483a16a012c94b147c899e246570904c23a537cb8daeb2096ce52d,2749.320268,2.377
739faf50968804bd83adaade1c616b404ad02f354b6bb167295319b0ae5d9899,ca74b92087483a16a012c94b147c899e246570904c23a537cb8daeb2096ce52d,2751.007887,0.363
739faf50968804bd83adaade1c616b404ad02f354b6bb167295319b0ae5d9899,ca74b92087483a16a012c94b147c899e246570904c23a537cb8daeb2096ce52d,2752.679464,1.192
e572651326f1337845b6b98e94175d4dc9ec1338a73d1ab7ac61170ccaf88297,d92f8485c6246b3992a693f22bcc446a2f3d552d1b0cecc3fe637dec8f61e1ac,2754.086908,64.846
a279432833a21dc66309e252ef3f48f1ddc9eb706839d037a00b3f9f545c5e2d,7f0b52256911bed19622812b8483c07daf2e9103a269f567068ed939e33a2785,2754.600895,1.162
f7b8083a0342944f477b97a321506ae52fc6e2e76bf6042f2280c281f43ee10d,4b2c05f30bc5080fb3ff505c4051509a4406f733b9ccd3386fa0900f3ae0d9bf,2756.226973,0.139
e572651326f1337845b6b98e94175d4dc9ec1338a73d1ab7ac61170ccaf88297,d92f8485c6246b3992a693f22bcc446a2f3d552d1b0cecc3fe637dec8f61e1ac,2756.324840,121.189
e572651326f1337845b6b98e94175d4dc9ec1338a73d1ab7ac61170ccaf88297,d92f8485c6246b3992a693f22bcc446a2f3d552d1b0cecc3fe637dec8f61e1ac,2756.729231,48.625
739faf50968804bd83adaade1c616b404ad02f354b6bb167295319b0ae5d9899,ca74b92087483a16a012c94b147c899e246570904c23a537cb8daeb2096ce52d,2757.744980,1.290
e572651326f1337845b6b98e94175d4dc9ec1338a73d1ab7ac61170ccaf88297,518cd8f12974202d11b5a16a5437a6a560186fbe9584862c601084cbc18761c6,2758.599698,0.146
739faf50968804bd83adaade1c616b404ad02f354b6bb167295319b0ae5d9899,ca74b92087483a16a012c94b147c899e246570904c23a537cb8daeb2096ce52d,2764.085881,0.723
cf54d1572c1d632986590f22a8313559a433bd667a10d3d3dae5912dcba6ea78,b259c1e9f9b5415e24c8b3e31485942012cde025f7115eb6c3b87d91de9ef892,2766.841246,0.054
d9c9a39425c8044015e05eaf8330a6e48bad0e3edf1ec032098fb2c8b045c0b9,55b5c6b8e25e560a5244c522674fa8ad6f8dec1b83a702650726d57f2547c47c,2766.930026,0.055
e572651326f1337845b6b98e94175d4dc9ec1338a73d1ab7ac61170ccaf88297,518cd8f12974202d11b5a16a5437a6a560186fbe9584862c601084cbc18761c6,2769.325739,0.138
cf54d1572c1d632986590f22a8313559a433bd667a10d3d3dae5912dcba6ea78,b259c1e9f9b5415e24c8b3e31485942012cde025f7115eb6c3b87d91de9ef892,2781.482763,0.087
e572651326f1337845b6b98e94175d4dc9ec1338a73d1ab7ac61170ccaf88297,d92f8485c6246b3992a693f22bcc446a2f3d552d1b0cecc3fe637dec8f61e1ac,2782.160311,77.762
739faf50968804bd83adaade1c616b404ad02f354b6bb167295319b0ae5d9899,ca74b92087483a16a012c94b147c899e246570904c23a537cb8daeb2096ce52d,2792.862182,1.237
e572651326f1337845b6b98e94175d4dc9ec1338a73d1ab7ac61170ccaf88297,d92f8485c6246b3992a693f22bcc446a2f3d552d1b0cecc3fe637dec8f61e1ac,2799.578026,36.457
b34e792718773cd207a3d3bb54979d4952f301dd15d6f091f57008f075958309,541379714c2250706dfd8b76765ae74953f871377238b361a8666f510afeba58,2816.109315,51.948
e572651326f1337845b6b98e94175d4dc9ec1338a73d1ab7ac61170ccaf88297,d92f8485c6246b3992a693f22bcc446a2f3d552d1b0cecc3fe637dec8f61e1ac,2820.430307,28.709
87b8ec9b41644a8b32cf64798ee6e0d8d7e5948575669ae9c5a8435a10813266,13220cb8f5b7112c02f2481c968497db0f96a9b6d45bc7204086d9914d5596b5,2823.600579,20.046
a12f22a3f771308d969fd56d18df65bf6960a4101a3daa4cef878997a2e1978b,664c8bd366fc401f874d793373a2aafc5a5a506e2e04d325d5d83557d6df7502,2840.763243,0.087
739faf50968804bd83adaade1c616b404ad02f354b6bb167295319b0ae5d9899,ca74b92087483a16a012c94b147c899e246570904c23a537cb8daeb2096ce52d,2844.652890,0.930
e572651326f1337845b6b98e94175d4dc9ec1338a73d1ab7ac61170ccaf88297,518cd8f12974202d11b5a16a5437a6a560186fbe9584862c601084cbc18761c6,2852.093008,0.103
739faf50968804bd83adaade1c616b404ad02f354b6bb167295319b0ae5d9899,ca74b92087483a16a012c94b147c899e246570904c23a537cb8daeb2096ce52d,2859.260874,0.890
d9c9a39425c8044015e05eaf8330a6e48bad0e3edf1ec032098fb2c8b045c0b9,7fd157a7b694ec9235842e5191f04eb673f536c6f3bb37a9dc868eaeb977de9b,2861.335045,0.290
e572651326f1337845b6b98e94175d4dc9ec1338a73d1ab7ac61170ccaf88297,d92f8485c6246b3992a693f22bcc446a2f3d552d1b0cecc3fe637dec8f61e1ac,2863.721780,32.156
a12f22a3f771308d969fd56d18df65bf6960a4101a3daa4cef878997a2e1978b,5c9849d631846bbec88a0601bf6b0ba43d9e757dbe6f64ca8e4875ba49f7b794,2863.848639,17.516
b2446308f35282348f1c6388346d932f610301eaa65bd0c283d8fb949d15e7cc,db87b76b1f5c22aeb78e8ddae62a3f5b78f28580d14b2d7f7f773702f2da3a3b,2865.771939,0.064
739faf50968804bd83adaade1c616b404ad02f354b6bb167295319b0ae5d9899,ca74b92087483a16a012c94b147c899e246570904c23a537cb8daeb2096ce52d,2867.604676,0.237
a279432833a21dc66309e252ef3f48f1ddc9eb706839d037a00b3f9f545c5e2d,9bfe15fe1c84832456da5d671ec99cfd73e0514bf91abfae306da2457af04221,2874.016500,2.770
d9c9a39425c8044015e05eaf8330a6e48bad0e3edf1ec032098fb2c8b045c0b9,55b5c6b8e25e560a5244c522674fa8ad6f8dec1b83a702650726d57f2547c47c,2878.144073,0.056
e572651326f1337845b6b98e94175d4dc9ec1338a73d1ab7ac61170ccaf88297,5d5cbd388a16ee5f19e2c8c5df4ac7a74ad36fdc9b8a8b0489074a41d61b6884,2879.667244,13.642
d9c9a39425c8044015e05eaf8330a6e48bad0e3edf1ec032098fb2c8b045c0b9,7fd157a7b694ec9235842e5191f04eb673f536c6f3bb37a9dc868eaeb977de9b,2880.314301,0.811
b2446308f35282348f1c6388346d932f610301eaa65bd0c283d8fb949d15e7cc,db87b76b1f5c22aeb78e8ddae62a3f5b78f28580d14b2d7f7f773702f2da3a3b,2881.105835,0.006
a12f22a3f771308d969fd56d18df65bf6960a4101a3daa4cef878997a2e1978b,5c9849d631846bbec88a0601bf6b0ba43d9e757dbe6f64ca8e4875ba49f7b794,2885.503116,6.596
b2446308f35282348f1c6388346d932f610301eaa65bd0c283d8fb949d15e7cc,db87b76b1f5c22aeb78e8ddae62a3f5b78f28580d14b2d7f7f773702f2da3a3b,2888.627026,0.032
f7b8083a0342944f477b97a321506ae52fc6e2e76bf6042f2280c281f43ee10d,d414dfb669aa29482336ef26db33feead9a3bd71190ba5d44412a9f8bedf26de,2888.736826,42.304
a12f22a3f771308d969fd56d18df65bf6960a4101a3daa4cef878997a2e1978b,664c8bd366fc401f874d793373a2aafc5a5a506e2e04d325d5d83557d6df7502,2894.202450,0.083
d9c9a39425c8044015e05eaf8330a6e48bad0e3edf1ec032098fb2c8b045c0b9,7fd157a7b694ec9235842e5191f04eb673f536c6f3bb37a9dc868eaeb977de9b,2897.576639,0.824
d9c9a39425c8044015e05eaf8330a6e48bad0e3edf1ec032098fb2c8b045c0b9,7fd157a7b694ec9235842e5191f04eb673f536c6f3bb37a9dc868eaeb977de9b,2898.003608,0.781
f7b8083a0342944f477b97a321506ae52fc6e2e76bf6042f2280c281f43ee10d,4b2c05f30bc5080fb3ff505c4051509a4406f733b9ccd3386fa0900f3ae0d9bf,2902.633834,0.031
d9c9a39425c8044015e05eaf8330a6e48bad0e3edf1ec032098fb2c8b045c0b9,7fd157a7b694ec9235842e5191f04eb673f536c6f3bb37a9dc868eaeb977de9b,2920.388747,0.262
e572651326f1337845b6b98e94175d4dc9ec1338a73d1ab7ac61170ccaf88297,518cd8f12974202d11b5a16a5437a6a560186fbe9584862c601084cbc18761c6,2934.214989,0.169
a12f22a3f771308d969fd56d18df65bf6960a4101a3daa4cef878997a2e1978b,5c9849d631846bbec88a0601bf6b0ba43d9e757dbe6f64ca8e4875ba49f7b794,2934.393259,23.066
e572651326f1337845b6b98e94175d4dc9ec1338a73d1ab7ac61170ccaf88297,d92f8485c6246b3992a693f22bcc446a2f3d552d1b0cecc3fe637dec8f61e1ac,2935.600264,68.416
e572651326f1337845b6b98e94175d4dc9ec1338a73d1ab7ac61170ccaf88297,d92f8485c6246b3992a693f22bcc446a2f3d552d1b0cecc3fe637dec8f61e1ac,2937.275897,50.503
739faf50968804bd83adaade1c616b404ad02f354b6bb167295319b0ae5d9899,ca74b92087483a16a012c94b147c899e246570904c23a537cb8daeb2096ce52d,2938.225269,1.100
e572651326f1337845b6b98e94175d4dc9ec1338a73d1ab7ac61170ccaf88297,d92f8485c6246b3992a693f22bcc446a2f3d552d1b0cecc3fe637dec8f61e1ac,2938.358443,83.021
739faf50968804bd83adaade1c616b404ad02f354b6bb167295319b0ae5d9899,ca74b92087483a16a012c94b147c899e246570904c23a537cb8daeb2096ce52d,2939.373732,1.291
a7cf2f4bb45576518350fb91bb84800146f1dc257896e3b46b901095987e2a1c,0e0238481987246e775d487dc915a41e718967ef61dc0c3dbf5c2983b02dea84,2943.093599,27.631
d9c9a39425c8044015e05eaf8330a6e48bad0e3edf1ec032098fb2c8b045c0b9,55b5c6b8e25e560a5244c522674fa8ad6f8dec1b83a702650726d57f2547c47c,2945.419898,0.042
b2446308f35282348f1c6388346d932f610301eaa65bd0c283d8fb949d15e7cc,db87b76b1f5c22aeb78e8ddae62a3f5b78f28580d14b2d7f7f773702f2da3a3b,2949.248211,0.092
f7b8083a0342944f477b97a321506ae52fc6e2e76bf6042f2280c281f43ee10d,4b2c05f30bc5080fb3ff505c4051509a4406f733b9ccd3386fa0900f3ae0d9bf,2951.574663,0.025
d9c9a39425c8044015e05eaf8330a6e48bad0e3edf1ec032098fb2c8b045c0b9,55b5c6b8e25e560a5244c522674fa8ad6f8dec1b83a702650726d57f2547c47c,2951.717229,0.082
e572651326f1337845b6b98e94175d4dc9ec1338a73d1ab7ac61170ccaf88297,d92f8485c6246b3992a693f22bcc446a2f3d552d1b0cecc3fe637dec8f61e1ac,2965.570814,89.530
e572651326f1337845b6b98e94175d4dc9ec1338a73d1ab7ac61170ccaf88297,d92f8485c6246b3992a693f22bcc446a2f3d552d1b0cecc3fe637dec8f61e1ac,2974.485504,167.612
739faf50968804bd83adaade1c616b404ad02f354b6bb167295319b0ae5d9899,ca74b92087483a16a012c94b147c899e246570904c23a537cb8daeb2096ce52d,2976.060548,0.422
cf54d1572c1d632986590f22a8313559a433bd667a10d3d3dae5912dcba6ea78,b259c1e9f9b5415e24c8b3e31485942012cde025f7115eb6c3b87d91de9ef892,2979.098209,0.066
739faf50968804bd83adaade1c616b404ad02f354b6bb167295319b0ae5d9899,ca74b92087483a16a012c94b147c899e246570904c23a537cb8daeb2096ce52d,2980.508927,1.769
f7b8083a0342944f477b97a321506ae52fc6e2e76bf6042f2280c281f43ee10d,4b2c05f30bc5080fb3ff505c4051509a4406f733b9ccd3386fa0900f3ae0d9bf,2987.368808,0.041
739faf50968804bd83adaade1c616b404ad02f354b6bb167295319b0ae5d9899,ca74b92087483a16a012c94b147c899e246570904c23a537cb8daeb2096ce52d,2991.717114,1.434
d9c9a39425c8044015e05eaf8330a6e48bad0e3edf1ec032098fb2c8b045c0b9,7fd157a7b694ec9235842e5191f04eb673f536c6f3bb37a9dc868eaeb977de9b,2998.137023,1.327
e572651326f1337845b6b98e94175d4dc9ec1338a73d1ab7ac61170ccaf88297,5d5cbd388a16ee5f19e2c8c5df4ac7a74ad36fdc9b8a8b0489074a41d61b6884,2998.231671,4.045
739faf50968804bd83adaade1c616b404ad02f354b6bb167295319b0ae5d9899,ca74b92087483a16a012c94b147c899e246570904c23a537cb8daeb2096ce52d,2999.211118,0.398
d9c9a39425c8044015e05eaf8330a6e48bad0e3edf1ec032098fb2c8b045c0b9,7fd157a7b694ec9235842e5191f04eb673f536c6f3bb37a9dc868eaeb977de9b,2999.250326,0.605
e572651326f1337845b6b98e94175d4dc9ec1338a73d1ab7ac61170ccaf88297,5d5cbd388a16ee5f19e2c8c5df4ac7a74ad36fdc9b8a8b0489074a41d61b6884,3000.036135,21.509
e572651326f1337845b6b98e94175d4dc9ec1338a73d1ab7ac61170ccaf88297,518cd8f12974202d11b5a16a5437a6a560186fbe9584862c601084cbc18761c6,3001.750882,0.367
739faf50968804bd83adaade1c616b404ad02f354b6bb167295319b0ae5d9899,ca74b92087483a16a012c94b147c899e246570904c23a537cb8daeb2096ce52d,3001.923642,0.514
739faf50968804bd83adaade1c616b404ad02f354b6bb167295319b0ae5d9899,ca74b92087483a16a012c94b147c899e246570904c23a537cb8daeb2096ce52d,3003.601590,0.371
e572651326f1337845b6b98e94175d4dc9ec1338a73d1ab7ac61170ccaf88297,d92f8485c6246b3992a693f22bcc446a2f3d552d1b0cecc3fe637dec8f61e1ac,3004.747576,64.370
f7b8083a0342944f477b97a321506ae52fc6e2e76bf6042f2280c281f43ee10d,d414dfb669aa29482336ef26db33feead9a3bd71190ba5d44412a9f8bedf26de,3006.237014,6.656
e572651326f1337845b6b98e94175d4dc9ec1338a73d1ab7ac61170ccaf88297,5d5cbd388a16ee5f19e2c8c5df4ac7a74ad36fdc9b8a8b0489074a41d61b6884,3007.691645,9.477
e572651326f1337845b6b98e94175d4dc9ec1338a73d1ab7ac61170ccaf88297,d92f8485c6246b3992a693f22bcc446a2f3d552d1b0cecc3fe637dec8f61e1ac,3011.410852,50.307
d9c9a39425c8044015e05eaf8330a6e48bad0e3edf1ec032098fb2c8b045c0b9,55b5c6b8e25e560a5244c522674fa8ad6f8dec1b83a702650726d57f2547c47c,3022.417174,0.037
739faf50968804bd83adaade1c616b404ad02f354b6bb167295319b0ae5d9899,ca74b92087483a16a012c94b147c899e246570904c23a537cb8daeb2096ce52d,3025.509446,1.212
87b8ec9b41644a8b32cf64798ee6e0d8d7e5948575669ae9c5a8435a10813266,b85146d6fb2fb1b37a7b668f36287a534543da7a2bc393eac28fd9e974908af0,3028.490236,3.174
739faf50968804bd83adaade1c616b404ad02f354b6bb167295319b0ae5d9899,ca74b92087483a16a012c94b147c899e246570904c23a537cb8daeb2096ce52d,3040.770592,0.623
739faf50968804bd83adaade1c616b404ad02f354b6bb167295319b0ae5d9899,ca74b92087483a16a012c94b147c899e246570904c23a537cb8daeb2096ce52d,3044.587640,0.881
d9c9a39425c8044015e05eaf8330a6e48bad0e3edf1ec032098fb2c8b045c0b9,7fd157a7b694ec9235842e5191f04eb673f536c6f3bb37a9dc868eaeb977de9b,3049.329081,1.131
aa09fd0de23af2f42704ea3f7a832860e356cb21fbe99fb4c513e0ac64da3ce9,a7220d0ede28b7b3aa0f0607ca44f14e871e76cab8c30bfd0134e64230326622,3051.033437,0.058
739faf50968804bd83adaade1c616b404ad02f354b6bb167295319b0ae5d9899,ca74b92087483a16a012c94b147c899e246570904c23a537cb8daeb2096ce52d,3051.205381,0.679
aa09fd0de23af2f42704ea3f7a832860e356cb21fbe99fb4c513e0ac64da3ce9,a7220d0ede28b7b3aa0f0607ca44f14e871e76cab8c30bfd0134e64230326622,3051.378003,0.032
e572651326f1337845b6b98e94175d4dc9ec1338a73d1ab7ac61170ccaf88297,5d5cbd388a16ee5f19e2c8c5df4ac7a74ad36fdc9b8a8b0489074a41d61b6884,3051.826999,14.584
739faf50968804bd83adaade1c616b404ad02f354b6bb167295319b0ae5d9899,ca74b92087483a16a012c94b147c899e246570904c23a537cb8daeb2096ce52d,3052.966490,0.496
efcdd56913d0ce6927045a6f4e8bc025d4bc3a901c3f657e7c0c0d52a157e940,d3001621518a70a020141bf2f78060d34d8b1d6a417c7d5ad0650366921617ac,3054.136189,0.209
cf54d1572c1d632986590f22a8313559a433bd667a10d3d3dae5912dcba6ea78,b259c1e9f9b5415e24c8b3e31485942012cde025f7115eb6c3b87d91de9ef892,3056.373220,0.027
e572651326f1337845b6b98e94175d4dc9ec1338a73d1ab7ac61170ccaf88297,518cd8f12974202d11b5a16a5437a6a560186fbe9584862c601084cbc18761c6,3063.260313,0.412
87b8ec9b41644a8b32cf64798ee6e0d8d7e5948575669ae9c5a8435a10813266,13220cb8f5b7112c02f2481c968497db0f96a9b6d45bc7204086d9914d5596b5,3064.805279,84.133
4bd219625127e9d2e12f7eb21015642ad64f42ea61a16f5577db0c2e7a54d4cf,97c31670ec24a392969c8bc769ded28f0ea827f99e77c918ebe894b02f4511dd,3066.107190,27.484
e572651326f1337845b6b98e94175d4dc9ec1338a73d1ab7ac61170ccaf88297,518cd8f12974202d11b5a16a5437a6a560186fbe9584862c601084cbc18761c6,3072.191273,0.528
4bd219625127e9d2e12f7eb21015642ad64f42ea61a16f5577db0c2e7a54d4cf,1b9ff14203f132f3ca0342f8491d5b4e61000dbca9a88d6ef78132611cf99466,3072.247483,11.946
e572651326f1337845b6b98e94175d4dc9ec1338a73d1ab7ac61170ccaf88297,d92f8485c6246b3992a693f22bcc446a2f3d552d1b0cecc3fe637dec8f61e1ac,3074.725296,162.775
739faf50968804bd83adaade1c616b404ad02f354b6bb167295319b0ae5d9899,ca74b92087483a16a012c94b147c899e246570904c23a537cb8daeb2096ce52d,3075.565329,0.541
a279432833a21dc66309e252ef3f48f1ddc9eb706839d037a00b3f9f545c5e2d,9bfe15fe1c84832456da5d671ec99cfd73e0514bf91abfae306da2457af04221,3079.728761,5.936
739faf50968804bd83adaade1c616b404ad02f354b6bb167295319b0ae5d9899,ca74b92087483a16a012c94b147c899e246570904c23a537cb8daeb2096ce52d,3082.097167,0.553
aa09fd0de23af2f42704ea3f7a832860e356cb21fbe99fb4c513e0ac64da3ce9,a7220d0ede28b7b3aa0f0607ca44f14e871e76cab8c30bfd0134e64230326622,3082.729928,0.041
e572651326f1337845b6b98e94175d4dc9ec1338a73d1ab7ac61170ccaf88297,d92f8485c6246b3992a693f22bcc446a2f3d552d1b0cecc3fe637dec8f61e1ac,3085.231298,24.132
739faf50968804bd83adaade1c616b404ad02f354b6bb167295319b0ae5d9899,ca74b92087483a16a012c94b147c899e246570904c23a537cb8daeb2096ce52d,3089.049119,0.211
e572651326f1337845b6b98e94175d4dc9ec1338a73d1ab7ac61170ccaf88297,d92f8485c6246b3992a693f22bcc446a2f3d552d1b0cecc3fe637dec8f61e1ac,3089.754898,111.755
739faf50968804bd83adaade1c616b404ad02f354b6bb167295319b0ae5d9899,ca74b92087483a16a012c94b147c899e246570904c23a537cb8daeb2096ce52d,3094.014372,2.276
739faf50968804bd83adaade1c616b404ad02f354b6bb167295319b0ae5d9899,ca74b92087483a16a012c94b147c899e246570904c23a537cb8daeb2096ce52d,3098.295509,0.410
e572651326f1337845b6b98e94175d4dc9ec1338a73d1ab7ac61170ccaf88297,d92f8485c6246b3992a693f22bcc446a2f3d552d1b0cecc3fe637dec8f61e1ac,3121.097481,72.870
e572651326f1337845b6b98e94175d4dc9ec1338a73d1ab7ac61170ccaf88297,5d5cbd388a16ee5f19e2c8c5df4ac7a74ad36fdc9b8a8b0489074a41d61b6884,3133.026066,2.982
739faf50968804bd83adaade1c616b404ad02f354b6bb167295319b0ae5d9899,ca74b92087483a16a012c94b147c899e246570904c23a537cb8daeb2096ce52d,3138.823002,1.784
739faf50968804bd83adaade1c616b404ad02f354b6bb167295319b0ae5d9899,ca74b92087483a16a012c94b147c899e246570904c23a537cb8daeb2096ce52d,3140.202575,1.476
739faf50968804bd83adaade1c616b404ad02f354b6bb167295319b0ae5d9899,ca74b92087483a16a012c94b147c899e246570904c23a537cb8daeb2096ce52d,3143.868023,0.672
e572651326f1337845b6b98e94175d4dc9ec1338a73d1ab7ac61170ccaf88297,d92f8485c6246b3992a693f22bcc446a2f3d552d1b0cecc3fe637dec8f61e1ac,3147.675919,140.816
e572651326f1337845b6b98e94175d4dc9ec1338a73d1ab7ac61170ccaf88297,d92f8485c6246b3992a693f22bcc446a2f3d552d1b0cecc3fe637dec8f61e1ac,3148.555841,28.826
e572651326f1337845b6b98e94175d4dc9ec1338a73d1ab7ac61170ccaf88297,d92f8485c6246b3992a693f22bcc446a2f3d552d1b0cecc3fe637dec8f61e1ac,3152.517697,45.453
739faf50968804bd83adaade1c616b404ad02f354b6bb167295319b0ae5d9899,ca74b92087483a16a012c94b147c899e246570904c23a537cb8daeb2096ce52d,3155.902911,0.338
eddb92315799e0eaf5d18b84bc5948186fbc33c0190b04c815d75765a979435c,78ec164daacd5c9e215e76ca4dfb2d1ef3a94743f8b329a281a0e9782a09f749,3159.868745,27.204
d9c9a39425c8044015e05eaf8330a6e48bad0e3edf1ec032098fb2c8b045c0b9,55b5c6b8e25e560a5244c522674fa8ad6f8dec1b83a702650726d57f2547c47c,3173.795091,0.033
b34e792718773cd207a3d3bb54979d4952f301dd15d6f091f57008f075958309,541379714c2250706dfd8b76765ae74953f871377238b361a8666f510afeba58,3180.590902,56.490
36918b2e6c7d7af242c355afc840cf4665e3ea068cf464571367b9c37779bf80,7256bfbb7f3fd68f57187fc7395b4cbcb317c2abb99ee066d02f0844dbcb8ee7,3181.636112,3.714
739faf50968804bd83adaade1c616b404ad02f354b6bb167295319b0ae5d9899,ca74b92087483a16a012c94b147c899e246570904c23a537cb8daeb2096ce52d,3183.467676,0.674
a12f22a3f771308d969fd56d18df65bf6960a4101a3daa4cef878997a2e1978b,664c8bd366fc401f874d793373a2aafc5a5a506e2e04d325d5d83557d6df7502,3183.831432,0.088
739faf50968804bd83adaade1c616b404ad02f354b6bb167295319b0ae5d9899,ca74b92087483a16a012c94b147c899e246570904c23a537cb8daeb2096ce52d,3191.425617,1.437
a7cf2f4bb45576518350fb91bb84800146f1dc257896e3b46b901095987e2a1c,6a144e613e2220f49247934c6e896484265f3763008c3235599da7133c320b63,3192.849975,0.324
739faf50968804bd83adaade1c616b404ad02f354b6bb167295319b0ae5d9899,ca74b92087483a16a012c94b147c899e246570904c23a537cb8daeb2096ce52d,3194.509309,1.260
a279432833a21dc66309e252ef3f48f1ddc9eb706839d037a00b3f9f545c5e2d,9bfe15fe1c84832456da5d671ec99cfd73e0514bf91abfae306da2457af04221,3206.504188,1.594
e572651326f1337845b6b98e94175d4dc9ec1338a73d1ab7ac61170ccaf88297,518cd8f12974202d11b5a16a5437a6a560186fbe9584862c601084cbc18761c6,3212.892968,0.132
739faf50968804bd83adaade1c616b404ad02f354b6bb167295319b0ae5d9899,ca74b92087483a16a012c94b147c899e246570904c23a537cb8daeb2096ce52d,3216.790340,1.003
e572651326f1337845b6b98e94175d4dc9ec1338a73d1ab7ac61170ccaf88297,d92f8485c6246b3992a693f22bcc446a2f3d552d1b0cecc3fe637dec8f61e1ac,3219.161064,36.729
f4930f068e300bc29cc1ba31414e01d1eaf55b1607c65985536c868ec9323990,46a59e3a4d9e4fefe6b34e678125ce95ab071f1126ec503557f26ec575c1941b,3222.776068,1.260
f7b8083a0342944f477b97a321506ae52fc6e2e76bf6042f2280c281f43ee10d,4b2c05f30bc5080fb3ff505c4051509a4406f733b9ccd3386fa0900f3ae0d9bf,3226.083824,0.048
b34e792718773cd207a3d3bb54979d4952f301dd15d6f091f57008f075958309,541379714c2250706dfd8b76765ae74953f871377238b361a8666f510afeba58,3226.827307,78.257
e572651326f1337845b6b98e94175d4dc9ec1338a73d1ab7ac61170ccaf88297,d92f8485c6246b3992a693f22bcc446a2f3d552d1b0cecc3fe637dec8f61e1ac,3230.609761,42.992
aa09fd0de23af2f42704ea3f7a832860e356cb21fbe99fb4c513e0ac64da3ce9,a7220d0ede28b7b3aa0f0607ca44f14e871e76cab8c30bfd0134e64230326622,3235.665538,0.046
739faf50968804bd83adaade1c616b404ad02f354b6bb167295319b0ae5d9899,ca74b92087483a16a012c94b147c899e246570904c23a537cb8daeb2096ce52d,3240.121745,0.785
87b8ec9b41644a8b32cf64798ee6e0d8d7e5948575669ae9c5a8435a10813266,9d4311638952a6ecefb68603a4ade3f6aedf1ff5a2f359c67bbef939d6a2e6dc,3240.285933,0.104
d9c9a39425c8044015e05eaf8330a6e48bad0e3edf1ec032098fb2c8b045c0b9,7fd157a7b694ec9235842e5191f04eb673f536c6f3bb37a9dc868eaeb977de9b,3242.775924,0.706
d9c9a39425c8044015e05eaf8330a6e48bad0e3edf1ec032098fb2c8b045c0b9,55b5c6b8e25e560a5244c522674fa8ad6f8dec1b83a702650726d57f2547c47c,3250.719802,0.036
739faf50968804bd83adaade1c616b404ad02f354b6bb167295319b0ae5d9899,ca74b92087483a16a012c94b147c899e246570904c23a537cb8daeb2096ce52d,3258.667419,0.218
e572651326f1337845b6b98e94175d4dc9ec1338a73d1ab7ac61170ccaf88297,5d5cbd388a16ee5f19e2c8c5df4ac7a74ad36fdc9b8a8b0489074a41d61b6884,3264.933913,4.955
739faf50968804bd83adaade1c616b404ad02f354b6bb167295319b0ae5d9899,ca74b92087483a16a012c94b147c899e246570904c23a537cb8daeb2096ce52d,3280.982577,1.033
e572651326f1337845b6b98e94175d4dc9ec1338a73d1ab7ac61170ccaf88297,518cd8f12974202d11b5a16a5437a6a560186fbe9584862c601084cbc18761c6,3289.966853,0.088
87b8ec9b41644a8b32cf64798ee6e0d8d7e5948575669ae9c5a8435a10813266,9d4311638952a6ecefb68603a4ade3f6aedf1ff5a2f359c67bbef939d6a2e6dc,3293.518171,0.369
a12f22a3f771308d969fd56d18df65bf6960a4101a3daa4cef878997a2e1978b,5c9849d631846bbec88a0601bf6b0ba43d9e757dbe6f64ca8e4875ba49f7b794,3294.143753,5.045
e572651326f1337845b6b98e94175d4dc9ec1338a73d1ab7ac61170ccaf88297,d92f8485c6246b3992a693f22bcc446a2f3d552d1b0cecc3fe637dec8f61e1ac,3301.126685,33.380
739faf50968804bd83adaade1c616b404ad02f354b6bb167295319b0ae5d9899,ca74b92087483a16a012c94b147c899e246570904c23a537cb8daeb2096ce52d,3304.983173,0.578
d9c9a39425c8044015e05eaf8330a6e48bad0e3edf1ec032098fb2c8b045c0b9,7fd157a7b694ec9235842e5191f04eb673f536c6f3bb37a9dc868eaeb977de9b,3308.428835,0.887
4bd219625127e9d2e12f7eb21015642ad64f42ea61a16f5577db0c2e7a54d4cf,1b9ff14203f132f3ca0342f8491d5b4e61000dbca9a88d6ef78132611cf99466,3311.335130,2.607
e572651326f1337845b6b98e94175d4dc9ec1338a73d1ab7ac61170ccaf88297,5d5cbd388a16ee5f19e2c8c5df4ac7a74ad36fdc9b8a8b0489074a41d61b6884,3313.876276,29.165
4bd219625127e9d2e12f7eb21015642ad64f42ea61a16f5577db0c2e7a54d4cf,97c31670ec24a392969c8bc769ded28f0ea827f99e77c918ebe894b02f4511dd,3319.251671,7.368
e572651326f1337845b6b98e94175d4dc9ec1338a73d1ab7ac61170ccaf88297,d92f8485c6246b3992a693f22bcc446a2f3d552d1b0cecc3fe637dec8f61e1ac,3322.164260,21.666
739faf50968804bd83adaade1c616b404ad02f354b6bb167295319b0ae5d9899,ca74b92087483a16a012c94b147c899e246570904c23a537cb8daeb2096ce52d,3326.161120,0.989
f7b8083a0342944f477b97a321506ae52fc6e2e76bf6042f2280c281f43ee10d,4b2c05f30bc5080fb3ff505c4051509a4406f733b9ccd3386fa0900f3ae0d9bf,3335.049332,0.016
e572651326f1337845b6b98e94175d4dc9ec1338a73d1ab7ac61170ccaf88297,d92f8485c6246b3992a693f22bcc446a2f3d552d1b0cecc3fe637dec8f61e1ac,3338.186722,111.198
e572651326f1337845b6b98e94175d4dc9ec1338a73d1ab7ac61170ccaf88297,518cd8f12974202d11b5a16a5437a6a560186fbe9584862c601084cbc18761c6,3341.424446,0.271
b34e792718773cd207a3d3bb54979d4952f301dd15d6f091f57008f075958309,541379714c2250706dfd8b76765ae74953f871377238b361a8666f510afeba58,3349.821765,48.492
b34e792718773cd207a3d3bb54979d4952f301dd15d6f091f57008f075958309,541379714c2250706dfd8b76765ae74953f871377238b361a8666f510afeba58,3359.534885,86.349
f4930f068e300bc29cc1ba31414e01d1eaf55b1607c65985536c868ec9323990,f98b902a5d78635ca9426bf7b222c0f2e63e8316254891c86ab6c55292b5c8b2,3363.315812,0.246
aa09fd0de23af2f42704ea3f7a832860e356cb21fbe99fb4c513e0ac64da3ce9,a7220d0ede28b7b3aa0f0607ca44f14e871e76cab8c30bfd0134e64230326622,3364.774226,0.082
b2446308f35282348f1c6388346d932f610301eaa65bd0c283d8fb949d15e7cc,d206b500d8a622c7c6e606402b6f218d95ee19d6805d57bd7d6698351eea831a,3377.757413,66.440
e572651326f1337845b6b98e94175d4dc9ec1338a73d1ab7ac61170ccaf88297,d92f8485c6246b3992a693f22bcc446a2f3d552d1b0cecc3fe637dec8f61e1ac,3379.174428,56.012
739faf50968804bd83adaade1c616b404ad02f354b6bb167295319b0ae5d9899,ca74b92087483a16a012c94b147c899e246570904c23a537cb8daeb2096ce52d,3382.149529,0.498
7475824cc4748c3fc8576d1ba486950f36d81d9cb5336cc1da801ef313b516d8,eac0d7c37985ac4669b288f34505f79c6df5fc76371ca3b80b783133b39adfbd,3384.650198,48.026
739faf50968804bd83adaade1c616b404ad02f354b6bb167295319b0ae5d9899,ca74b92087483a16a012c94b147c899e246570904c23a537cb8daeb2096ce52d,3388.945628,0.730
b2446308f35282348f1c6388346d932f610301eaa65bd0c283d8fb949d15e7cc,db87b76b1f5c22aeb78e8ddae62a3f5b78f28580d14b2d7f7f773702f2da3a3b,3394.061221,0.133
d9c9a39425c8044015e05eaf8330a6e48bad0e3edf1ec032098fb2c8b045c0b9,7fd157a7b694ec9235842e5191f04eb673f536c6f3bb37a9dc868eaeb977de9b,3395.379238,1.167
e572651326f1337845b6b98e94175d4dc9ec1338a73d1ab7ac61170ccaf88297,d92f8485c6246b3992a693f22bcc446a2f3d552d1b0cecc3fe637dec8f61e1ac,3398.747451,36.702
e572651326f1337845b6b98e94175d4dc9ec1338a73d1ab7ac61170ccaf88297,518cd8f12974202d11b5a16a5437a6a560186fbe9584862c601084cbc18761c6,3409.627400,0.105
f7b8083a0342944f477b97a321506ae52fc6e2e76bf6042f2280c281f43ee10d,d414dfb669aa29482336ef26db33feead9a3bd71190ba5d44412a9f8bedf26de,3412.213801,11.824
e572651326f1337845b6b98e94175d4dc9ec1338a73d1ab7ac61170ccaf88297,518cd8f12974202d11b5a16a5437a6a560186fbe9584862c601084cbc18761c6,3414.375493,0.046
e572651326f1337845b6b98e94175d4dc9ec1338a73d1ab7ac61170ccaf88297,5d5cbd388a16ee5f19e2c8c5df4ac7a74ad36fdc9b8a8b0489074a41d61b6884,3415.884964,8.346
739faf50968804bd83adaade1c616b404ad02f354b6bb167295319b0ae5d9899,ca74b92087483a16a012c94b147c899e246570904c23a537cb8daeb2096ce52d,3432.011809,0.979
e572651326f1337845b6b98e94175d4dc9ec1338a73d1ab7ac61170ccaf88297,518cd8f12974202d11b5a16a5437a6a560186fbe9584862c601084cbc18761c6,3445.794897,0.171
739faf50968804bd83adaade1c616b404ad02f354b6bb167295319b0ae5d9899,ca74b92087483a16a012c94b147c899e246570904c23a537cb8daeb2096ce52d,3453.439127,1.151
efcdd56913d0ce6927045a6f4e8bc025d4bc3a901c3f657e7c0c0d52a157e940,d3001621518a70a020141bf2f78060d34d8b1d6a417c7d5ad0650366921617ac,3466.060222,0.290
a12f22a3f771308d969fd56d18df65bf6960a4101a3daa4cef878997a2e1978b,664c8bd366fc401f874d793373a2aafc5a5a506e2e04d325d5d83557d6df7502,3466.401692,0.029
739faf50968804bd83adaade1c616b404ad02f354b6bb167295319b0ae5d9899,ca74b92087483a16a012c94b147c899e246570904c23a537cb8daeb2096ce52d,3468.942899,0.549
36918b2e6c7d7af242c355afc840cf4665e3ea068cf464571367b9c37779bf80,7256bfbb7f3fd68f57187fc7395b4cbcb317c2abb99ee066d02f0844dbcb8ee7,3470.567538,3.317
b2446308f35282348f1c6388346d932f610301eaa65bd0c283d8fb949d15e7cc,db87b76b1f5c22aeb78e8ddae62a3f5b78f28580d14b2d7f7f773702f2da3a3b,3470.586648,0.102
a12f22a3f771308d969fd56d18df65bf6960a4101a3daa4cef878997a2e1978b,5c9849d631846bbec88a0601bf6b0ba43d9e757dbe6f64ca8e4875ba49f7b794,3477.422175,11.910
e572651326f1337845b6b98e94175d4dc9ec1338a73d1ab7ac61170ccaf88297,d92f8485c6246b3992a693f22bcc446a2f3d552d1b0cecc3fe637dec8f61e1ac,3481.742180,39.886
d9c9a39425c8044015e05eaf8330a6e48bad0e3edf1ec032098fb2c8b045c0b9,7fd157a7b694ec9235842e5191f04eb673f536c6f3bb37a9dc868eaeb977de9b,3482.434012,0.674
739faf50968804bd83adaade1c616b404ad02f354b6bb167295319b0ae5d9899,ca74b92087483a16a012c94b147c899e246570904c23a537cb8daeb2096ce52d,3485.788536,0.959
b34e792718773cd207a3d3bb54979d4952f301dd15d6f091f57008f075958309,541379714c2250706dfd8b76765ae74953f871377238b361a8666f510afeba58,3494.933305,154.661
cf54d1572c1d632986590f22a8313559a433bd667a10d3d3dae5912dcba6ea78,b259c1e9f9b5415e24c8b3e31485942012cde025f7115eb6c3b87d91de9ef892,3499.442484,0.052
e572651326f1337845b6b98e94175d4dc9ec1338a73d1ab7ac61170ccaf88297,d92f8485c6246b3992a693f22bcc446a2f3d552d1b0cecc3fe637dec8f61e1ac,3499.624640,48.636
cf54d1572c1d632986590f22a8313559a433bd667a10d3d3dae5912dcba6ea78,b259c1e9f9b5415e24c8b3e31485942012cde025f7115eb6c3b87d91de9ef892,3501.043229,0.063
e572651326f1337845b6b98e94175d4dc9ec1338a73d1ab7ac61170ccaf88297,d92f8485c6246b3992a693f22bcc446a2f3d552d1b0cecc3fe637dec8f61e1ac,3506.722264,86.663
739faf50968804bd83adaade1c616b404ad02f354b6bb167295319b0ae5d9899,ca74b92087483a16a012c94b147c899e246570904c23a537cb8daeb2096ce52d,3508.022612,1.316
a12f22a3f771308d969fd56d18df65bf6960a4101a3daa4cef878997a2e1978b,5c9849d631846bbec88a0601bf6b0ba43d9e757dbe6f64ca8e4875ba49f7b794,3509.096278,7.548
d9c9a39425c8044015e05eaf8330a6e48bad0e3edf1ec032098fb2c8b045c0b9,55b5c6b8e25e560a5244c522674fa8ad6f8dec1b83a702650726d57f2547c47c,3510.288655,0.030
e572651326f1337845b6b98e94175d4dc9ec1338a73d1ab7ac61170ccaf88297,5d5cbd388a16ee5f19e2c8c5df4ac7a74ad36fdc9b8a8b0489074a41d61b6884,3514.148729,6.631
a279432833a21dc66309e252ef3f48f1ddc9eb706839d037a00b3f9f545c5e2d,7f0b52256911bed19622812b8483c07daf2e9103a269f567068ed939e33a2785,3518.441448,0.447
e572651326f1337845b6b98e94175d4dc9ec1338a73d1ab7ac61170ccaf88297,d92f8485c6246b3992a693f22bcc446a2f3d552d1b0cecc3fe637dec8f61e1ac,3524.559878,45.387
e572651326f1337845b6b98e94175d4dc9ec1338a73d1ab7ac61170ccaf88297,d92f8485c6246b3992a693f22bcc446a2f3d552d1b0cecc3fe637dec8f61e1ac,3531.747246,45.587
e572651326f1337845b6b98e94175d4dc9ec1338a73d1ab7ac61170ccaf88297,d92f8485c6246b3992a693f22bcc446a2f3d552d1b0cecc3fe637dec8f61e1ac,3534.550160,99.852
e572651326f1337845b6b98e94175d4dc9ec1338a73d1ab7ac61170ccaf88297,5d5cbd388a16ee5f19e2c8c5df4ac7a74ad36fdc9b8a8b0489074a41d61b6884,3538.947520,34.294
4bd219625127e9d2e12f7eb21015642ad64f42ea61a16f5577db0c2e7a54d4cf,1b9ff14203f132f3ca0342f8491d5b4e61000dbca9a88d6ef78132611cf99466,3547.788935,1.228
36918b2e6c7d7af242c355afc840cf4665e3ea068cf464571367b9c37779bf80,7256bfbb7f3fd68f57187fc7395b4cbcb317c2abb99ee066d02f0844dbcb8ee7,3548.384360,9.421
739faf50968804bd83adaade1c616b404ad02f354b6bb167295319b0ae5d9899,ca74b92087483a16a012c94b147c899e246570904c23a537cb8daeb2096ce52d,3553.668349,1.254
e572651326f1337845b6b98e94175d4dc9ec1338a73d1ab7ac61170ccaf88297,d92f8485c6246b3992a693f22bcc446a2f3d552d1b0cecc3fe637dec8f61e1ac,3555.562628,33.491
a12f22a3f771308d969fd56d18df65bf6960a4101a3daa4cef878997a2e1978b,5c9849d631846bbec88a0601bf6b0ba43d9e757dbe6f64ca8e4875ba49f7b794,3565.613461,25.290
739faf50968804bd83adaade1c616b404ad02f354b6bb167295319b0ae5d9899,ca74b92087483a16a012c94b147c899e246570904c23a537cb8daeb2096ce52d,3571.802061,1.123
d9c9a39425c8044015e05eaf8330a6e48bad0e3edf1ec032098fb2c8b045c0b9,55b5c6b8e25e560a5244c522674fa8ad6f8dec1b83a702650726d57f2547c47c,3573.384139,0.056
64db848c9bc5db515c94ab30eee3c35decfe835ca8a6c40b0821fe30aaa04cdb,f219acf93580c06f4504a74e90b2f826094f3544ca2f60a49b929ab5d1f80d31,3575.257343,4.198
739faf50968804bd83adaade1c616b404ad02f354b6bb167295319b0ae5d9899,ca74b92087483a16a012c94b147c899e246570904c23a537cb8daeb2096ce52d,3579.436604,0.622
d9c9a39425c8044015e05eaf8330a6e48bad0e3edf1ec032098fb2c8b045c0b9,7fd157a7b694ec9235842e5191f04eb673f536c6f3bb37a9dc868eaeb977de9b,3579.517058,1.919
d9c9a39425c8044015e05eaf8330a6e48bad0e3edf1ec032098fb2c8b045c0b9,7fd157a7b694ec9235842e5191f04eb673f536c6f3bb37a9dc868eaeb977de9b,3580.884823,0.847
cf54d1572c1d632986590f22a8313559a433bd667a10d3d3dae5912dcba6ea78,b259c1e9f9b5415e24c8b3e31485942012cde025f7115eb6c3b87d91de9ef892,3582.931660,0.112
d9c9a39425c8044015e05eaf8330a6e48bad0e3edf1ec032098fb2c8b045c0b9,55b5c6b8e25e560a5244c522674fa8ad6f8dec1b83a702650726d57f2547c47c,3586.784250,0.037
e572651326f1337845b6b98e94175d4dc9ec1338a73d1ab7ac61170ccaf88297,d92f8485c6246b3992a693f22bcc446a2f3d552d1b0cecc3fe637dec8f61e1ac,3593.960130,47.441
87b8ec9b41644a8b32cf64798ee6e0d8d7e5948575669ae9c5a8435a10813266,9d4311638952a6ecefb68603a4ade3f6aedf1ff5a2f359c67bbef939d6a2e6dc,3613.110948,0.162
739faf50968804bd83adaade1c616b404ad02f354b6bb167295319b0ae5d9899,ca74b92087483a16a012c94b147c899e246570904c23a537cb8daeb2096ce52d,3613.312595,0.718
739faf50968804bd83adaade1c616b404ad02f354b6bb167295319b0ae5d9899,ca74b92087483a16a012c94b147c899e246570904c23a537cb8daeb2096ce52d,3618.586803,0.848
739faf50968804bd83adaade1c616b404ad02f354b6bb167295319b0ae5d9899,ca74b92087483a16a012c94b147c899e246570904c23a537cb8daeb2096ce52d,3618.874376,0.545
739faf50968804bd83adaade1c616b404ad02f354b6bb167295319b0ae5d9899,ca74b92087483a16a012c94b147c899e246570904c23a537cb8daeb2096ce52d,3625.919361,1.684
d9c9a39425c8044015e05eaf8330a6e48bad0e3edf1ec032098fb2c8b045c0b9,7fd157a7b694ec9235842e5191f04eb673f536c6f3bb37a9dc868eaeb977de9b,3627.507639,1.794
739faf50968804bd83adaade1c616b404ad02f354b6bb167295319b0ae5d9899,ca74b92087483a16a012c94b147c899e246570904c23a537cb8daeb2096ce52d,3628.584885,0.298
e572651326f1337845b6b98e94175d4dc9ec1338a73d1ab7ac61170ccaf88297,d92f8485c6246b3992a693f22bcc446a2f3d552d1b0cecc3fe637dec8f61e1ac,3629.637471,44.015
a7cf2f4bb45576518350fb91bb84800146f1dc257896e3b46b901095987e2a1c,6a144e613e2220f49247934c6e896484265f3763008c3235599da7133c320b63,3631.614801,0.067
739faf50968804bd83adaade1c616b404ad02f354b6bb167295319b0ae5d9899,ca74b92087483a16a012c94b147c899e246570904c23a537cb8daeb2096ce52d,3632.250093,1.045
739faf50968804bd83adaade1c616b404ad02f354b6bb167295319b0ae5d9899,ca74b92087483a16a012c94b147c899e246570904c23a537cb8daeb2096ce52d,3634.394215,0.480
d9c9a39425c8044015e05eaf8330a6e48bad0e3edf1ec032098fb2c8b045c0b9,55b5c6b8e25e560a5244c522674fa8ad6f8dec1b83a702650726d57f2547c47c,3637.308068,0.048
739faf50968804bd83adaade1c616b404ad02f354b6bb167295319b0ae5d9899,ca74b92087483a16a012c94b147c899e246570904c23a537cb8daeb2096ce52d,3637.736786,0.768
e572651326f1337845b6b98e94175d4dc9ec1338a73d1ab7ac61170ccaf88297,d92f8485c6246b3992a693f22bcc446a2f3d552d1b0cecc3fe637dec8f61e1ac,3644.233133,30.679
739faf50968804bd83adaade1c616b404ad02f354b6bb167295319b0ae5d9899,ca74b92087483a16a012c94b147c899e246570904c23a537cb8daeb2096ce52d,3645.110145,0.643
a12f22a3f771308d969fd56d18df65bf6960a4101a3daa4cef878997a2e1978b,5c9849d631846bbec88a0601bf6b0ba43d9e757dbe6f64ca8e4875ba49f7b794,3648.470260,12.867
739faf50968804bd83adaade1c616b404ad02f354b6bb167295319b0ae5d9899,ca74b92087483a16a012c94b147c899e246570904c23a537cb8daeb2096ce52d,3651.377593,0.617
b2446308f35282348f1c6388346d932f610301eaa65bd0c283d8fb949d15e7cc,db87b76b1f5c22aeb78e8ddae62a3f5b78f28580d14b2d7f7f773702f2da3a3b,3656.779960,0.066
eddb92315799e0eaf5d18b84bc5948186fbc33c0190b04c815d75765a979435c,78ec164daacd5c9e215e76ca4dfb2d1ef3a94743f8b329a281a0e9782a09f749,3669.264005,35.917
cf54d1572c1d632986590f22a8313559a433bd667a10d3d3dae5912dcba6ea78,b259c1e9f9b5415e24c8b3e31485942012cde025f7115eb6c3b87d91de9ef892,3669.890008,0.023
efcdd56913d0ce6927045a6f4e8bc025d4bc3a901c3f657e7c0c0d52a157e940,d3001621518a70a020141bf2f78060d34d8b1d6a417c7d5ad0650366921617ac,3679.619563,0.125
e572651326f1337845b6b98e94175d4dc9ec1338a73d1ab7ac61170ccaf88297,518cd8f12974202d11b5a16a5437a6a560186fbe9584862c601084cbc18761c6,3681.162135,0.204
e572651326f1337845b6b98e94175d4dc9ec1338a73d1ab7ac61170ccaf88297,518cd8f12974202d11b5a16a5437a6a560186fbe9584862c601084cbc18761c6,3682.788842,0.270
f4930f068e300bc29cc1ba31414e01d1eaf55b1607c65985536c868ec9323990,f98b902a5d78635ca9426bf7b222c0f2e63e8316254891c86ab6c55292b5c8b2,3690.200725,0.213
f7b8083a0342944f477b97a321506ae52fc6e2e76bf6042f2280c281f43ee10d,4b2c05f30bc5080fb3ff505c4051509a4406f733b9ccd3386fa0900f3ae0d9bf,3696.589467,0.145
739faf50968804bd83adaade1c616b404ad02f354b6bb167295319b0ae5d9899,ca74b92087483a16a012c94b147c899e246570904c23a537cb8daeb2096ce52d,3703.446546,0.758
e572651326f1337845b6b98e94175d4dc9ec1338a73d1ab7ac61170ccaf88297,5d5cbd388a16ee5f19e2c8c5df4ac7a74ad36fdc9b8a8b0489074a41d61b6884,3724.172748,10.696
d9c9a39425c8044015e05eaf8330a6e48bad0e3edf1ec032098fb2c8b045c0b9,7fd157a7b694ec9235842e5191f04eb673f536c6f3bb37a9dc868eaeb977de9b,3726.460270,0.676
99ae030b60cf247520cab75889c7e2f4c8be9422fce8cc2dc30c53820d8e487b,68b7a052a1a75027d0ba4031c39237121a4d32fa66b59c585684af85c61349ac,3728.456334,0.183
b2446308f35282348f1c6388346d932f610301eaa65bd0c283d8fb949d15e7cc,db87b76b1f5c22aeb78e8ddae62a3f5b78f28580d14b2d7f7f773702f2da3a3b,3729.445607,0.105
e572651326f1337845b6b98e94175d4dc9ec1338a73d1ab7ac61170ccaf88297,5d5cbd388a16ee5f19e2c8c5df4ac7a74ad36fdc9b8a8b0489074a41d61b6884,3736.629666,9.765
b34e792718773cd207a3d3bb54979d4952f301dd15d6f091f57008f075958309,541379714c2250706dfd8b76765ae74953f871377238b361a8666f510afeba58,3738.339596,53.331
f7b8083a0342944f477b97a321506ae52fc6e2e76bf6042f2280c281f43ee10d,d414dfb669aa29482336ef26db33feead9a3bd71190ba5d44412a9f8bedf26de,3743.539727,11.912
4bd219625127e9d2e12f7eb21015642ad64f42ea61a16f5577db0c2e7a54d4cf,97c31670ec24a392969c8bc769ded28f0ea827f99e77c918ebe894b02f4511dd,3743.759938,27.099
739faf50968804bd83adaade1c616b404ad02f354b6bb167295319b0ae5d9899,ca74b92087483a16a012c94b147c899e246570904c23a537cb8daeb2096ce52d,3745.907352,0.967
a279432833a21dc66309e252ef3f48f1ddc9eb706839d037a00b3f9f545c5e2d,9bfe15fe1c84832456da5d671ec99cfd73e0514bf91abfae306da2457af04221,3746.909752,4.880
e572651326f1337845b6b98e94175d4dc9ec1338a73d1ab7ac61170ccaf88297,5d5cbd388a16ee5f19e2c8c5df4ac7a74ad36fdc9b8a8b0489074a41d61b6884,3750.934565,45.499
739faf50968804bd83adaade1c616b404ad02f354b6bb167295319b0ae5d9899,ca74b92087483a16a012c94b147c899e246570904c23a537cb8daeb2096ce52d,3755.524487,1.181
739faf50968804bd83adaade1c616b404ad02f354b6bb167295319b0ae5d9899,ca74b92087483a16a012c94b147c899e246570904c23a537cb8daeb2096ce52d,3759.339468,0.448
739faf50968804bd83adaade1c616b404ad02f354b6bb167295319b0ae5d9899,ca74b92087483a16a012c94b147c899e246570904c23a537cb8daeb2096ce52d,3768.027918,0.499
739faf50968804bd83adaade1c616b404ad02f354b6bb167295319b0ae5d9899,ca74b92087483a16a012c94b147c899e246570904c23a537cb8daeb2096ce52d,3773.566818,0.622
7475824cc4748c3fc8576d1ba486950f36d81d9cb5336cc1da801ef313b516d8,eac0d7c37985ac4669b288f34505f79c6df5fc76371ca3b80b783133b39adfbd,3774.143536,20.406
a12f22a3f771308d969fd56d18df65bf6960a4101a3daa4cef878997a2e1978b,5c9849d631846bbec88a0601bf6b0ba43d9e757dbe6f64ca8e4875ba49f7b794,3776.250447,14.706
4bd219625127e9d2e12f7eb21015642ad64f42ea61a16f5577db0c2e7a54d4cf,1b9ff14203f132f3ca0342f8491d5b4e61000dbca9a88d6ef78132611cf99466,3777.144165,2.966
a12f22a3f771308d969fd56d18df65bf6960a4101a3daa4cef878997a2e1978b,664c8bd366fc401f874d793373a2aafc5a5a506e2e04d325d5d83557d6df7502,3778.302815,0.060
d9c9a39425c8044015e05eaf8330a6e48bad0e3edf1ec032098fb2c8b045c0b9,7fd157a7b694ec9235842e5191f04eb673f536c6f3bb37a9dc868eaeb977de9b,3780.199426,2.110
b2446308f35282348f1c6388346d932f610301eaa65bd0c283d8fb949d15e7cc,db87b76b1f5c22aeb78e8ddae62a3f5b78f28580d14b2d7f7f773702f2da3a3b,3781.210565,0.042
739faf50968804bd83adaade1c616b404ad02f354b6bb167295319b0ae5d9899,ca74b92087483a16a012c94b147c899e246570904c23a537cb8daeb2096ce52d,3781.680374,0.794
e572651326f1337845b6b98e94175d4dc9ec1338a73d1ab7ac61170ccaf88297,d92f8485c6246b3992a693f22bcc446a2f3d552d1b0cecc3fe637dec8f61e1ac,3782.046972,38.980
e572651326f1337845b6b98e94175d4dc9ec1338a73d1ab7ac61170ccaf88297,d92f8485c6246b3992a693f22bcc446a2f3d552d1b0cecc3fe637dec8f61e1ac,3787.811223,57.909
f4930f068e300bc29cc1ba31414e01d1eaf55b1607c65985536c868ec9323990,46a59e3a4d9e4fefe6b34e678125ce95ab071f1126ec503557f26ec575c1941b,3791.864608,0.694
e572651326f1337845b6b98e94175d4dc9ec1338a73d1ab7ac61170ccaf88297,5d5cbd388a16ee5f19e2c8c5df4ac7a74ad36fdc9b8a8b0489074a41d61b6884,3792.097605,8.928
cf54d1572c1d632986590f22a8313559a433bd667a10d3d3dae5912dcba6ea78,b259c1e9f9b5415e24c8b3e31485942012cde025f7115eb6c3b87d91de9ef892,3796.842870,0.051
e572651326f1337845b6b98e94175d4dc9ec1338a73d1ab7ac61170ccaf88297,d92f8485c6246b3992a693f22bcc446a2f3d552d1b0cecc3fe637dec8f61e1ac,3799.566214,35.762
aa09fd0de23af2f42704ea3f7a832860e356cb21fbe99fb4c513e0ac64da3ce9,a7220d0ede28b7b3aa0f0607ca44f14e871e76cab8c30bfd0134e64230326622,3800.774918,0.130
739faf50968804bd83adaade1c616b404ad02f354b6bb167295319b0ae5d9899,ca74b92087483a16a012c94b147c899e246570904c23a537cb8daeb2096ce52d,3804.361036,0.461
b2446308f35282348f1c6388346d932f610301eaa65bd0c283d8fb949d15e7cc,db87b76b1f5c22aeb78e8ddae62a3f5b78f28580d14b2d7f7f773702f2da3a3b,3811.988062,0.049
739faf50968804bd83adaade1c616b404ad02f354b6bb167295319b0ae5d9899,ca74b92087483a16a012c94b147c899e246570904c23a537cb8daeb2096ce52d,3813.611373,0.572
739faf50968804bd83adaade1c616b404ad02f354b6bb167295319b0ae5d9899,ca74b92087483a16a012c94b147c899e246570904c23a537cb8daeb2096ce52d,3819.579271,1.037
739faf50968804bd83adaade1c616b404ad02f354b6bb167295319b0ae5d9899,ca74b92087483a16a012c94b147c899e246570904c23a537cb8daeb2096ce52d,3824.757258,0.264
739faf50968804bd83adaade1c616b404ad02f354b6bb167295319b0ae5d9899,ca74b92087483a16a012c94b147c899e246570904c23a537cb8daeb2096ce52d,3826.491420,0.957
739faf50968804bd83adaade1c616b404ad02f354b6bb167295319b0ae5d9899,ca74b92087483a16a012c94b147c899e246570904c23a537cb8daeb2096ce52d,3826.766258,1.286
87b8ec9b41644a8b32cf64798ee6e0d8d7e5948575669ae9c5a8435a10813266,13220cb8f5b7112c02f2481c968497db0f96a9b6d45bc7204086d9914d5596b5,3832.697826,112.409
739faf50968804bd83adaade1c616b404ad02f354b6bb167295319b0ae5d9899,ca74b92087483a16a012c94b147c899e246570904c23a537cb8daeb2096ce52d,3841.202672,0.781
e572651326f1337845b6b98e94175d4dc9ec1338a73d1ab7ac61170ccaf88297,518cd8f12974202d11b5a16a5437a6a560186fbe9584862c601084cbc18761c6,3843.261463,0.141
aa09fd0de23af2f42704ea3f7a832860e356cb21fbe99fb4c513e0ac64da3ce9,a7220d0ede28b7b3aa0f0607ca44f14e871e76cab8c30bfd0134e64230326622,3848.191146,0.046
a12f22a3f771308d969fd56d18df65bf6960a4101a3daa4cef878997a2e1978b,664c8bd366fc401f874d793373a2aafc5a5a506e2e04d325d5d83557d6df7502,3850.450617,0.070
739faf50968804bd83adaade1c616b404ad02f354b6bb167295319b0ae5d9899,ca74b92087483a16a012c94b147c899e246570904c23a537cb8daeb2096ce52d,3860.471690,0.562
739faf50968804bd83adaade1c616b404ad02f354b6bb167295319b0ae5d9899,ca74b92087483a16a012c94b147c899e246570904c23a537cb8daeb2096ce52d,3861.832121,1.085
e572651326f1337845b6b98e94175d4dc9ec1338a73d1ab7ac61170ccaf88297,518cd8f12974202d11b5a16a5437a6a560186fbe9584862c601084cbc18761c6,3870.365199,0.313
a7cf2f4bb45576518350fb91bb84800146f1dc257896e3b46b901095987e2a1c,0e0238481987246e775d487dc915a41e718967ef61dc0c3dbf5c2983b02dea84,3871.526218,74.360
e572651326f1337845b6b98e94175d4dc9ec1338a73d1ab7ac61170ccaf88297,5d5cbd388a16ee5f19e2c8c5df4ac7a74ad36fdc9b8a8b0489074a41d61b6884,3872.415620,16.105
e572651326f1337845b6b98e94175d4dc9ec1338a73d1ab7ac61170ccaf88297,5d5cbd388a16ee5f19e2c8c5df4ac7a74ad36fdc9b8a8b0489074a41d61b6884,3883.948760,66.813
b2446308f35282348f1c6388346d932f610301eaa65bd0c283d8fb949d15e7cc,db87b76b1f5c22aeb78e8ddae62a3f5b78f28580d14b2d7f7f773702f2da3a3b,3889.025202,0.115
87b8ec9b41644a8b32cf64798ee6e0d8d7e5948575669ae9c5a8435a10813266,13220cb8f5b7112c02f2481c968497db0f96a9b6d45bc7204086d9914d5596b5,3892.017990,36.890
d9c9a39425c8044015e05eaf8330a6e48bad0e3edf1ec032098fb2c8b045c0b9,7fd157a7b694ec9235842e5191f04eb673f536c6f3bb37a9dc868eaeb977de9b,3898.261479,1.517
739faf50968804bd83adaade1c616b404ad02f354b6bb167295319b0ae5d9899,ca74b92087483a16a012c94b147c899e246570904c23a537cb8daeb2096ce52d,3900.633105,0.935
d9c9a39425c8044015e05eaf8330a6e48bad0e3edf1ec032098fb2c8b045c0b9,7fd157a7b694ec9235842e5191f04eb673f536c6f3bb37a9dc868eaeb977de9b,3909.185266,0.798
a279432833a21dc66309e252ef3f48f1ddc9eb706839d037a00b3f9f545c5e2d,7f0b52256911bed19622812b8483c07daf2e9103a269f567068ed939e33a2785,3911.319301,0.666
d9c9a39425c8044015e05eaf8330a6e48bad0e3edf1ec032098fb2c8b045c0b9,7fd157a7b694ec9235842e5191f04eb673f536c6f3bb37a9dc868eaeb977de9b,3913.807358,0.663
e572651326f1337845b6b98e94175d4dc9ec1338a73d1ab7ac61170ccaf88297,5d5cbd388a16ee5f19e2c8c5df4ac7a74ad36fdc9b8a8b0489074a41d61b6884,3926.773191,13.448
87b8ec9b41644a8b32cf64798ee6e0d8d7e5948575669ae9c5a8435a10813266,13220cb8f5b7112c02f2481c968497db0f96a9b6d45bc7204086d9914d5596b5,3926.837176,70.833
a7cf2f4bb45576518350fb91bb84800146f1dc257896e3b46b901095987e2a1c,6a144e613e2220f49247934c6e896484265f3763008c3235599da7133c320b63,3927.684338,0.111
e572651326f1337845b6b98e94175d4dc9ec1338a73d1ab7ac61170ccaf88297,518cd8f12974202d11b5a16a5437a6a560186fbe9584862c601084cbc18761c6,3931.061186,0.140
aa09fd0de23af2f42704ea3f7a832860e356cb21fbe99fb4c513e0ac64da3ce9,a7220d0ede28b7b3aa0f0607ca44f14e871e76cab8c30bfd0134e64230326622,3932.425556,0.182
e572651326f1337845b6b98e94175d4dc9ec1338a73d1ab7ac61170ccaf88297,d92f8485c6246b3992a693f22bcc446a2f3d552d1b0cecc3fe637dec8f61e1ac,3934.656552,46.479
739faf50968804bd83adaade1c616b404ad02f354b6bb167295319b0ae5d9899,ca74b92087483a16a012c94b147c899e246570904c23a537cb8daeb2096ce52d,3937.792324,1.488
cf54d1572c1d632986590f22a8313559a433bd667a10d3d3dae5912dcba6ea78,b259c1e9f9b5415e24c8b3e31485942012cde025f7115eb6c3b87d91de9ef892,3938.473235,0.067
e572651326f1337845b6b98e94175d4dc9ec1338a73d1ab7ac61170ccaf88297,5d5cbd388a16ee5f19e2c8c5df4ac7a74ad36fdc9b8a8b0489074a41d61b6884,3940.013643,16.651
cf54d1572c1d632986590f22a8313559a433bd667a10d3d3dae5912dcba6ea78,b259c1e9f9b5415e24c8b3e31485942012cde025f7115eb6c3b87d91de9ef892,3944.078947,0.052
a12f22a3f771308d969fd56d18df65bf6960a4101a3daa4cef878997a2e1978b,664c8bd366fc401f874d793373a2aafc5a5a506e2e04d325d5d83557d6df7502,3945.411242,0.051
739faf50968804bd83adaade1c616b404ad02f354b6bb167295319b0ae5d9899,ca74b92087483a16a012c94b147c899e246570904c23a537cb8daeb2096ce52d,3945.458349,0.788
4bd219625127e9d2e12f7eb21015642ad64f42ea61a16f5577db0c2e7a54d4cf,1b9ff14203f132f3ca0342f8491d5b4e61000dbca9a88d6ef78132611cf99466,3951.914258,2.712
739faf50968804bd83adaade1c616b404ad02f354b6bb167295319b0ae5d9899,ca74b92087483a16a012c94b147c899e246570904c23a537cb8daeb2096ce52d,3953.365702,0.781
739faf50968804bd83adaade1c616b404ad02f354b6bb167295319b0ae5d9899,ca74b92087483a16a012c94b147c899e246570904c23a537cb8daeb2096ce52d,3953.714213,0.378
e572651326f1337845b6b98e94175d4dc9ec1338a73d1ab7ac61170ccaf88297,d92f8485c6246b3992a693f22bcc446a2f3d552d1b0cecc3fe637dec8f61e1ac,3956.795844,141.820
739faf50968804bd83adaade1c616b404ad02f354b6bb167295319b0ae5d9899,ca74b92087483a16a012c94b147c899e246570904c23a537cb8daeb2096ce52d,3958.409588,1.032
4bd219625127e9d2e12f7eb21015642ad64f42ea61a16f5577db0c2e7a54d4cf,97c31670ec24a392969c8bc769ded28f0ea827f99e77c918ebe894b02f4511dd,3959.694832,12.230
e572651326f1337845b6b98e94175d4dc9ec1338a73d1ab7ac61170ccaf88297,d92f8485c6246b3992a693f22bcc446a2f3d552d1b0cecc3fe637dec8f61e1ac,3965.212054,33.746
87b8ec9b41644a8b32cf64798ee6e0d8d7e5948575669ae9c5a8435a10813266,b85146d6fb2fb1b37a7b668f36287a534543da7a2bc393eac28fd9e974908af0,3968.969787,1.458
f4930f068e300bc29cc1ba31414e01d1eaf55b1607c65985536c868ec9323990,46a59e3a4d9e4fefe6b34e678125ce95ab071f1126ec503557f26ec575c1941b,3969.686308,0.689
cf54d1572c1d632986590f22a8313559a433bd667a10d3d3dae5912dcba6ea78,b259c1e9f9b5415e24c8b3e31485942012cde025f7115eb6c3b87d91de9ef892,3969.921966,0.050
739faf50968804bd83adaade1c616b404ad02f354b6bb167295319b0ae5d9899,ca74b92087483a16a012c94b147c899e246570904c23a537cb8daeb2096ce52d,3972.748674,0.639
739faf50968804bd83adaade1c616b404ad02f354b6bb167295319b0ae5d9899,ca74b92087483a16a012c94b147c899e246570904c23a537cb8daeb2096ce52d,3972.955091,2.094
4bd219625127e9d2e12f7eb21015642ad64f42ea61a16f5577db0c2e7a54d4cf,97c31670ec24a392969c8bc769ded28f0ea827f99e77c918ebe894b02f4511dd,3984.708154,23.280
e572651326f1337845b6b98e94175d4dc9ec1338a73d1ab7ac61170ccaf88297,5d5cbd388a16ee5f19e2c8c5df4ac7a74ad36fdc9b8a8b0489074a41d61b6884,3988.476681,7.190
cf54d1572c1d632986590f22a8313559a433bd667a10d3d3dae5912dcba6ea78,b259c1e9f9b5415e24c8b3e31485942012cde025f7115eb6c3b87d91de9ef892,3989.284406,0.060
e572651326f1337845b6b98e94175d4dc9ec1338a73d1ab7ac61170ccaf88297,518cd8f12974202d11b5a16a5437a6a560186fbe9584862c601084cbc18761c6,4003.869082,0.055
d9c9a39425c8044015e05eaf8330a6e48bad0e3edf1ec032098fb2c8b045c0b9,55b5c6b8e25e560a5244c522674fa8ad6f8dec1b83a702650726d57f2547c47c,4006.326295,0.074
cf54d1572c1d632986590f22a8313559a433bd667a10d3d3dae5912dcba6ea78,b259c1e9f9b5415e24c8b3e31485942012cde025f7115eb6c3b87d91de9ef892,4010.351084,0.030
cf54d1572c1d632986590f22a8313559a433bd667a10d3d3dae5912dcba6ea78,b259c1e9f9b5415e24c8b3e31485942012cde025f7115eb6c3b87d91de9ef892,4010.468107,0.053
eddb92315799e0eaf5d18b84bc5948186fbc33c0190b04c815d75765a979435c,9ecd2766ee6bd299d23bbc00b9a905d490ebeb2e675d857ef4f1bd4d5877c065,4015.347600,7.788
d9c9a39425c8044015e05eaf8330a6e48bad0e3edf1ec032098fb2c8b045c0b9,7fd157a7b694ec9235842e5191f04eb673f536c6f3bb37a9dc868eaeb977de9b,4023.458335,0.504
739faf50968804bd83adaade1c616b404ad02f354b6bb167295319b0ae5d9899,ca74b92087483a16a012c94b147c899e246570904c23a537cb8daeb2096ce52d,4038.779981,0.696
cf54d1572c1d632986590f22a8313559a433bd667a10d3d3dae5912dcba6ea78,b259c1e9f9b5415e24c8b3e31485942012cde025f7115eb6c3b87d91de9ef892,4040.054409,0.068
e572651326f1337845b6b98e94175d4dc9ec1338a73d1ab7ac61170ccaf88297,d92f8485c6246b3992a693f22bcc446a2f3d552d1b0cecc3fe637dec8f61e1ac,4042.343592,86.564
efcdd56913d0ce6927045a6f4e8bc025d4bc3a901c3f657e7c0c0d52a157e940,d3001621518a70a020141bf2f78060d34d8b1d6a417c7d5ad0650366921617ac,4060.077780,0.253
d9c9a39425c8044015e05eaf8330a6e48bad0e3edf1ec032098fb2c8b045c0b9,55b5c6b8e25e560a5244c522674fa8ad6f8dec1b83a702650726d57f2547c47c,4077.963051,0.037
739faf50968804bd83adaade1c616b404ad02f354b6bb167295319b0ae5d9899,ca74b92087483a16a012c94b147c899e246570904c23a537cb8daeb2096ce52d,4084.080146,0.670
739faf50968804bd83adaade1c616b404ad02f354b6bb167295319b0ae5d9899,ca74b92087483a16a012c94b147c899e246570904c23a537cb8daeb2096ce52d,4084.955161,0.931
87b8ec9b41644a8b32cf64798ee6e0d8d7e5948575669ae9c5a8435a10813266,9d4311638952a6ecefb68603a4ade3f6aedf1ff5a2f359c67bbef939d6a2e6dc,4091.272490,0.274
e572651326f1337845b6b98e94175d4dc9ec1338a73d1ab7ac61170ccaf88297,518cd8f12974202d11b5a16a5437a6a560186fbe9584862c601084cbc18761c6,4092.090567,0.341
e572651326f1337845b6b98e94175d4dc9ec1338a73d1ab7ac61170ccaf88297,d92f8485c6246b3992a693f22bcc446a2f3d552d1b0cecc3fe637dec8f61e1ac,4092.568644,99.379
b2446308f35282348f1c6388346d932f610301eaa65bd0c283d8fb949d15e7cc,db87b76b1f5c22aeb78e8ddae62a3f5b78f28580d14b2d7f7f773702f2da3a3b,4093.976694,0.041
87b8ec9b41644a8b32cf64798ee6e0d8d7e5948575669ae9c5a8435a10813266,9d4311638952a6ecefb68603a4ade3f6aedf1ff5a2f359c67bbef939d6a2e6dc,4094.624614,0.156
e572651326f1337845b6b98e94175d4dc9ec1338a73d1ab7ac61170ccaf88297,518cd8f12974202d11b5a16a5437a6a560186fbe9584862c601084cbc18761c6,4100.659901,0.390
739faf50968804bd83adaade1c616b404ad02f354b6bb167295319b0ae5d9899,ca74b92087483a16a012c94b147c899e246570904c23a537cb8daeb2096ce52d,4101.266127,0.750
739faf50968804bd83adaade1c616b404ad02f354b6bb167295319b0ae5d9899,ca74b92087483a16a012c94b147c899e246570904c23a537cb8daeb2096ce52d,4102.614431,0.675
e572651326f1337845b6b98e94175d4dc9ec1338a73d1ab7ac61170ccaf88297,d92f8485c6246b3992a693f22bcc446a2f3d552d1b0cecc3fe637dec8f61e1ac,4103.879081,119.002
b2446308f35282348f1c6388346d932f610301eaa65bd0c283d8fb949d15e7cc,db87b76b1f5c22aeb78e8ddae62a3f5b78f28580d14b2d7f7f773702f2da3a3b,4106.931616,0.035
e572651326f1337845b6b98e94175d4dc9ec1338a73d1ab7ac61170ccaf88297,5d5cbd388a16ee5f19e2c8c5df4ac7a74ad36fdc9b8a8b0489074a41d61b6884,4110.838888,11.895
739faf50968804bd83adaade1c616b404ad02f354b6bb167295319b0ae5d9899,ca74b92087483a16a012c94b147c899e246570904c23a537cb8daeb2096ce52d,4112.463467,1.649
e572651326f1337845b6b98e94175d4dc9ec1338a73d1ab7ac61170ccaf88297,5d5cbd388a16ee5f19e2c8c5df4ac7a74ad36fdc9b8a8b0489074a41d61b6884,4121.121298,7.759
739faf50968804bd83adaade1c616b404ad02f354b6bb167295319b0ae5d9899,ca74b92087483a16a012c94b147c899e246570904c23a537cb8daeb2096ce52d,4122.344076,1.080
d9c9a39425c8044015e05eaf8330a6e48bad0e3edf1ec032098fb2c8b045c0b9,55b5c6b8e25e560a5244c522674fa8ad6f8dec1b83a702650726d57f2547c47c,4122.476867,0.058
eddb92315799e0eaf5d18b84bc5948186fbc33c0190b04c815d75765a979435c,9ecd2766ee6bd299d23bbc00b9a905d490ebeb2e675d857ef4f1bd4d5877c065,4122.680005,7.866
739faf50968804bd83adaade1c616b404ad02f354b6bb167295319b0ae5d9899,ca74b92087483a16a012c94b147c899e246570904c23a537cb8daeb2096ce52d,4124.584674,1.072
b2446308f35282348f1c6388346d932f610301eaa65bd0c283d8fb949d15e7cc,d206b500d8a622c7c6e606402b6f218d95ee19d6805d57bd7d6698351eea831a,4125.506600,46.983
739faf50968804bd83adaade1c616b404ad02f354b6bb167295319b0ae5d9899,ca74b92087483a16a012c94b147c899e246570904c23a537cb8daeb2096ce52d,4126.285770,1.737
e572651326f1337845b6b98e94175d4dc9ec1338a73d1ab7ac61170ccaf88297,5d5cbd388a16ee5f19e2c8c5df4ac7a74ad36fdc9b8a8b0489074a41d61b6884,4129.538929,8.192
e572651326f1337845b6b98e94175d4dc9ec1338a73d1ab7ac61170ccaf88297,d92f8485c6246b3992a693f22bcc446a2f3d552d1b0cecc3fe637dec8f61e1ac,4130.267286,36.079
e572651326f1337845b6b98e94175d4dc9ec1338a73d1ab7ac61170ccaf88297,d92f8485c6246b3992a693f22bcc446a2f3d552d1b0cecc3fe637dec8f61e1ac,4137.718803,56.033
a279432833a21dc66309e252ef3f48f1ddc9eb706839d037a00b3f9f545c5e2d,96b2b81126ccc77b62f8e30b2d3ae9fd295c3bf035deab650d5cf4c57cf49796,4147.057905,0.023
739faf50968804bd83adaade1c616b404ad02f354b6bb167295319b0ae5d9899,ca74b92087483a16a012c94b147c899e246570904c23a537cb8daeb2096ce52d,4147.424429,0.578
eddb92315799e0eaf5d18b84bc5948186fbc33c0190b04c815d75765a979435c,9ecd2766ee6bd299d23bbc00b9a905d490ebeb2e675d857ef4f1bd4d5877c065,4148.704577,20.623
aa09fd0de23af2f42704ea3f7a832860e356cb21fbe99fb4c513e0ac64da3ce9,a7220d0ede28b7b3aa0f0607ca44f14e871e76cab8c30bfd0134e64230326622,4149.402367,0.054
e572651326f1337845b6b98e94175d4dc9ec1338a73d1ab7ac61170ccaf88297,5d5cbd388a16ee5f19e2c8c5df4ac7a74ad36fdc9b8a8b0489074a41d61b6884,4149.588874,26.746
a12f22a3f771308d969fd56d18df65bf6960a4101a3daa4cef878997a2e1978b,5c9849d631846bbec88a0601bf6b0ba43d9e757dbe6f64ca8e4875ba49f7b794,4157.484149,23.159
e572651326f1337845b6b98e94175d4dc9ec1338a73d1ab7ac61170ccaf88297,5d5cbd388a16ee5f19e2c8c5df4ac7a74ad36fdc9b8a8b0489074a41d61b6884,4162.436712,10.718
b34e792718773cd207a3d3bb54979d4952f301dd15d6f091f57008f075958309,541379714c2250706dfd8b76765ae74953f871377238b361a8666f510afeba58,4166.240149,144.237
e572651326f1337845b6b98e94175d4dc9ec1338a73d1ab7ac61170ccaf88297,d92f8485c6246b3992a693f22bcc446a2f3d552d1b0cecc3fe637dec8f61e1ac,4173.538002,29.445
d9c9a39425c8044015e05eaf8330a6e48bad0e3edf1ec032098fb2c8b045c0b9,7fd157a7b694ec9235842e5191f04eb673f536c6f3bb37a9dc868eaeb977de9b,4180.887971,1.378
739faf50968804bd83adaade1c616b404ad02f354b6bb167295319b0ae5d9899,ca74b92087483a16a012c94b147c899e246570904c23a537cb8daeb2096ce52d,4188.455921,0.745
739faf50968804bd83adaade1c616b404ad02f354b6bb167295319b0ae5d9899,ca74b92087483a16a012c94b147c899e246570904c23a537cb8daeb2096ce52d,4190.577903,1.948
aa09fd0de23af2f42704ea3f7a832860e356cb21fbe99fb4c513e0ac64da3ce9,a7220d0ede28b7b3aa0f0607ca44f14e871e76cab8c30bfd0134e64230326622,4192.421597,0.024
e572651326f1337845b6b98e94175d4dc9ec1338a73d1ab7ac61170ccaf88297,518cd8f12974202d11b5a16a5437a6a560186fbe9584862c601084cbc18761c6,4193.021841,0.059
a279432833a21dc66309e252ef3f48f1ddc9eb706839d037a00b3f9f545c5e2d,96b2b81126ccc77b62f8e30b2d3ae9fd295c3bf035deab650d5cf4c57cf49796,4197.223478,0.026
87b8ec9b41644a8b32cf64798ee6e0d8d7e5948575669ae9c5a8435a10813266,9d4311638952a6ecefb68603a4ade3f6aedf1ff5a2f359c67bbef939d6a2e6dc,4197.962527,0.392
739faf50968804bd83adaade1c616b404ad02f354b6bb167295319b0ae5d9899,ca74b92087483a16a012c94b147c899e246570904c23a537cb8daeb2096ce52d,4204.631293,0.463
aa09fd0de23af2f42704ea3f7a832860e356cb21fbe99fb4c513e0ac64da3ce9,a7220d0ede28b7b3aa0f0607ca44f14e871e76cab8c30bfd0134e64230326622,4209.385637,0.098
aa09fd0de23af2f42704ea3f7a832860e356cb21fbe99fb4c513e0ac64da3ce9,a7220d0ede28b7b3aa0f0607ca44f14e871e76cab8c30bfd0134e64230326622,4215.887591,0.025
87b8ec9b41644a8b32cf64798ee6e0d8d7e5948575669ae9c5a8435a10813266,b85146d6fb2fb1b37a7b668f36287a534543da7a2bc393eac28fd9e974908af0,4219.527678,2.539
d9c9a39425c8044015e05eaf8330a6e48bad0e3edf1ec032098fb2c8b045c0b9,7fd157a7b694ec9235842e5191f04eb673f536c6f3bb37a9dc868eaeb977de9b,4221.138411,0.405
87b8ec9b41644a8b32cf64798ee6e0d8d7e5948575669ae9c5a8435a10813266,9d4311638952a6ecefb68603a4ade3f6aedf1ff5a2f359c67bbef939d6a2e6dc,4223.621612,0.249
e572651326f1337845b6b98e94175d4dc9ec1338a73d1ab7ac61170ccaf88297,5d5cbd388a16ee5f19e2c8c5df4ac7a74ad36fdc9b8a8b0489074a41d61b6884,4230.495212,23.314
e572651326f1337845b6b98e94175d4dc9ec1338a73d1ab7ac61170ccaf88297,518cd8f12974202d11b5a16a5437a6a560186fbe9584862c601084cbc18761c6,4234.240416,0.487
739faf50968804bd83adaade1c616b404ad02f354b6bb167295319b0ae5d9899,ca74b92087483a16a012c94b147c899e246570904c23a537cb8daeb2096ce52d,4234.768515,1.513
87b8ec9b41644a8b32cf64798ee6e0d8d7e5948575669ae9c5a8435a10813266,9d4311638952a6ecefb68603a4ade3f6aedf1ff5a2f359c67bbef939d6a2e6dc,4237.193267,0.262
739faf50968804bd83adaade1c616b404ad02f354b6bb167295319b0ae5d9899,ca74b92087483a16a012c94b147c899e246570904c23a537cb8daeb2096ce52d,4241.189656,1.074
e572651326f1337845b6b98e94175d4dc9ec1338a73d1ab7ac61170ccaf88297,d92f8485c6246b3992a693f22bcc446a2f3d552d1b0cecc3fe637dec8f61e1ac,4246.593036,59.601
e572651326f1337845b6b98e94175d4dc9ec1338a73d1ab7ac61170ccaf88297,d92f8485c6246b3992a693f22bcc446a2f3d552d1b0cecc3fe637dec8f61e1ac,4248.196422,133.348
739faf50968804bd83adaade1c616b404ad02f354b6bb167295319b0ae5d9899,ca74b92087483a16a012c94b147c899e246570904c23a537cb8daeb2096ce52d,4249.200404,0.607
739faf50968804bd83adaade1c616b404ad02f354b6bb167295319b0ae5d9899,ca74b92087483a16a012c94b147c899e246570904c23a537cb8daeb2096ce52d,4257.672538,0.172
739faf50968804bd83adaade1c616b404ad02f354b6bb167295319b0ae5d9899,ca74b92087483a16a012c94b147c899e246570904c23a537cb8daeb2096ce52d,4260.353166,0.989
e572651326f1337845b6b98e94175d4dc9ec1338a73d1ab7ac61170ccaf88297,5d5cbd388a16ee5f19e2c8c5df4ac7a74ad36fdc9b8a8b0489074a41d61b6884,4261.426854,4.616
739faf50968804bd83adaade1c616b404ad02f354b6bb167295319b0ae5d9899,ca74b92087483a16a012c94b147c899e246570904c23a537cb8daeb2096ce52d,4261.573195,0.441
e572651326f1337845b6b98e94175d4dc9ec1338a73d1ab7ac61170ccaf88297,d92f8485c6246b3992a693f22bcc446a2f3d552d1b0cecc3fe637dec8f61e1ac,4262.306456,184.670
739faf50968804bd83adaade1c616b404ad02f354b6bb167295319b0ae5d9899,ca74b92087483a16a012c94b147c899e246570904c23a537cb8daeb2096ce52d,4262.311522,1.431
f4930f068e300bc29cc1ba31414e01d1eaf55b1607c65985536c868ec9323990,f98b902a5d78635ca9426bf7b222c0f2e63e8316254891c86ab6c55292b5c8b2,4268.395053,0.101
cf54d1572c1d632986590f22a8313559a433bd667a10d3d3dae5912dcba6ea78,b259c1e9f9b5415e24c8b3e31485942012cde025f7115eb6c3b87d91de9ef892,4273.838443,0.026
4bd219625127e9d2e12f7eb21015642ad64f42ea61a16f5577db0c2e7a54d4cf,1b9ff14203f132f3ca0342f8491d5b4e61000dbca9a88d6ef78132611cf99466,4286.945932,2.106
739faf50968804bd83adaade1c616b404ad02f354b6bb167295319b0ae5d9899,ca74b92087483a16a012c94b147c899e246570904c23a537cb8daeb2096ce52d,4291.418050,0.840
e572651326f1337845b6b98e94175d4dc9ec1338a73d1ab7ac61170ccaf88297,d92f8485c6246b3992a693f22bcc446a2f3d552d1b0cecc3fe637dec8f61e1ac,4299.096315,69.008
99ae030b60cf247520cab75889c7e2f4c8be9422fce8cc2dc30c53820d8e487b,68b7a052a1a75027d0ba4031c39237121a4d32fa66b59c585684af85c61349ac,4300.840360,0.233
a279432833a21dc66309e252ef3f48f1ddc9eb706839d037a00b3f9f545c5e2d,96b2b81126ccc77b62f8e30b2d3ae9fd295c3bf035deab650d5cf4c57cf49796,4309.938979,0.040
e572651326f1337845b6b98e94175d4dc9ec1338a73d1ab7ac61170ccaf88297,5d5cbd388a16ee5f19e2c8c5df4ac7a74ad36fdc9b8a8b0489074a41d61b6884,4319.018529,30.651
87b8ec9b41644a8b32cf64798ee6e0d8d7e5948575669ae9c5a8435a10813266,13220cb8f5b7112c02f2481c968497db0f96a9b6d45bc7204086d9914d5596b5,4321.779646,105.982
739faf50968804bd83adaade1c616b404ad02f354b6bb167295319b0ae5d9899,ca74b92087483a16a012c94b147c899e246570904c23a537cb8daeb2096ce52d,4323.081066,0.483
a12f22a3f771308d969fd56d18df65bf6960a4101a3daa4cef878997a2e1978b,5c9849d631846bbec88a0601bf6b0ba43d9e757dbe6f64ca8e4875ba49f7b794,4323.581031,13.279
739faf50968804bd83adaade1c616b404ad02f354b6bb167295319b0ae5d9899,ca74b92087483a16a012c94b147c899e246570904c23a537cb8daeb2096ce52d,4324.382039,0.910
e572651326f1337845b6b98e94175d4dc9ec1338a73d1ab7ac61170ccaf88297,d92f8485c6246b3992a693f22bcc446a2f3d552d1b0cecc3fe637dec8f61e1ac,4330.244592,156.072
739faf50968804bd83adaade1c616b404ad02f354b6bb167295319b0ae5d9899,ca74b92087483a16a012c94b147c899e246570904c23a537cb8daeb2096ce52d,4337.765131,1.399
739faf50968804bd83adaade1c616b404ad02f354b6bb167295319b0ae5d9899,ca74b92087483a16a012c94b147c899e246570904c23a537cb8daeb2096ce52d,4338.044391,0.825
739faf50968804bd83adaade1c616b404ad02f354b6bb167295319b0ae5d9899,ca74b92087483a16a012c94b147c899e246570904c23a537cb8daeb2096ce52d,4342.466954,1.279
739faf50968804bd83adaade1c616b404ad02f354b6bb167295319b0ae5d9899,ca74b92087483a16a012c94b147c899e246570904c23a537cb8daeb2096ce52d,4344.841796,1.143
e572651326f1337845b6b98e94175d4dc9ec1338a73d1ab7ac61170ccaf88297,518cd8f12974202d11b5a16a5437a6a560186fbe9584862c601084cbc18761c6,4355.859675,0.090
739faf50968804bd83adaade1c616b404ad02f354b6bb167295319b0ae5d9899,ca74b92087483a16a012c94b147c899e246570904c23a537cb8daeb2096ce52d,4360.930718,0.529
b34e792718773cd207a3d3bb54979d4952f301dd15d6f091f57008f075958309,541379714c2250706dfd8b76765ae74953f871377238b361a8666f510afeba58,4361.247182,40.608
f7b8083a0342944f477b97a321506ae52fc6e2e76bf6042f2280c281f43ee10d,d414dfb669aa29482336ef26db33feead9a3bd71190ba5d44412a9f8bedf26de,4362.447509,10.907
739faf50968804bd83adaade1c616b404ad02f354b6bb167295319b0ae5d9899,ca74b92087483a16a012c94b147c899e246570904c23a537cb8daeb2096ce52d,4362.665449,1.304
d9c9a39425c8044015e05eaf8330a6e48bad0e3edf1ec032098fb2c8b045c0b9,55b5c6b8e25e560a5244c522674fa8ad6f8dec1b83a702650726d57f2547c47c,4363.533525,0.093
739faf50968804bd83adaade1c616b404ad02f354b6bb167295319b0ae5d9899,ca74b92087483a16a012c94b147c899e246570904c23a537cb8daeb2096ce52d,4372.209956,1.066
cf54d1572c1d632986590f22a8313559a433bd667a10d3d3dae5912dcba6ea78,b259c1e9f9b5415e24c8b3e31485942012cde025f7115eb6c3b87d91de9ef892,4373.412677,0.086
739faf50968804bd83adaade1c616b404ad02f354b6bb167295319b0ae5d9899,ca74b92087483a16a012c94b147c899e246570904c23a537cb8daeb2096ce52d,4377.464384,0.625
4bd219625127e9d2e12f7eb21015642ad64f42ea61a16f5577db0c2e7a54d4cf,1b9ff14203f132f3ca0342f8491d5b4e61000dbca9a88d6ef78132611cf99466,4378.394235,2.855
739faf50968804bd83adaade1c616b404ad02f354b6bb167295319b0ae5d9899,ca74b92087483a16a012c94b147c899e246570904c23a537cb8daeb2096ce52d,4386.073337,0.580
f4930f068e300bc29cc1ba31414e01d1eaf55b1607c65985536c868ec9323990,46a59e3a4d9e4fefe6b34e678125ce95ab071f1126ec503557f26ec575c1941b,4388.434559,0.614
e572651326f1337845b6b98e94175d4dc9ec1338a73d1ab7ac61170ccaf88297,518cd8f12974202d11b5a16a5437a6a560186fbe9584862c601084cbc18761c6,4388.622084,0.203
a7cf2f4bb45576518350fb91bb84800146f1dc257896e3b46b901095987e2a1c,6a144e613e2220f49247934c6e896484265f3763008c3235599da7133c320b63,4391.787494,0.138
e572651326f1337845b6b98e94175d4dc9ec1338a73d1ab7ac61170ccaf88297,5d5cbd388a16ee5f19e2c8c5df4ac7a74ad36fdc9b8a8b0489074a41d61b6884,4398.206014,11.424
739faf50968804bd83adaade1c616b404ad02f354b6bb167295319b0ae5d9899,ca74b92087483a16a012c94b147c899e246570904c23a537cb8daeb2096ce52d,4407.621431,1.075
64db848c9bc5db515c94ab30eee3c35decfe835ca8a6c40b0821fe30aaa04cdb,f219acf93580c06f4504a74e90b2f826094f3544ca2f60a49b929ab5d1f80d31,4409.346223,11.073
b2446308f35282348f1c6388346d932f610301eaa65bd0c283d8fb949d15e7cc,db87b76b1f5c22aeb78e8ddae62a3f5b78f28580d14b2d7f7f773702f2da3a3b,4415.570559,0.048
aa09fd0de23af2f42704ea3f7a832860e356cb21fbe99fb4c513e0ac64da3ce9,a7220d0ede28b7b3aa0f0607ca44f14e871e76cab8c30bfd0134e64230326622,4424.239679,0.103
739faf50968804bd83adaade1c616b404ad02f354b6bb167295319b0ae5d9899,ca74b92087483a16a012c94b147c899e246570904c23a537cb8daeb2096ce52d,4424.431070,0.749
739faf50968804bd83adaade1c616b404ad02f354b6bb167295319b0ae5d9899,ca74b92087483a16a012c94b147c899e246570904c23a537cb8daeb2096ce52d,4434.513508,0.984
e572651326f1337845b6b98e94175d4dc9ec1338a73d1ab7ac61170ccaf88297,518cd8f12974202d11b5a16a5437a6a560186fbe9584862c601084cbc18761c6,4439.259970,0.201
e572651326f1337845b6b98e94175d4dc9ec1338a73d1ab7ac61170ccaf88297,518cd8f12974202d11b5a16a5437a6a560186fbe9584862c601084cbc18761c6,4440.143735,0.091
739faf50968804bd83adaade1c616b404ad02f354b6bb167295319b0ae5d9899,ca74b92087483a16a012c94b147c899e246570904c23a537cb8daeb2096ce52d,4440.820385,0.211
739faf50968804bd83adaade1c616b404ad02f354b6bb167295319b0ae5d9899,ca74b92087483a16a012c94b147c899e246570904c23a537cb8daeb2096ce52d,4441.062064,2.529
739faf50968804bd83adaade1c616b404ad02f354b6bb167295319b0ae5d9899,ca74b92087483a16a012c94b147c899e246570904c23a537cb8daeb2096ce52d,4448.225572,1.328
d9c9a39425c8044015e05eaf8330a6e48bad0e3edf1ec032098fb2c8b045c0b9,7fd157a7b694ec9235842e5191f04eb673f536c6f3bb37a9dc868eaeb977de9b,4452.764669,1.401
64db848c9bc5db515c94ab30eee3c35decfe835ca8a6c40b0821fe30aaa04cdb,f219acf93580c06f4504a74e90b2f826094f3544ca2f60a49b929ab5d1f80d31,4456.095777,2.383
e572651326f1337845b6b98e94175d4dc9ec1338a73d1ab7ac61170ccaf88297,518cd8f12974202d11b5a16a5437a6a560186fbe9584862c601084cbc18761c6,4464.576381,0.565
739faf50968804bd83adaade1c616b404ad02f354b6bb167295319b0ae5d9899,ca74b92087483a16a012c94b147c899e246570904c23a537cb8daeb2096ce52d,4473.677782,1.837
4bd219625127e9d2e12f7eb21015642ad64f42ea61a16f5577db0c2e7a54d4cf,97c31670ec24a392969c8bc769ded28f0ea827f99e77c918ebe894b02f4511dd,4485.577600,13.726
cf54d1572c1d632986590f22a8313559a433bd667a10d3d3dae5912dcba6ea78,b259c1e9f9b5415e24c8b3e31485942012cde025f7115eb6c3b87d91de9ef892,4486.668361,0.022
a12f22a3f771308d969fd56d18df65bf6960a4101a3daa4cef878997a2e1978b,664c8bd366fc401f874d793373a2aafc5a5a506e2e04d325d5d83557d6df7502,4496.726379,0.083
739faf50968804bd83adaade1c616b404ad02f354b6bb167295319b0ae5d9899,ca74b92087483a16a012c94b147c899e246570904c23a537cb8daeb2096ce52d,4498.656148,1.263
87b8ec9b41644a8b32cf64798ee6e0d8d7e5948575669ae9c5a8435a10813266,9d4311638952a6ecefb68603a4ade3f6aedf1ff5a2f359c67bbef939d6a2e6dc,4500.671885,0.247
e572651326f1337845b6b98e94175d4dc9ec1338a73d1ab7ac61170ccaf88297,5d5cbd388a16ee5f19e2c8c5df4ac7a74ad36fdc9b8a8b0489074a41d61b6884,4500.945216,27.487
aa09fd0de23af2f42704ea3f7a832860e356cb21fbe99fb4c513e0ac64da3ce9,a7220d0ede28b7b3aa0f0607ca44f14e871e76cab8c30bfd0134e64230326622,4502.049535,0.088
739faf50968804bd83adaade1c616b404ad02f354b6bb167295319b0ae5d9899,ca74b92087483a16a012c94b147c899e246570904c23a537cb8daeb2096ce52d,4502.125550,2.549
efcdd56913d0ce6927045a6f4e8bc025d4bc3a901c3f657e7c0c0d52a157e940,d3001621518a70a020141bf2f78060d34d8b1d6a417c7d5ad0650366921617ac,4505.022344,0.058
e572651326f1337845b6b98e94175d4dc9ec1338a73d1ab7ac61170ccaf88297,518cd8f12974202d11b5a16a5437a6a560186fbe9584862c601084cbc18761c6,4505.277948,0.239
a12f22a3f771308d969fd56d18df65bf6960a4101a3daa4cef878997a2e1978b,5c9849d631846bbec88a0601bf6b0ba43d9e757dbe6f64ca8e4875ba49f7b794,4506.653143,16.753
e572651326f1337845b6b98e94175d4dc9ec1338a73d1ab7ac61170ccaf88297,518cd8f12974202d11b5a16a5437a6a560186fbe9584862c601084cbc18761c6,4509.350403,0.291
f7b8083a0342944f477b97a321506ae52fc6e2e76bf6042f2280c281f43ee10d,4b2c05f30bc5080fb3ff505c4051509a4406f733b9ccd3386fa0900f3ae0d9bf,4511.733734,0.025
cf54d1572c1d632986590f22a8313559a433bd667a10d3d3dae5912dcba6ea78,b259c1e9f9b5415e24c8b3e31485942012cde025f7115eb6c3b87d91de9ef892,4514.926301,0.156
f7b8083a0342944f477b97a321506ae52fc6e2e76bf6042f2280c281f43ee10d,4b2c05f30bc5080fb3ff505c4051509a4406f733b9ccd3386fa0900f3ae0d9bf,4515.020444,0.046
e572651326f1337845b6b98e94175d4dc9ec1338a73d1ab7ac61170ccaf88297,d92f8485c6246b3992a693f22bcc446a2f3d552d1b0cecc3fe637dec8f61e1ac,4517.317905,49.370
d9c9a39425c8044015e05eaf8330a6e48bad0e3edf1ec032098fb2c8b045c0b9,7fd157a7b694ec9235842e5191f04eb673f536c6f3bb37a9dc868eaeb977de9b,4525.423977,1.221
739faf50968804bd83adaade1c616b404ad02f354b6bb167295319b0ae5d9899,ca74b92087483a16a012c94b147c899e246570904c23a537cb8daeb2096ce52d,4526.406818,1.687
b2446308f35282348f1c6388346d932f610301eaa65bd0c283d8fb949d15e7cc,d206b500d8a622c7c6e606402b6f218d95ee19d6805d57bd7d6698351eea831a,4526.737036,74.162
a279432833a21dc66309e252ef3f48f1ddc9eb706839d037a00b3f9f545c5e2d,7f0b52256911bed19622812b8483c07daf2e9103a269f567068ed939e33a2785,4526.836090,1.397
87b8ec9b41644a8b32cf64798ee6e0d8d7e5948575669ae9c5a8435a10813266,9d4311638952a6ecefb68603a4ade3f6aedf1ff5a2f359c67bbef939d6a2e6dc,4532.279462,0.187
d9c9a39425c8044015e05eaf8330a6e48bad0e3edf1ec032098fb2c8b045c0b9,55b5c6b8e25e560a5244c522674fa8ad6f8dec1b83a702650726d57f2547c47c,4535.861447,0.068
aa09fd0de23af2f42704ea3f7a832860e356cb21fbe99fb4c513e0ac64da3ce9,a7220d0ede28b7b3aa0f0607ca44f14e871e76cab8c30bfd0134e64230326622,4541.571762,0.035
739faf50968804bd83adaade1c616b404ad02f354b6bb167295319b0ae5d9899,ca74b92087483a16a012c94b147c899e246570904c23a537cb8daeb2096ce52d,4549.737541,0.674
cf54d1572c1d632986590f22a8313559a433bd667a10d3d3dae5912dcba6ea78,b259c1e9f9b5415e24c8b3e31485942012cde025f7115eb6c3b87d91de9ef892,4555.246685,0.049
739faf50968804bd83adaade1c616b404ad02f354b6bb167295319b0ae5d9899,ca74b92087483a16a012c94b147c899e246570904c23a537cb8daeb2096ce52d,4562.967001,1.019
739faf50968804bd83adaade1c616b404ad02f354b6bb167295319b0ae5d9899,ca74b92087483a16a012c94b147c899e246570904c23a537cb8daeb2096ce52d,4566.651848,0.540
739faf50968804bd83adaade1c616b404ad02f354b6bb167295319b0ae5d9899,ca74b92087483a16a012c94b147c899e246570904c23a537cb8daeb2096ce52d,4567.268065,0.320
e572651326f1337845b6b98e94175d4dc9ec1338a73d1ab7ac61170ccaf88297,518cd8f12974202d11b5a16a5437a6a560186fbe9584862c601084cbc18761c6,4577.144133,0.129
eddb92315799e0eaf5d18b84bc5948186fbc33c0190b04c815d75765a979435c,78ec164daacd5c9e215e76ca4dfb2d1ef3a94743f8b329a281a0e9782a09f749,4591.972999,38.633
cf54d1572c1d632986590f22a8313559a433bd667a10d3d3dae5912dcba6ea78,b259c1e9f9b5415e24c8b3e31485942012cde025f7115eb6c3b87d91de9ef892,4592.589843,0.096
efcdd56913d0ce6927045a6f4e8bc025d4bc3a901c3f657e7c0c0d52a157e940,d3001621518a70a020141bf2f78060d34d8b1d6a417c7d5ad0650366921617ac,4599.530405,0.190
e572651326f1337845b6b98e94175d4dc9ec1338a73d1ab7ac61170ccaf88297,d92f8485c6246b3992a693f22bcc446a2f3d552d1b0cecc3fe637dec8f61e1ac,4599.673230,47.317
99ae030b60cf247520cab75889c7e2f4c8be9422fce8cc2dc30c53820d8e487b,68b7a052a1a75027d0ba4031c39237121a4d32fa66b59c585684af85c61349ac,4600.502739,0.390
739faf50968804bd83adaade1c616b404ad02f354b6bb167295319b0ae5d9899,ca74b92087483a16a012c94b147c899e246570904c23a537cb8daeb2096ce52d,4604.207295,0.366
739faf50968804bd83adaade1c616b404ad02f354b6bb167295319b0ae5d9899,ca74b92087483a16a012c94b147c899e246570904c23a537cb8daeb2096ce52d,4611.291187,0.555
e572651326f1337845b6b98e94175d4dc9ec1338a73d1ab7ac61170ccaf88297,5d5cbd388a16ee5f19e2c8c5df4ac7a74ad36fdc9b8a8b0489074a41d61b6884,4612.053092,17.384
739faf50968804bd83adaade1c616b404ad02f354b6bb167295319b0ae5d9899,ca74b92087483a16a012c94b147c899e246570904c23a537cb8daeb2096ce52d,4613.002841,2.793
e572651326f1337845b6b98e94175d4dc9ec1338a73d1ab7ac61170ccaf88297,d92f8485c6246b3992a693f22bcc446a2f3d552d1b0cecc3fe637dec8f61e1ac,4623.267844,56.035
e572651326f1337845b6b98e94175d4dc9ec1338a73d1ab7ac61170ccaf88297,518cd8f12974202d11b5a16a5437a6a560186fbe9584862c601084cbc18761c6,4627.056502,0.396
739faf50968804bd83adaade1c616b404ad02f354b6bb167295319b0ae5d9899,ca74b92087483a16a012c94b147c899e246570904c23a537cb8daeb2096ce52d,4631.665245,0.619
cf54d1572c1d632986590f22a8313559a433bd667a10d3d3dae5912dcba6ea78,b259c1e9f9b5415e24c8b3e31485942012cde025f7115eb6c3b87d91de9ef892,4634.999221,0.016
739faf50968804bd83adaade1c616b404ad02f354b6bb167295319b0ae5d9899,ca74b92087483a16a012c94b147c899e246570904c23a537cb8daeb2096ce52d,4647.836316,0.621
d9c9a39425c8044015e05eaf8330a6e48bad0e3edf1ec032098fb2c8b045c0b9,7fd157a7b694ec9235842e5191f04eb673f536c6f3bb37a9dc868eaeb977de9b,4656.850021,0.304
e572651326f1337845b6b98e94175d4dc9ec1338a73d1ab7ac61170ccaf88297,5d5cbd388a16ee5f19e2c8c5df4ac7a74ad36fdc9b8a8b0489074a41d61b6884,4658.347424,22.449
cf54d1572c1d632986590f22a8313559a433bd667a10d3d3dae5912dcba6ea78,b259c1e9f9b5415e24c8b3e31485942012cde025f7115eb6c3b87d91de9ef892,4660.051219,0.034
b34e792718773cd207a3d3bb54979d4952f301dd15d6f091f57008f075958309,2f796c78515eb95a2d835ebf50326db182a91dce43f6d21d5785e80565851355,4662.493182,2.543
eddb92315799e0eaf5d18b84bc5948186fbc33c0190b04c815d75765a979435c,78ec164daacd5c9e215e76ca4dfb2d1ef3a94743f8b329a281a0e9782a09f749,4662.666885,36.621
e572651326f1337845b6b98e94175d4dc9ec1338a73d1ab7ac61170ccaf88297,d92f8485c6246b3992a693f22bcc446a2f3d552d1b0cecc3fe637dec8f61e1ac,4666.471431,272.700
d9c9a39425c8044015e05eaf8330a6e48bad0e3edf1ec032098fb2c8b045c0b9,7fd157a7b694ec9235842e5191f04eb673f536c6f3bb37a9dc868eaeb977de9b,4667.896229,0.429
87b8ec9b41644a8b32cf64798ee6e0d8d7e5948575669ae9c5a8435a10813266,9d4311638952a6ecefb68603a4ade3f6aedf1ff5a2f359c67bbef939d6a2e6dc,4668.363342,0.136
e572651326f1337845b6b98e94175d4dc9ec1338a73d1ab7ac61170ccaf88297,d92f8485c6246b3992a693f22bcc446a2f3d552d1b0cecc3fe637dec8f61e1ac,4670.334666,63.152
e572651326f1337845b6b98e94175d4dc9ec1338a73d1ab7ac61170ccaf88297,d92f8485c6246b3992a693f22bcc446a2f3d552d1b0cecc3fe637dec8f61e1ac,4674.083290,152.770
d9c9a39425c8044015e05eaf8330a6e48bad0e3edf1ec032098fb2c8b045c0b9,7fd157a7b694ec9235842e5191f04eb673f536c6f3bb37a9dc868eaeb977de9b,4678.797569,0.386
739faf50968804bd83adaade1c616b404ad02f354b6bb167295319b0ae5d9899,ca74b92087483a16a012c94b147c899e246570904c23a537cb8daeb2096ce52d,4689.876571,1.557
739faf50968804bd83adaade1c616b404ad02f354b6bb167295319b0ae5d9899,ca74b92087483a16a012c94b147c899e246570904c23a537cb8daeb2096ce52d,4698.411262,0.839
f4930f068e300bc29cc1ba31414e01d1eaf55b1607c65985536c868ec9323990,46a59e3a4d9e4fefe6b34e678125ce95ab071f1126ec503557f26ec575c1941b,4702.887960,0.849
e572651326f1337845b6b98e94175d4dc9ec1338a73d1ab7ac61170ccaf88297,5d5cbd388a16ee5f19e2c8c5df4ac7a74ad36fdc9b8a8b0489074a41d61b6884,4724.664356,16.656
e572651326f1337845b6b98e94175d4dc9ec1338a73d1ab7ac61170ccaf88297,d92f8485c6246b3992a693f22bcc446a2f3d552d1b0cecc3fe637dec8f61e1ac,4727.805105,26.774
d9c9a39425c8044015e05eaf8330a6e48bad0e3edf1ec032098fb2c8b045c0b9,55b5c6b8e25e560a5244c522674fa8ad6f8dec1b83a702650726d57f2547c47c,4728.512964,0.067
e572651326f1337845b6b98e94175d4dc9ec1338a73d1ab7ac61170ccaf88297,d92f8485c6246b3992a693f22bcc446a2f3d552d1b0cecc3fe637dec8f61e1ac,4734.772998,58.602
b2446308f35282348f1c6388346d932f610301eaa65bd0c283d8fb949d15e7cc,d206b500d8a622c7c6e606402b6f218d95ee19d6805d57bd7d6698351eea831a,4740.376138,26.260
e572651326f1337845b6b98e94175d4dc9ec1338a73d1ab7ac61170ccaf88297,d92f8485c6246b3992a693f22bcc446a2f3d552d1b0cecc3fe637dec8f61e1ac,4740.744911,108.586
739faf50968804bd83adaade1c616b404ad02f354b6bb167295319b0ae5d9899,ca74b92087483a16a012c94b147c899e246570904c23a537cb8daeb2096ce52d,4743.043636,0.972
d9c9a39425c8044015e05eaf8330a6e48bad0e3edf1ec032098fb2c8b045c0b9,7fd157a7b694ec9235842e5191f04eb673f536c6f3bb37a9dc868eaeb977de9b,4743.090812,1.120
739faf50968804bd83adaade1c616b404ad02f354b6bb167295319b0ae5d9899,ca74b92087483a16a012c94b147c899e246570904c23a537cb8daeb2096ce52d,4745.427080,1.075
e572651326f1337845b6b98e94175d4dc9ec1338a73d1ab7ac61170ccaf88297,518cd8f12974202d11b5a16a5437a6a560186fbe9584862c601084cbc18761c6,4748.204340,0.272
d9c9a39425c8044015e05eaf8330a6e48bad0e3edf1ec032098fb2c8b045c0b9,7fd157a7b694ec9235842e5191f04eb673f536c6f3bb37a9dc868eaeb977de9b,4750.684767,0.417
e572651326f1337845b6b98e94175d4dc9ec1338a73d1ab7ac61170ccaf88297,518cd8f12974202d11b5a16a5437a6a560186fbe9584862c601084cbc18761c6,4753.503161,0.355
64db848c9bc5db515c94ab30eee3c35decfe835ca8a6c40b0821fe30aaa04cdb,f219acf93580c06f4504a74e90b2f826094f3544ca2f60a49b929ab5d1f80d31,4761.140047,2.383
aa09fd0de23af2f42704ea3f7a832860e356cb21fbe99fb4c513e0ac64da3ce9,a7220d0ede28b7b3aa0f0607ca44f14e871e76cab8c30bfd0134e64230326622,4764.195307,0.062
4bd219625127e9d2e12f7eb21015642ad64f42ea61a16f5577db0c2e7a54d4cf,97c31670ec24a392969c8bc769ded28f0ea827f99e77c918ebe894b02f4511dd,4768.527304,7.818
b2446308f35282348f1c6388346d932f610301eaa65bd0c283d8fb949d15e7cc,d206b500d8a622c7c6e606402b6f218d95ee19d6805d57bd7d6698351eea831a,4778.815680,20.958
739faf50968804bd83adaade1c616b404ad02f354b6bb167295319b0ae5d9899,ca74b92087483a16a012c94b147c899e246570904c23a537cb8daeb2096ce52d,4781.647957,0.884
a7cf2f4bb45576518350fb91bb84800146f1dc257896e3b46b901095987e2a1c,6a144e613e2220f49247934c6e896484265f3763008c3235599da7133c320b63,4782.773780,0.323
aa09fd0de23af2f42704ea3f7a832860e356cb21fbe99fb4c513e0ac64da3ce9,a7220d0ede28b7b3aa0f0607ca44f14e871e76cab8c30bfd0134e64230326622,4792.714608,0.059
739faf50968804bd83adaade1c616b404ad02f354b6bb167295319b0ae5d9899,ca74b92087483a16a012c94b147c899e246570904c23a537cb8daeb2096ce52d,4794.520039,0.476
739faf50968804bd83adaade1c616b404ad02f354b6bb167295319b0ae5d9899,ca74b92087483a16a012c94b147c899e246570904c23a537cb8daeb2096ce52d,4796.923614,0.561
e572651326f1337845b6b98e94175d4dc9ec1338a73d1ab7ac61170ccaf88297,5d5cbd388a16ee5f19e2c8c5df4ac7a74ad36fdc9b8a8b0489074a41d61b6884,4806.852361,10.841
eddb92315799e0eaf5d18b84bc5948186fbc33c0190b04c815d75765a979435c,110010ce3452fe8d402b60888cc981d5c1f099fa94092e745a629835ecdb9f51,4807.796973,0.022
64db848c9bc5db515c94ab30eee3c35decfe835ca8a6c40b0821fe30aaa04cdb,f219acf93580c06f4504a74e90b2f826094f3544ca2f60a49b929ab5d1f80d31,4811.740314,2.326
36918b2e6c7d7af242c355afc840cf4665e3ea068cf464571367b9c37779bf80,7256bfbb7f3fd68f57187fc7395b4cbcb317c2abb99ee066d02f0844dbcb8ee7,4818.358634,4.952
7475824cc4748c3fc8576d1ba486950f36d81d9cb5336cc1da801ef313b516d8,c8d99a8658319d5874fe33684bea9d87fab76b5593481d4d66145bec971607b3,4821.673972,0.098
d9c9a39425c8044015e05eaf8330a6e48bad0e3edf1ec032098fb2c8b045c0b9,7fd157a7b694ec9235842e5191f04eb673f536c6f3bb37a9dc868eaeb977de9b,4823.302737,1.271
aa09fd0de23af2f42704ea3f7a832860e356cb21fbe99fb4c513e0ac64da3ce9,a7220d0ede28b7b3aa0f0607ca44f14e871e76cab8c30bfd0134e64230326622,4827.114844,0.049
a279432833a21dc66309e252ef3f48f1ddc9eb706839d037a00b3f9f545c5e2d,96b2b81126ccc77b62f8e30b2d3ae9fd295c3bf035deab650d5cf4c57cf49796,4830.435412,0.028
87b8ec9b41644a8b32cf64798ee6e0d8d7e5948575669ae9c5a8435a10813266,13220cb8f5b7112c02f2481c968497db0f96a9b6d45bc7204086d9914d5596b5,4839.944384,29.844
f4930f068e300bc29cc1ba31414e01d1eaf55b1607c65985536c868ec9323990,f98b902a5d78635ca9426bf7b222c0f2e63e8316254891c86ab6c55292b5c8b2,4847.517495,0.143
739faf50968804bd83adaade1c616b404ad02f354b6bb167295319b0ae5d9899,ca74b92087483a16a012c94b147c899e246570904c23a537cb8daeb2096ce52d,4849.954279,0.531
e572651326f1337845b6b98e94175d4dc9ec1338a73d1ab7ac61170ccaf88297,d92f8485c6246b3992a693f22bcc446a2f3d552d1b0cecc3fe637dec8f61e1ac,4853.040218,171.573
e572651326f1337845b6b98e94175d4dc9ec1338a73d1ab7ac61170ccaf88297,518cd8f12974202d11b5a16a5437a6a560186fbe9584862c601084cbc18761c6,4870.124238,0.076
e572651326f1337845b6b98e94175d4dc9ec1338a73d1ab7ac61170ccaf88297,d92f8485c6246b3992a693f22bcc446a2f3d552d1b0cecc3fe637dec8f61e1ac,4870.987983,28.133
e572651326f1337845b6b98e94175d4dc9ec1338a73d1ab7ac61170ccaf88297,d92f8485c6246b3992a693f22bcc446a2f3d552d1b0cecc3fe637dec8f61e1ac,4874.321697,138.447
b34e792718773cd207a3d3bb54979d4952f301dd15d6f091f57008f075958309,2f796c78515eb95a2d835ebf50326db182a91dce43f6d21d5785e80565851355,4878.269823,4.199
aa09fd0de23af2f42704ea3f7a832860e356cb21fbe99fb4c513e0ac64da3ce9,a7220d0ede28b7b3aa0f0607ca44f14e871e76cab8c30bfd0134e64230326622,4886.981414,0.024
4bd219625127e9d2e12f7eb21015642ad64f42ea61a16f5577db0c2e7a54d4cf,97c31670ec24a392969c8bc769ded28f0ea827f99e77c918ebe894b02f4511dd,4895.514999,34.930
739faf50968804bd83adaade1c616b404ad02f354b6bb167295319b0ae5d9899,ca74b92087483a16a012c94b147c899e246570904c23a537cb8daeb2096ce52d,4903.464725,3.679
aa09fd0de23af2f42704ea3f7a832860e356cb21fbe99fb4c513e0ac64da3ce9,a7220d0ede28b7b3aa0f0607ca44f14e871e76cab8c30bfd0134e64230326622,4911.964123,0.051
739faf50968804bd83adaade1c616b404ad02f354b6bb167295319b0ae5d9899,ca74b92087483a16a012c94b147c899e246570904c23a537cb8daeb2096ce52d,4912.117902,0.507
e572651326f1337845b6b98e94175d4dc9ec1338a73d1ab7ac61170ccaf88297,d92f8485c6246b3992a693f22bcc446a2f3d552d1b0cecc3fe637dec8f61e1ac,4918.169883,20.428
b2446308f35282348f1c6388346d932f610301eaa65bd0c283d8fb949d15e7cc,db87b76b1f5c22aeb78e8ddae62a3f5b78f28580d14b2d7f7f773702f2da3a3b,4925.995677,0.133
739faf50968804bd83adaade1c616b404ad02f354b6bb167295319b0ae5d9899,ca74b92087483a16a012c94b147c899e246570904c23a537cb8daeb2096ce52d,4926.990685,0.538
87b8ec9b41644a8b32cf64798ee6e0d8d7e5948575669ae9c5a8435a10813266,13220cb8f5b7112c02f2481c968497db0f96a9b6d45bc7204086d9914d5596b5,4939.868480,142.208
e572651326f1337845b6b98e94175d4dc9ec1338a73d1ab7ac61170ccaf88297,d92f8485c6246b3992a693f22bcc446a2f3d552d1b0cecc3fe637dec8f61e1ac,4949.153323,39.200
b2446308f35282348f1c6388346d932f610301eaa65bd0c283d8fb949d15e7cc,d206b500d8a622c7c6e606402b6f218d95ee19d6805d57bd7d6698351eea831a,4955.511270,98.659
739faf50968804bd83adaade1c616b404ad02f354b6bb167295319b0ae5d9899,ca74b92087483a16a012c94b147c899e246570904c23a537cb8daeb2096ce52d,4956.931706,2.235
739faf50968804bd83adaade1c616b404ad02f354b6bb167295319b0ae5d9899,ca74b92087483a16a012c94b147c899e246570904c23a537cb8daeb2096ce52d,4959.828294,0.360
d9c9a39425c8044015e05eaf8330a6e48bad0e3edf1ec032098fb2c8b045c0b9,7fd157a7b694ec9235842e5191f04eb673f536c6f3bb37a9dc868eaeb977de9b,4970.917038,1.381
739faf50968804bd83adaade1c616b404ad02f354b6bb167295319b0ae5d9899,ca74b92087483a16a012c94b147c899e246570904c23a537cb8daeb2096ce52d,4971.481463,0.767
aa09fd0de23af2f42704ea3f7a832860e356cb21fbe99fb4c513e0ac64da3ce9,a7220d0ede28b7b3aa0f0607ca44f14e871e76cab8c30bfd0134e64230326622,4978.689865,0.036
e572651326f1337845b6b98e94175d4dc9ec1338a73d1ab7ac61170ccaf88297,518cd8f12974202d11b5a16a5437a6a560186fbe9584862c601084cbc18761c6,4984.558526,0.254
d9c9a39425c8044015e05eaf8330a6e48bad0e3edf1ec032098fb2c8b045c0b9,7fd157a7b694ec9235842e5191f04eb673f536c6f3bb37a9dc868eaeb977de9b,4988.110721,0.575
739faf50968804bd83adaade1c616b404ad02f354b6bb167295319b0ae5d9899,ca74b92087483a16a012c94b147c899e246570904c23a537cb8daeb2096ce52d,4988.376018,0.871
739faf50968804bd83adaade1c616b404ad02f354b6bb167295319b0ae5d9899,ca74b92087483a16a012c94b147c899e246570904c23a537cb8daeb2096ce52d,4998.495235,0.679
a279432833a21dc66309e252ef3f48f1ddc9eb706839d037a00b3f9f545c5e2d,7f0b52256911bed19622812b8483c07daf2e9103a269f567068ed939e33a2785,5001.188009,0.994
a7cf2f4bb45576518350fb91bb84800146f1dc257896e3b46b901095987e2a1c,6a144e613e2220f49247934c6e896484265f3763008c3235599da7133c320b63,5010.889481,0.175
e572651326f1337845b6b98e94175d4dc9ec1338a73d1ab7ac61170ccaf88297,d92f8485c6246b3992a693f22bcc446a2f3d552d1b0cecc3fe637dec8f61e1ac,5016.842114,83.422
739faf50968804bd83adaade1c616b404ad02f354b6bb167295319b0ae5d9899,ca74b92087483a16a012c94b147c899e246570904c23a537cb8daeb2096ce52d,5017.724568,0.672
e572651326f1337845b6b98e94175d4dc9ec1338a73d1ab7ac61170ccaf88297,d92f8485c6246b3992a693f22bcc446a2f3d552d1b0cecc3fe637dec8f61e1ac,5021.946220,185.796
e572651326f1337845b6b98e94175d4dc9ec1338a73d1ab7ac61170ccaf88297,d92f8485c6246b3992a693f22bcc446a2f3d552d1b0cecc3fe637dec8f61e1ac,5021.979155,32.007
e572651326f1337845b6b98e94175d4dc9ec1338a73d1ab7ac61170ccaf88297,5d5cbd388a16ee5f19e2c8c5df4ac7a74ad36fdc9b8a8b0489074a41d61b6884,5022.370831,32.959
739faf50968804bd83adaade1c616b404ad02f354b6bb167295319b0ae5d9899,ca74b92087483a16a012c94b147c899e246570904c23a537cb8daeb2096ce52d,5028.575151,0.529
739faf50968804bd83adaade1c616b404ad02f354b6bb167295319b0ae5d9899,ca74b92087483a16a012c94b147c899e246570904c23a537cb8daeb2096ce52d,5032.098778,1.030
f7b8083a0342944f477b97a321506ae52fc6e2e76bf6042f2280c281f43ee10d,d414dfb669aa29482336ef26db33feead9a3bd71190ba5d44412a9f8bedf26de,5035.216336,20.212
e572651326f1337845b6b98e94175d4dc9ec1338a73d1ab7ac61170ccaf88297,d92f8485c6246b3992a693f22bcc446a2f3d552d1b0cecc3fe637dec8f61e1ac,5046.249721,59.596
e572651326f1337845b6b98e94175d4dc9ec1338a73d1ab7ac61170ccaf88297,518cd8f12974202d11b5a16a5437a6a560186fbe9584862c601084cbc18761c6,5048.304508,0.122
739faf50968804bd83adaade1c616b404ad02f354b6bb167295319b0ae5d9899,ca74b92087483a16a012c94b147c899e246570904c23a537cb8daeb2096ce52d,5054.783083,1.106
cf54d1572c1d632986590f22a8313559a433bd667a10d3d3dae5912dcba6ea78,b259c1e9f9b5415e24c8b3e31485942012cde025f7115eb6c3b87d91de9ef892,5057.992490,0.071
efcdd56913d0ce6927045a6f4e8bc025d4bc3a901c3f657e7c0c0d52a157e940,d3001621518a70a020141bf2f78060d34d8b1d6a417c7d5ad0650366921617ac,5060.148531,0.106
d9c9a39425c8044015e05eaf8330a6e48bad0e3edf1ec032098fb2c8b045c0b9,55b5c6b8e25e560a5244c522674fa8ad6f8dec1b83a702650726d57f2547c47c,5061.859308,0.120
739faf50968804bd83adaade1c616b404ad02f354b6bb167295319b0ae5d9899,ca74b92087483a16a012c94b147c899e246570904c23a537cb8daeb2096ce52d,5062.475024,3.352
739faf50968804bd83adaade1c616b404ad02f354b6bb167295319b0ae5d9899,ca74b92087483a16a012c94b147c899e246570904c23a537cb8daeb2096ce52d,5084.071262,1.589
739faf50968804bd83adaade1c616b404ad02f354b6bb167295319b0ae5d9899,ca74b92087483a16a012c94b147c899e246570904c23a537cb8daeb2096ce52d,5094.327560,1.226
eddb92315799e0eaf5d18b84bc5948186fbc33c0190b04c815d75765a979435c,110010ce3452fe8d402b60888cc981d5c1f099fa94092e745a629835ecdb9f51,5095.952540,0.030
7475824cc4748c3fc8576d1ba486950f36d81d9cb5336cc1da801ef313b516d8,eac0d7c37985ac4669b288f34505f79c6df5fc76371ca3b80b783133b39adfbd,5097.723957,30.984
eddb92315799e0eaf5d18b84bc5948186fbc33c0190b04c815d75765a979435c,78ec164daacd5c9e215e76ca4dfb2d1ef3a94743f8b329a281a0e9782a09f749,5099.750016,31.860
87b8ec9b41644a8b32cf64798ee6e0d8d7e5948575669ae9c5a8435a10813266,13220cb8f5b7112c02f2481c968497db0f96a9b6d45bc7204086d9914d5596b5,5108.224454,33.811
e572651326f1337845b6b98e94175d4dc9ec1338a73d1ab7ac61170ccaf88297,d92f8485c6246b3992a693f22bcc446a2f3d552d1b0cecc3fe637dec8f61e1ac,5108.566999,78.782
d9c9a39425c8044015e05eaf8330a6e48bad0e3edf1ec032098fb2c8b045c0b9,7fd157a7b694ec9235842e5191f04eb673f536c6f3bb37a9dc868eaeb977de9b,5115.609009,1.875
aa09fd0de23af2f42704ea3f7a832860e356cb21fbe99fb4c513e0ac64da3ce9,a7220d0ede28b7b3aa0f0607ca44f14e871e76cab8c30bfd0134e64230326622,5116.678697,0.096
739faf50968804bd83adaade1c616b404ad02f354b6bb167295319b0ae5d9899,ca74b92087483a16a012c94b147c899e246570904c23a537cb8daeb2096ce52d,5127.924458,0.217
d9c9a39425c8044015e05eaf8330a6e48bad0e3edf1ec032098fb2c8b045c0b9,55b5c6b8e25e560a5244c522674fa8ad6f8dec1b83a702650726d57f2547c47c,5132.860490,0.024
f4930f068e300bc29cc1ba31414e01d1eaf55b1607c65985536c868ec9323990,46a59e3a4d9e4fefe6b34e678125ce95ab071f1126ec503557f26ec575c1941b,5141.630275,0.449
739faf50968804bd83adaade1c616b404ad02f354b6bb167295319b0ae5d9899,ca74b92087483a16a012c94b147c899e246570904c23a537cb8daeb2096ce52d,5146.115804,0.707
739faf50968804bd83adaade1c616b404ad02f354b6bb167295319b0ae5d9899,ca74b92087483a16a012c94b147c899e246570904c23a537cb8daeb2096ce52d,5150.335868,0.964
64db848c9bc5db515c94ab30eee3c35decfe835ca8a6c40b0821fe30aaa04cdb,f219acf93580c06f4504a74e90b2f826094f3544ca2f60a49b929ab5d1f80d31,5156.901807,3.329
739faf50968804bd83adaade1c616b404ad02f354b6bb167295319b0ae5d9899,ca74b92087483a16a012c94b147c899e246570904c23a537cb8daeb2096ce52d,5166.459101,0.586
eddb92315799e0eaf5d18b84bc5948186fbc33c0190b04c815d75765a979435c,110010ce3452fe8d402b60888cc981d5c1f099fa94092e745a629835ecdb9f51,5172.387258,0.073
e572651326f1337845b6b98e94175d4dc9ec1338a73d1ab7ac61170ccaf88297,518cd8f12974202d11b5a16a5437a6a560186fbe9584862c601084cbc18761c6,5173.400396,0.129
e572651326f1337845b6b98e94175d4dc9ec1338a73d1ab7ac61170ccaf88297,d92f8485c6246b3992a693f22bcc446a2f3d552d1b0cecc3fe637dec8f61e1ac,5178.852931,64.340
d9c9a39425c8044015e05eaf8330a6e48bad0e3edf1ec032098fb2c8b045c0b9,7fd157a7b694ec9235842e5191f04eb673f536c6f3bb37a9dc868eaeb977de9b,5180.568061,0.533
b34e792718773cd207a3d3bb54979d4952f301dd15d6f091f57008f075958309,541379714c2250706dfd8b76765ae74953f871377238b361a8666f510afeba58,5182.741402,101.791
739faf50968804bd83adaade1c616b404ad02f354b6bb167295319b0ae5d9899,ca74b92087483a16a012c94b147c899e246570904c23a537cb8daeb2096ce52d,5183.305802,1.138
e572651326f1337845b6b98e94175d4dc9ec1338a73d1ab7ac61170ccaf88297,d92f8485c6246b3992a693f22bcc446a2f3d552d1b0cecc3fe637dec8f61e1ac,5191.259353,57.711
a7cf2f4bb45576518350fb91bb84800146f1dc257896e3b46b901095987e2a1c,0e0238481987246e775d487dc915a41e718967ef61dc0c3dbf5c2983b02dea84,5191.394287,12.004
739faf50968804bd83adaade1c616b404ad02f354b6bb167295319b0ae5d9899,ca74b92087483a16a012c94b147c899e246570904c23a537cb8daeb2096ce52d,5199.941919,0.629
739faf50968804bd83adaade1c616b404ad02f354b6bb167295319b0ae5d9899,ca74b92087483a16a012c94b147c899e246570904c23a537cb8daeb2096ce52d,5203.012441,0.756
f7b8083a0342944f477b97a321506ae52fc6e2e76bf6042f2280c281f43ee10d,4b2c05f30bc5080fb3ff505c4051509a4406f733b9ccd3386fa0900f3ae0d9bf,5205.355213,0.069
739faf50968804bd83adaade1c616b404ad02f354b6bb167295319b0ae5d9899,ca74b92087483a16a012c94b147c899e246570904c23a537cb8daeb2096ce52d,5209.709778,0.506
739faf50968804bd83adaade1c616b404ad02f354b6bb167295319b0ae5d9899,ca74b92087483a16a012c94b147c899e246570904c23a537cb8daeb2096ce52d,5210.990137,0.675
e572651326f1337845b6b98e94175d4dc9ec1338a73d1ab7ac61170ccaf88297,d92f8485c6246b3992a693f22bcc446a2f3d552d1b0cecc3fe637dec8f61e1ac,5214.323962,17.916
f4930f068e300bc29cc1ba31414e01d1eaf55b1607c65985536c868ec9323990,46a59e3a4d9e4fefe6b34e678125ce95ab071f1126ec503557f26ec575c1941b,5218.550395,0.550
e572651326f1337845b6b98e94175d4dc9ec1338a73d1ab7ac61170ccaf88297,518cd8f12974202d11b5a16a5437a6a560186fbe9584862c601084cbc18761c6,5225.076939,0.171
a12f22a3f771308d969fd56d18df65bf6960a4101a3daa4cef878997a2e1978b,5c9849d631846bbec88a0601bf6b0ba43d9e757dbe6f64ca8e4875ba49f7b794,5227.344808,17.606
d9c9a39425c8044015e05eaf8330a6e48bad0e3edf1ec032098fb2c8b045c0b9,55b5c6b8e25e560a5244c522674fa8ad6f8dec1b83a702650726d57f2547c47c,5228.582037,0.064
e572651326f1337845b6b98e94175d4dc9ec1338a73d1ab7ac61170ccaf88297,518cd8f12974202d11b5a16a5437a6a560186fbe9584862c601084cbc18761c6,5229.481584,0.069
739faf50968804bd83adaade1c616b404ad02f354b6bb167295319b0ae5d9899,ca74b92087483a16a012c94b147c899e246570904c23a537cb8daeb2096ce52d,5236.223245,1.513
e572651326f1337845b6b98e94175d4dc9ec1338a73d1ab7ac61170ccaf88297,d92f8485c6246b3992a693f22bcc446a2f3d552d1b0cecc3fe637dec8f61e1ac,5237.510500,71.865
739faf50968804bd83adaade1c616b404ad02f354b6bb167295319b0ae5d9899,ca74b92087483a16a012c94b147c899e246570904c23a537cb8daeb2096ce52d,5238.569770,0.879
eddb92315799e0eaf5d18b84bc5948186fbc33c0190b04c815d75765a979435c,9ecd2766ee6bd299d23bbc00b9a905d490ebeb2e675d857ef4f1bd4d5877c065,5242.791579,14.017
d9c9a39425c8044015e05eaf8330a6e48bad0e3edf1ec032098fb2c8b045c0b9,7fd157a7b694ec9235842e5191f04eb673f536c6f3bb37a9dc868eaeb977de9b,5244.020044,0.294
739faf50968804bd83adaade1c616b404ad02f354b6bb167295319b0ae5d9899,ca74b92087483a16a012c94b147c899e246570904c23a537cb8daeb2096ce52d,5244.532654,1.349
aa09fd0de23af2f42704ea3f7a832860e356cb21fbe99fb4c513e0ac64da3ce9,a7220d0ede28b7b3aa0f0607ca44f14e871e76cab8c30bfd0134e64230326622,5249.728197,0.065
a12f22a3f771308d969fd56d18df65bf6960a4101a3daa4cef878997a2e1978b,5c9849d631846bbec88a0601bf6b0ba43d9e757dbe6f64ca8e4875ba49f7b794,5250.665010,14.829
7475824cc4748c3fc8576d1ba486950f36d81d9cb5336cc1da801ef313b516d8,eac0d7c37985ac4669b288f34505f79c6df5fc76371ca3b80b783133b39adfbd,5254.947633,96.130
e572651326f1337845b6b98e94175d4dc9ec1338a73d1ab7ac61170ccaf88297,d92f8485c6246b3992a693f22bcc446a2f3d552d1b0cecc3fe637dec8f61e1ac,5256.543186,12.860
739faf50968804bd83adaade1c616b404ad02f354b6bb167295319b0ae5d9899,ca74b92087483a16a012c94b147c899e246570904c23a537cb8daeb2096ce52d,5257.295505,0.279
739faf50968804bd83adaade1c616b404ad02f354b6bb167295319b0ae5d9899,ca74b92087483a16a012c94b147c899e246570904c23a537cb8daeb2096ce52d,5258.707197,0.342
e572651326f1337845b6b98e94175d4dc9ec1338a73d1ab7ac61170ccaf88297,518cd8f12974202d11b5a16a5437a6a560186fbe9584862c601084cbc18761c6,5259.642415,0.418
d9c9a39425c8044015e05eaf8330a6e48bad0e3edf1ec032098fb2c8b045c0b9,7fd157a7b694ec9235842e5191f04eb673f536c6f3bb37a9dc868eaeb977de9b,5260.192303,0.697
cf54d1572c1d632986590f22a8313559a433bd667a10d3d3dae5912dcba6ea78,b259c1e9f9b5415e24c8b3e31485942012cde025f7115eb6c3b87d91de9ef892,5261.118920,0.052
a12f22a3f771308d969fd56d18df65bf6960a4101a3daa4cef878997a2e1978b,5c9849d631846bbec88a0601bf6b0ba43d9e757dbe6f64ca8e4875ba49f7b794,5262.059505,15.140
739faf50968804bd83adaade1c616b404ad02f354b6bb167295319b0ae5d9899,ca74b92087483a16a012c94b147c899e246570904c23a537cb8daeb2096ce52d,5262.366635,0.577
739faf50968804bd83adaade1c616b404ad02f354b6bb167295319b0ae5d9899,ca74b92087483a16a012c94b147c899e246570904c23a537cb8daeb2096ce52d,5269.385941,0.509
aa09fd0de23af2f42704ea3f7a832860e356cb21fbe99fb4c513e0ac64da3ce9,a7220d0ede28b7b3aa0f0607ca44f14e871e76cab8c30bfd0134e64230326622,5281.770367,0.022
739faf50968804bd83adaade1c616b404ad02f354b6bb167295319b0ae5d9899,ca74b92087483a16a012c94b147c899e246570904c23a537cb8daeb2096ce52d,5287.092691,0.354
87b8ec9b41644a8b32cf64798ee6e0d8d7e5948575669ae9c5a8435a10813266,b85146d6fb2fb1b37a7b668f36287a534543da7a2bc393eac28fd9e974908af0,5298.249565,5.107
e572651326f1337845b6b98e94175d4dc9ec1338a73d1ab7ac61170ccaf88297,d92f8485c6246b3992a693f22bcc446a2f3d552d1b0cecc3fe637dec8f61e1ac,5304.392158,68.099
a12f22a3f771308d969fd56d18df65bf6960a4101a3daa4cef878997a2e1978b,664c8bd366fc401f874d793373a2aafc5a5a506e2e04d325d5d83557d6df7502,5307.768043,0.102
4bd219625127e9d2e12f7eb21015642ad64f42ea61a16f5577db0c2e7a54d4cf,1b9ff14203f132f3ca0342f8491d5b4e61000dbca9a88d6ef78132611cf99466,5324.245104,1.350
739faf50968804bd83adaade1c616b404ad02f354b6bb167295319b0ae5d9899,ca74b92087483a16a012c94b147c899e246570904c23a537cb8daeb2096ce52d,5324.657926,1.128
739faf50968804bd83adaade1c616b404ad02f354b6bb167295319b0ae5d9899,ca74b92087483a16a012c94b147c899e246570904c23a537cb8daeb2096ce52d,5327.837273,0.705
efcdd56913d0ce6927045a6f4e8bc025d4bc3a901c3f657e7c0c0d52a157e940,d3001621518a70a020141bf2f78060d34d8b1d6a417c7d5ad0650366921617ac,5330.982564,0.104
e572651326f1337845b6b98e94175d4dc9ec1338a73d1ab7ac61170ccaf88297,5d5cbd388a16ee5f19e2c8c5df4ac7a74ad36fdc9b8a8b0489074a41d61b6884,5333.377186,27.936
87b8ec9b41644a8b32cf64798ee6e0d8d7e5948575669ae9c5a8435a10813266,13220cb8f5b7112c02f2481c968497db0f96a9b6d45bc7204086d9914d5596b5,5335.212581,162.370
739faf50968804bd83adaade1c616b404ad02f354b6bb167295319b0ae5d9899,ca74b92087483a16a012c94b147c899e246570904c23a537cb8daeb2096ce52d,5337.771215,0.579
739faf50968804bd83adaade1c616b404ad02f354b6bb167295319b0ae5d9899,ca74b92087483a16a012c94b147c899e246570904c23a537cb8daeb2096ce52d,5340.977484,0.699
87b8ec9b41644a8b32cf64798ee6e0d8d7e5948575669ae9c5a8435a10813266,9d4311638952a6ecefb68603a4ade3f6aedf1ff5a2f359c67bbef939d6a2e6dc,5344.140575,0.150
cf54d1572c1d632986590f22a8313559a433bd667a10d3d3dae5912dcba6ea78,b259c1e9f9b5415e24c8b3e31485942012cde025f7115eb6c3b87d91de9ef892,5356.106001,0.080
87b8ec9b41644a8b32cf64798ee6e0d8d7e5948575669ae9c5a8435a10813266,9d4311638952a6ecefb68603a4ade3f6aedf1ff5a2f359c67bbef939d6a2e6dc,5358.843121,0.279
4bd219625127e9d2e12f7eb21015642ad64f42ea61a16f5577db0c2e7a54d4cf,1b9ff14203f132f3ca0342f8491d5b4e61000dbca9a88d6ef78132611cf99466,5366.961854,3.472
e572651326f1337845b6b98e94175d4dc9ec1338a73d1ab7ac61170ccaf88297,5d5cbd388a16ee5f19e2c8c5df4ac7a74ad36fdc9b8a8b0489074a41d61b6884,5368.366765,17.948
739faf50968804bd83adaade1c616b404ad02f354b6bb167295319b0ae5d9899,ca74b92087483a16a012c94b147c899e246570904c23a537cb8daeb2096ce52d,5370.979849,0.593
f7b8083a0342944f477b97a321506ae52fc6e2e76bf6042f2280c281f43ee10d,d414dfb669aa29482336ef26db33feead9a3bd71190ba5d44412a9f8bedf26de,5372.987912,12.014
eddb92315799e0eaf5d18b84bc5948186fbc33c0190b04c815d75765a979435c,78ec164daacd5c9e215e76ca4dfb2d1ef3a94743f8b329a281a0e9782a09f749,5376.499114,32.381
739faf50968804bd83adaade1c616b404ad02f354b6bb167295319b0ae5d9899,ca74b92087483a16a012c94b147c899e246570904c23a537cb8daeb2096ce52d,5381.034720,2.551
4bd219625127e9d2e12f7eb21015642ad64f42ea61a16f5577db0c2e7a54d4cf,1b9ff14203f132f3ca0342f8491d5b4e61000dbca9a88d6ef78132611cf99466,5381.069314,4.279
a12f22a3f771308d969fd56d18df65bf6960a4101a3daa4cef878997a2e1978b,664c8bd366fc401f874d793373a2aafc5a5a506e2e04d325d5d83557d6df7502,5383.537510,0.082
e572651326f1337845b6b98e94175d4dc9ec1338a73d1ab7ac61170ccaf88297,d92f8485c6246b3992a693f22bcc446a2f3d552d1b0cecc3fe637dec8f61e1ac,5388.308589,102.632
739faf50968804bd83adaade1c616b404ad02f354b6bb167295319b0ae5d9899,ca74b92087483a16a012c94b147c899e246570904c23a537cb8daeb2096ce52d,5392.272855,0.314
b2446308f35282348f1c6388346d932f610301eaa65bd0c283d8fb949d15e7cc,db87b76b1f5c22aeb78e8ddae62a3f5b78f28580d14b2d7f7f773702f2da3a3b,5404.448432,0.026
b2446308f35282348f1c6388346d932f610301eaa65bd0c283d8fb949d15e7cc,db87b76b1f5c22aeb78e8ddae62a3f5b78f28580d14b2d7f7f773702f2da3a3b,5411.333903,0.193
e572651326f1337845b6b98e94175d4dc9ec1338a73d1ab7ac61170ccaf88297,518cd8f12974202d11b5a16a5437a6a560186fbe9584862c601084cbc18761c6,5411.780917,0.218
e572651326f1337845b6b98e94175d4dc9ec1338a73d1ab7ac61170ccaf88297,5d5cbd388a16ee5f19e2c8c5df4ac7a74ad36fdc9b8a8b0489074a41d61b6884,5417.983504,9.081
f7b8083a0342944f477b97a321506ae52fc6e2e76bf6042f2280c281f43ee10d,4b2c05f30bc5080fb3ff505c4051509a4406f733b9ccd3386fa0900f3ae0d9bf,5418.243948,0.079
e572651326f1337845b6b98e94175d4dc9ec1338a73d1ab7ac61170ccaf88297,d92f8485c6246b3992a693f22bcc446a2f3d552d1b0cecc3fe637dec8f61e1ac,5423.442202,96.161
eddb92315799e0eaf5d18b84bc5948186fbc33c0190b04c815d75765a979435c,78ec164daacd5c9e215e76ca4dfb2d1ef3a94743f8b329a281a0e9782a09f749,5425.891717,38.374
739faf50968804bd83adaade1c616b404ad02f354b6bb167295319b0ae5d9899,ca74b92087483a16a012c94b147c899e246570904c23a537cb8daeb2096ce52d,5426.990980,0.329
a279432833a21dc66309e252ef3f48f1ddc9eb706839d037a00b3f9f545c5e2d,9bfe15fe1c84832456da5d671ec99cfd73e0514bf91abfae306da2457af04221,5427.107423,2.718
b34e792718773cd207a3d3bb54979d4952f301dd15d6f091f57008f075958309,2f796c78515eb95a2d835ebf50326db182a91dce43f6d21d5785e80565851355,5427.461215,3.735
cf54d1572c1d632986590f22a8313559a433bd667a10d3d3dae5912dcba6ea78,b259c1e9f9b5415e24c8b3e31485942012cde025f7115eb6c3b87d91de9ef892,5429.836791,0.035
d9c9a39425c8044015e05eaf8330a6e48bad0e3edf1ec032098fb2c8b045c0b9,55b5c6b8e25e560a5244c522674fa8ad6f8dec1b83a702650726d57f2547c47c,5435.158984,0.053
aa09fd0de23af2f42704ea3f7a832860e356cb21fbe99fb4c513e0ac64da3ce9,a7220d0ede28b7b3aa0f0607ca44f14e871e76cab8c30bfd0134e64230326622,5441.000251,0.029
b2446308f35282348f1c6388346d932f610301eaa65bd0c283d8fb949d15e7cc,db87b76b1f5c22aeb78e8ddae62a3f5b78f28580d14b2d7f7f773702f2da3a3b,5456.984493,0.087
739faf50968804bd83adaade1c616b404ad02f354b6bb167295319b0ae5d9899,ca74b92087483a16a012c94b147c899e246570904c23a537cb8daeb2096ce52d,5459.322072,1.061
739faf50968804bd83adaade1c616b404ad02f354b6bb167295319b0ae5d9899,ca74b92087483a16a012c94b147c899e246570904c23a537cb8daeb2096ce52d,5459.675052,0.840
e572651326f1337845b6b98e94175d4dc9ec1338a73d1ab7ac61170ccaf88297,d92f8485c6246b3992a693f22bcc446a2f3d552d1b0cecc3fe637dec8f61e1ac,5461.389932,69.214
efcdd56913d0ce6927045a6f4e8bc025d4bc3a901c3f657e7c0c0d52a157e940,d3001621518a70a020141bf2f78060d34d8b1d6a417c7d5ad0650366921617ac,5466.626438,0.155
739faf50968804bd83adaade1c616b404ad02f354b6bb167295319b0ae5d9899,ca74b92087483a16a012c94b147c899e246570904c23a537cb8daeb2096ce52d,5467.585203,0.838
e572651326f1337845b6b98e94175d4dc9ec1338a73d1ab7ac61170ccaf88297,d92f8485c6246b3992a693f22bcc446a2f3d552d1b0cecc3fe637dec8f61e1ac,5470.326221,53.900
739faf50968804bd83adaade1c616b404ad02f354b6bb167295319b0ae5d9899,ca74b92087483a16a012c94b147c899e246570904c23a537cb8daeb2096ce52d,5483.574954,0.626
739faf50968804bd83adaade1c616b404ad02f354b6bb167295319b0ae5d9899,ca74b92087483a16a012c94b147c899e246570904c23a537cb8daeb2096ce52d,5486.467299,1.163
a12f22a3f771308d969fd56d18df65bf6960a4101a3daa4cef878997a2e1978b,664c8bd366fc401f874d793373a2aafc5a5a506e2e04d325d5d83557d6df7502,5491.033466,0.119
b34e792718773cd207a3d3bb54979d4952f301dd15d6f091f57008f075958309,2f796c78515eb95a2d835ebf50326db182a91dce43f6d21d5785e80565851355,5493.500756,2.248
d9c9a39425c8044015e05eaf8330a6e48bad0e3edf1ec032098fb2c8b045c0b9,7fd157a7b694ec9235842e5191f04eb673f536c6f3bb37a9dc868eaeb977de9b,5495.109980,3.851
e572651326f1337845b6b98e94175d4dc9ec1338a73d1ab7ac61170ccaf88297,d92f8485c6246b3992a693f22bcc446a2f3d552d1b0cecc3fe637dec8f61e1ac,5500.049810,54.960
d9c9a39425c8044015e05eaf8330a6e48bad0e3edf1ec032098fb2c8b045c0b9,7fd157a7b694ec9235842e5191f04eb673f536c6f3bb37a9dc868eaeb977de9b,5500.372383,0.404
cf54d1572c1d632986590f22a8313559a433bd667a10d3d3dae5912dcba6ea78,b259c1e9f9b5415e24c8b3e31485942012cde025f7115eb6c3b87d91de9ef892,5500.630096,0.019
a279432833a21dc66309e252ef3f48f1ddc9eb706839d037a00b3f9f545c5e2d,96b2b81126ccc77b62f8e30b2d3ae9fd295c3bf035deab650d5cf4c57cf49796,5502.408191,0.016
64db848c9bc5db515c94ab30eee3c35decfe835ca8a6c40b0821fe30aaa04cdb,f219acf93580c06f4504a74e90b2f826094f3544ca2f60a49b929ab5d1f80d31,5508.076442,1.622
a12f22a3f771308d969fd56d18df65bf6960a4101a3daa4cef878997a2e1978b,5c9849d631846bbec88a0601bf6b0ba43d9e757dbe6f64ca8e4875ba49f7b794,5511.223396,5.458
d9c9a39425c8044015e05eaf8330a6e48bad0e3edf1ec032098fb2c8b045c0b9,7fd157a7b694ec9235842e5191f04eb673f536c6f3bb37a9dc868eaeb977de9b,5525.939625,0.665
f4930f068e300bc29cc1ba31414e01d1eaf55b1607c65985536c868ec9323990,46a59e3a4d9e4fefe6b34e678125ce95ab071f1126ec503557f26ec575c1941b,5527.254191,0.582
99ae030b60cf247520cab75889c7e2f4c8be9422fce8cc2dc30c53820d8e487b,68b7a052a1a75027d0ba4031c39237121a4d32fa66b59c585684af85c61349ac,5532.690908,0.191
e572651326f1337845b6b98e94175d4dc9ec1338a73d1ab7ac61170ccaf88297,5d5cbd388a16ee5f19e2c8c5df4ac7a74ad36fdc9b8a8b0489074a41d61b6884,5535.483405,6.793
d9c9a39425c8044015e05eaf8330a6e48bad0e3edf1ec032098fb2c8b045c0b9,7fd157a7b694ec9235842e5191f04eb673f536c6f3bb37a9dc868eaeb977de9b,5538.453525,0.755
e572651326f1337845b6b98e94175d4dc9ec1338a73d1ab7ac61170ccaf88297,d92f8485c6246b3992a693f22bcc446a2f3d552d1b0cecc3fe637dec8f61e1ac,5541.134129,37.915
739faf50968804bd83adaade1c616b404ad02f354b6bb167295319b0ae5d9899,ca74b92087483a16a012c94b147c899e246570904c23a537cb8daeb2096ce52d,5541.798108,0.509
739faf50968804bd83adaade1c616b404ad02f354b6bb167295319b0ae5d9899,ca74b92087483a16a012c94b147c899e246570904c23a537cb8daeb2096ce52d,5544.725356,1.378
a7cf2f4bb45576518350fb91bb84800146f1dc257896e3b46b901095987e2a1c,0e0238481987246e775d487dc915a41e718967ef61dc0c3dbf5c2983b02dea84,5559.543023,17.821
a279432833a21dc66309e252ef3f48f1ddc9eb706839d037a00b3f9f545c5e2d,9bfe15fe1c84832456da5d671ec99cfd73e0514bf91abfae306da2457af04221,5564.816692,5.074
e572651326f1337845b6b98e94175d4dc9ec1338a73d1ab7ac61170ccaf88297,518cd8f12974202d11b5a16a5437a6a560186fbe9584862c601084cbc18761c6,5568.880997,0.258
f7b8083a0342944f477b97a321506ae52fc6e2e76bf6042f2280c281f43ee10d,d414dfb669aa29482336ef26db33feead9a3bd71190ba5d44412a9f8bedf26de,5570.807887,5.563
f4930f068e300bc29cc1ba31414e01d1eaf55b1607c65985536c868ec9323990,f98b902a5d78635ca9426bf7b222c0f2e63e8316254891c86ab6c55292b5c8b2,5575.041272,0.227
4bd219625127e9d2e12f7eb21015642ad64f42ea61a16f5577db0c2e7a54d4cf,1b9ff14203f132f3ca0342f8491d5b4e61000dbca9a88d6ef78132611cf99466,5592.519315,5.283
d9c9a39425c8044015e05eaf8330a6e48bad0e3edf1ec032098fb2c8b045c0b9,7fd157a7b694ec9235842e5191f04eb673f536c6f3bb37a9dc868eaeb977de9b,5598.136849,0.488
739faf50968804bd83adaade1c616b404ad02f354b6bb167295319b0ae5d9899,ca74b92087483a16a012c94b147c899e246570904c23a537cb8daeb2096ce52d,5598.243796,1.404
e572651326f1337845b6b98e94175d4dc9ec1338a73d1ab7ac61170ccaf88297,5d5cbd388a16ee5f19e2c8c5df4ac7a74ad36fdc9b8a8b0489074a41d61b6884,5601.794936,33.052
f4930f068e300bc29cc1ba31414e01d1eaf55b1607c65985536c868ec9323990,46a59e3a4d9e4fefe6b34e678125ce95ab071f1126ec503557f26ec575c1941b,5605.104476,0.989
99ae030b60cf247520cab75889c7e2f4c8be9422fce8cc2dc30c53820d8e487b,68b7a052a1a75027d0ba4031c39237121a4d32fa66b59c585684af85c61349ac,5606.479258,0.402
739faf50968804bd83adaade1c616b404ad02f354b6bb167295319b0ae5d9899,ca74b92087483a16a012c94b147c899e246570904c23a537cb8daeb2096ce52d,5608.689052,0.554
f4930f068e300bc29cc1ba31414e01d1eaf55b1607c65985536c868ec9323990,46a59e3a4d9e4fefe6b34e678125ce95ab071f1126ec503557f26ec575c1941b,5610.669693,0.266
eddb92315799e0eaf5d18b84bc5948186fbc33c0190b04c815d75765a979435c,110010ce3452fe8d402b60888cc981d5c1f099fa94092e745a629835ecdb9f51,5633.470677,0.035
a7cf2f4bb45576518350fb91bb84800146f1dc257896e3b46b901095987e2a1c,0e0238481987246e775d487dc915a41e718967ef61dc0c3dbf5c2983b02dea84,5634.444832,63.360
4bd219625127e9d2e12f7eb21015642ad64f42ea61a16f5577db0c2e7a54d4cf,1b9ff14203f132f3ca0342f8491d5b4e61000dbca9a88d6ef78132611cf99466,5648.349886,1.836
f7b8083a0342944f477b97a321506ae52fc6e2e76bf6042f2280c281f43ee10d,4b2c05f30bc5080fb3ff505c4051509a4406f733b9ccd3386fa0900f3ae0d9bf,5651.378134,0.066
d9c9a39425c8044015e05eaf8330a6e48bad0e3edf1ec032098fb2c8b045c0b9,7fd157a7b694ec9235842e5191f04eb673f536c6f3bb37a9dc868eaeb977de9b,5652.788628,0.435
739faf50968804bd83adaade1c616b404ad02f354b6bb167295319b0ae5d9899,ca74b92087483a16a012c94b147c899e246570904c23a537cb8daeb2096ce52d,5653.733611,1.066
739faf50968804bd83adaade1c616b404ad02f354b6bb167295319b0ae5d9899,ca74b92087483a16a012c94b147c899e246570904c23a537cb8daeb2096ce52d,5655.776194,0.592
e572651326f1337845b6b98e94175d4dc9ec1338a73d1ab7ac61170ccaf88297,518cd8f12974202d11b5a16a5437a6a560186fbe9584862c601084cbc18761c6,5658.428319,0.052
e572651326f1337845b6b98e94175d4dc9ec1338a73d1ab7ac61170ccaf88297,518cd8f12974202d11b5a16a5437a6a560186fbe9584862c601084cbc18761c6,5659.442551,0.294
739faf50968804bd83adaade1c616b404ad02f354b6bb167295319b0ae5d9899,ca74b92087483a16a012c94b147c899e246570904c23a537cb8daeb2096ce52d,5667.714400,0.477
739faf50968804bd83adaade1c616b404ad02f354b6bb167295319b0ae5d9899,ca74b92087483a16a012c94b147c899e246570904c23a537cb8daeb2096ce52d,5670.322018,0.435
739faf50968804bd83adaade1c616b404ad02f354b6bb167295319b0ae5d9899,ca74b92087483a16a012c94b147c899e246570904c23a537cb8daeb2096ce52d,5675.553964,1.215
aa09fd0de23af2f42704ea3f7a832860e356cb21fbe99fb4c513e0ac64da3ce9,a7220d0ede28b7b3aa0f0607ca44f14e871e76cab8c30bfd0134e64230326622,5679.870279,0.095
d9c9a39425c8044015e05eaf8330a6e48bad0e3edf1ec032098fb2c8b045c0b9,7fd157a7b694ec9235842e5191f04eb673f536c6f3bb37a9dc868eaeb977de9b,5687.552925,0.401
b34e792718773cd207a3d3bb54979d4952f301dd15d6f091f57008f075958309,2f796c78515eb95a2d835ebf50326db182a91dce43f6d21d5785e80565851355,5688.525266,2.516
739faf50968804bd83adaade1c616b404ad02f354b6bb167295319b0ae5d9899,ca74b92087483a16a012c94b147c899e246570904c23a537cb8daeb2096ce52d,5690.915251,1.124
b2446308f35282348f1c6388346d932f610301eaa65bd0c283d8fb949d15e7cc,db87b76b1f5c22aeb78e8ddae62a3f5b78f28580d14b2d7f7f773702f2da3a3b,5694.058440,0.028
e572651326f1337845b6b98e94175d4dc9ec1338a73d1ab7ac61170ccaf88297,518cd8f12974202d11b5a16a5437a6a560186fbe9584862c601084cbc18761c6,5702.559753,0.540
87b8ec9b41644a8b32cf64798ee6e0d8d7e5948575669ae9c5a8435a10813266,b85146d6fb2fb1b37a7b668f36287a534543da7a2bc393eac28fd9e974908af0,5713.938640,3.604
a7cf2f4bb45576518350fb91bb84800146f1dc257896e3b46b901095987e2a1c,6a144e613e2220f49247934c6e896484265f3763008c3235599da7133c320b63,5717.212787,0.169
a12f22a3f771308d969fd56d18df65bf6960a4101a3daa4cef878997a2e1978b,664c8bd366fc401f874d793373a2aafc5a5a506e2e04d325d5d83557d6df7502,5717.286431,0.041
a12f22a3f771308d969fd56d18df65bf6960a4101a3daa4cef878997a2e1978b,664c8bd366fc401f874d793373a2aafc5a5a506e2e04d325d5d83557d6df7502,5721.446542,0.040
739faf50968804bd83adaade1c616b404ad02f354b6bb167295319b0ae5d9899,ca74b92087483a16a012c94b147c899e246570904c23a537cb8daeb2096ce52d,5721.731832,0.708
e572651326f1337845b6b98e94175d4dc9ec1338a73d1ab7ac61170ccaf88297,d92f8485c6246b3992a693f22bcc446a2f3d552d1b0cecc3fe637dec8f61e1ac,5727.323816,80.477
4bd219625127e9d2e12f7eb21015642ad64f42ea61a16f5577db0c2e7a54d4cf,1b9ff14203f132f3ca0342f8491d5b4e61000dbca9a88d6ef78132611cf99466,5728.216843,6.516
e572651326f1337845b6b98e94175d4dc9ec1338a73d1ab7ac61170ccaf88297,d92f8485c6246b3992a693f22bcc446a2f3d552d1b0cecc3fe637dec8f61e1ac,5730.560765,52.709
e572651326f1337845b6b98e94175d4dc9ec1338a73d1ab7ac61170ccaf88297,d92f8485c6246b3992a693f22bcc446a2f3d552d1b0cecc3fe637dec8f61e1ac,5745.635786,53.515
e572651326f1337845b6b98e94175d4dc9ec1338a73d1ab7ac61170ccaf88297,5d5cbd388a16ee5f19e2c8c5df4ac7a74ad36fdc9b8a8b0489074a41d61b6884,5750.839346,14.758
d9c9a39425c8044015e05eaf8330a6e48bad0e3edf1ec032098fb2c8b045c0b9,7fd157a7b694ec9235842e5191f04eb673f536c6f3bb37a9dc868eaeb977de9b,5762.197712,1.159
739faf50968804bd83adaade1c616b404ad02f354b6bb167295319b0ae5d9899,ca74b92087483a16a012c94b147c899e246570904c23a537cb8daeb2096ce52d,5763.245116,2.014
cf54d1572c1d632986590f22a8313559a433bd667a10d3d3dae5912dcba6ea78,b259c1e9f9b5415e24c8b3e31485942012cde025f7115eb6c3b87d91de9ef892,5763.336937,0.021
b2446308f35282348f1c6388346d932f610301eaa65bd0c283d8fb949d15e7cc,d206b500d8a622c7c6e606402b6f218d95ee19d6805d57bd7d6698351eea831a,5764.942097,33.506
a12f22a3f771308d969fd56d18df65bf6960a4101a3daa4cef878997a2e1978b,5c9849d631846bbec88a0601bf6b0ba43d9e757dbe6f64ca8e4875ba49f7b794,5765.526280,9.743
a12f22a3f771308d969fd56d18df65bf6960a4101a3daa4cef878997a2e1978b,664c8bd366fc401f874d793373a2aafc5a5a506e2e04d325d5d83557d6df7502,5780.381886,0.086
e572651326f1337845b6b98e94175d4dc9ec1338a73d1ab7ac61170ccaf88297,518cd8f12974202d11b5a16a5437a6a560186fbe9584862c601084cbc18761c6,5780.518535,0.148
e572651326f1337845b6b98e94175d4dc9ec1338a73d1ab7ac61170ccaf88297,518cd8f12974202d11b5a16a5437a6a560186fbe9584862c601084cbc18761c6,5781.885525,0.115
b2446308f35282348f1c6388346d932f610301eaa65bd0c283d8fb949d15e7cc,db87b76b1f5c22aeb78e8ddae62a3f5b78f28580d14b2d7f7f773702f2da3a3b,5795.347198,0.049
87b8ec9b41644a8b32cf64798ee6e0d8d7e5948575669ae9c5a8435a10813266,9d4311638952a6ecefb68603a4ade3f6aedf1ff5a2f359c67bbef939d6a2e6dc,5799.696243,0.271
739faf50968804bd83adaade1c616b404ad02f354b6bb167295319b0ae5d9899,ca74b92087483a16a012c94b147c899e246570904c23a537cb8daeb2096ce52d,5801.492188,3.116
e572651326f1337845b6b98e94175d4dc9ec1338a73d1ab7ac61170ccaf88297,d92f8485c6246b3992a693f22bcc446a2f3d552d1b0cecc3fe637dec8f61e1ac,5805.394585,66.058
d9c9a39425c8044015e05eaf8330a6e48bad0e3edf1ec032098fb2c8b045c0b9,55b5c6b8e25e560a5244c522674fa8ad6f8dec1b83a702650726d57f2547c47c,5806.867519,0.037
a12f22a3f771308d969fd56d18df65bf6960a4101a3daa4cef878997a2e1978b,5c9849d631846bbec88a0601bf6b0ba43d9e757dbe6f64ca8e4875ba49f7b794,5807.300701,3.306
739faf50968804bd83adaade1c616b404ad02f354b6bb167295319b0ae5d9899,ca74b92087483a16a012c94b147c899e246570904c23a537cb8daeb2096ce52d,5810.811436,1.838
99ae030b60cf247520cab75889c7e2f4c8be9422fce8cc2dc30c53820d8e487b,68b7a052a1a75027d0ba4031c39237121a4d32fa66b59c585684af85c61349ac,5814.864079,0.189
64db848c9bc5db515c94ab30eee3c35decfe835ca8a6c40b0821fe30aaa04cdb,f219acf93580c06f4504a74e90b2f826094f3544ca2f60a49b929ab5d1f80d31,5815.010492,3.116
99ae030b60cf247520cab75889c7e2f4c8be9422fce8cc2dc30c53820d8e487b,68b7a052a1a75027d0ba4031c39237121a4d32fa66b59c585684af85c61349ac,5816.486205,0.703
e572651326f1337845b6b98e94175d4dc9ec1338a73d1ab7ac61170ccaf88297,d92f8485c6246b3992a693f22bcc446a2f3d552d1b0cecc3fe637dec8f61e1ac,5824.379740,110.759
e572651326f1337845b6b98e94175d4dc9ec1338a73d1ab7ac61170ccaf88297,d92f8485c6246b3992a693f22bcc446a2f3d552d1b0cecc3fe637dec8f61e1ac,5833.734577,75.906
739faf50968804bd83adaade1c616b404ad02f354b6bb167295319b0ae5d9899,ca74b92087483a16a012c94b147c899e246570904c23a537cb8daeb2096ce52d,5834.277715,0.474
d9c9a39425c8044015e05eaf8330a6e48bad0e3edf1ec032098fb2c8b045c0b9,55b5c6b8e25e560a5244c522674fa8ad6f8dec1b83a702650726d57f2547c47c,5834.582229,0.028
e572651326f1337845b6b98e94175d4dc9ec1338a73d1ab7ac61170ccaf88297,5d5cbd388a16ee5f19e2c8c5df4ac7a74ad36fdc9b8a8b0489074a41d61b6884,5835.828778,15.162
e572651326f1337845b6b98e94175d4dc9ec1338a73d1ab7ac61170ccaf88297,5d5cbd388a16ee5f19e2c8c5df4ac7a74ad36fdc9b8a8b0489074a41d61b6884,5836.531166,28.444
e572651326f1337845b6b98e94175d4dc9ec1338a73d1ab7ac61170ccaf88297,d92f8485c6246b3992a693f22bcc446a2f3d552d1b0cecc3fe637dec8f61e1ac,5852.863781,31.451
739faf50968804bd83adaade1c616b404ad02f354b6bb167295319b0ae5d9899,ca74b92087483a16a012c94b147c899e246570904c23a537cb8daeb2096ce52d,5853.011390,0.819
739faf50968804bd83adaade1c616b404ad02f354b6bb167295319b0ae5d9899,ca74b92087483a16a012c94b147c899e246570904c23a537cb8daeb2096ce52d,5853.795672,0.505
cf54d1572c1d632986590f22a8313559a433bd667a10d3d3dae5912dcba6ea78,b259c1e9f9b5415e24c8b3e31485942012cde025f7115eb6c3b87d91de9ef892,5862.777392,0.115
739faf50968804bd83adaade1c616b404ad02f354b6bb167295319b0ae5d9899,ca74b92087483a16a012c94b147c899e246570904c23a537cb8daeb2096ce52d,5877.385939,0.598
d9c9a39425c8044015e05eaf8330a6e48bad0e3edf1ec032098fb2c8b045c0b9,7fd157a7b694ec9235842e5191f04eb673f536c6f3bb37a9dc868eaeb977de9b,5883.874606,0.944
b2446308f35282348f1c6388346d932f610301eaa65bd0c283d8fb949d15e7cc,d206b500d8a622c7c6e606402b6f218d95ee19d6805d57bd7d6698351eea831a,5884.067454,63.238
d9c9a39425c8044015e05eaf8330a6e48bad0e3edf1ec032098fb2c8b045c0b9,7fd157a7b694ec9235842e5191f04eb673f536c6f3bb37a9dc868eaeb977de9b,5884.841516,1.151
eddb92315799e0eaf5d18b84bc5948186fbc33c0190b04c815d75765a979435c,110010ce3452fe8d402b60888cc981d5c1f099fa94092e745a629835ecdb9f51,5887.551609,0.016
e572651326f1337845b6b98e94175d4dc9ec1338a73d1ab7ac61170ccaf88297,5d5cbd388a16ee5f19e2c8c5df4ac7a74ad36fdc9b8a8b0489074a41d61b6884,5892.756114,20.391
e572651326f1337845b6b98e94175d4dc9ec1338a73d1ab7ac61170ccaf88297,d92f8485c6246b3992a693f22bcc446a2f3d552d1b0cecc3fe637dec8f61e1ac,5900.335140,55.132
739faf50968804bd83adaade1c616b404ad02f354b6bb167295319b0ae5d9899,ca74b92087483a16a012c94b147c899e246570904c23a537cb8daeb2096ce52d,5903.557506,0.735
b34e792718773cd207a3d3bb54979d4952f301dd15d6f091f57008f075958309,2f796c78515eb95a2d835ebf50326db182a91dce43f6d21d5785e80565851355,5910.356697,2.823
e572651326f1337845b6b98e94175d4dc9ec1338a73d1ab7ac61170ccaf88297,d92f8485c6246b3992a693f22bcc446a2f3d552d1b0cecc3fe637dec8f61e1ac,5924.621194,73.784
87b8ec9b41644a8b32cf64798ee6e0d8d7e5948575669ae9c5a8435a10813266,9d4311638952a6ecefb68603a4ade3f6aedf1ff5a2f359c67bbef939d6a2e6dc,5946.276423,0.140
739faf50968804bd83adaade1c616b404ad02f354b6bb167295319b0ae5d9899,ca74b92087483a16a012c94b147c899e246570904c23a537cb8daeb2096ce52d,5951.718644,0.636
739faf50968804bd83adaade1c616b404ad02f354b6bb167295319b0ae5d9899,ca74b92087483a16a012c94b147c899e246570904c23a537cb8daeb2096ce52d,5962.772138,1.301
e572651326f1337845b6b98e94175d4dc9ec1338a73d1ab7ac61170ccaf88297,d92f8485c6246b3992a693f22bcc446a2f3d552d1b0cecc3fe637dec8f61e1ac,5969.210500,102.467
aa09fd0de23af2f42704ea3f7a832860e356cb21fbe99fb4c513e0ac64da3ce9,a7220d0ede28b7b3aa0f0607ca44f14e871e76cab8c30bfd0134e64230326622,5976.648384,0.074
739faf50968804bd83adaade1c616b404ad02f354b6bb167295319b0ae5d9899,ca74b92087483a16a012c94b147c899e246570904c23a537cb8daeb2096ce52d,5977.974397,0.743
cf54d1572c1d632986590f22a8313559a433bd667a10d3d3dae5912dcba6ea78,b259c1e9f9b5415e24c8b3e31485942012cde025f7115eb6c3b87d91de9ef892,5987.273217,0.087
b2446308f35282348f1c6388346d932f610301eaa65bd0c283d8fb949d15e7cc,d206b500d8a622c7c6e606402b6f218d95ee19d6805d57bd7d6698351eea831a,5997.516658,67.594
739faf50968804bd83adaade1c616b404ad02f354b6bb167295319b0ae5d9899,ca74b92087483a16a012c94b147c899e246570904c23a537cb8daeb2096ce52d,5998.497971,1.879
739faf50968804bd83adaade1c616b404ad02f354b6bb167295319b0ae5d9899,ca74b92087483a16a012c94b147c899e246570904c23a537cb8daeb2096ce52d,6009.274061,1.029
d9c9a39425c8044015e05eaf8330a6e48bad0e3edf1ec032098fb2c8b045c0b9,55b5c6b8e25e560a5244c522674fa8ad6f8dec1b83a702650726d57f2547c47c,6011.943311,0.038
f7b8083a0342944f477b97a321506ae52fc6e2e76bf6042f2280c281f43ee10d,d414dfb669aa29482336ef26db33feead9a3bd71190ba5d44412a9f8bedf26de,6018.305589,26.371
b2446308f35282348f1c6388346d932f610301eaa65bd0c283d8fb949d15e7cc,db87b76b1f5c22aeb78e8ddae62a3f5b78f28580d14b2d7f7f773702f2da3a3b,6025.807814,0.017
739faf50968804bd83adaade1c616b404ad02f354b6bb167295319b0ae5d9899,ca74b92087483a16a012c94b147c899e246570904c23a537cb8daeb2096ce52d,6028.138776,0.689
87b8ec9b41644a8b32cf64798ee6e0d8d7e5948575669ae9c5a8435a10813266,13220cb8f5b7112c02f2481c968497db0f96a9b6d45bc7204086d9914d5596b5,6032.183364,94.821
739faf50968804bd83adaade1c616b404ad02f354b6bb167295319b0ae5d9899,ca74b92087483a16a012c94b147c899e246570904c23a537cb8daeb2096ce52d,6042.231463,0.465
e572651326f1337845b6b98e94175d4dc9ec1338a73d1ab7ac61170ccaf88297,d92f8485c6246b3992a693f22bcc446a2f3d552d1b0cecc3fe637dec8f61e1ac,6042.966596,327.968
f4930f068e300bc29cc1ba31414e01d1eaf55b1607c65985536c868ec9323990,46a59e3a4d9e4fefe6b34e678125ce95ab071f1126ec503557f26ec575c1941b,6052.141698,1.422
739faf50968804bd83adaade1c616b404ad02f354b6bb167295319b0ae5d9899,ca74b92087483a16a012c94b147c899e246570904c23a537cb8daeb2096ce52d,6056.798441,0.388
a7cf2f4bb45576518350fb91bb84800146f1dc257896e3b46b901095987e2a1c,6a144e613e2220f49247934c6e896484265f3763008c3235599da7133c320b63,6058.566116,0.238
739faf50968804bd83adaade1c616b404ad02f354b6bb167295319b0ae5d9899,ca74b92087483a16a012c94b147c899e246570904c23a537cb8daeb2096ce52d,6064.152686,0.821
e572651326f1337845b6b98e94175d4dc9ec1338a73d1ab7ac61170ccaf88297,5d5cbd388a16ee5f19e2c8c5df4ac7a74ad36fdc9b8a8b0489074a41d61b6884,6066.342514,15.979
739faf50968804bd83adaade1c616b404ad02f354b6bb167295319b0ae5d9899,ca74b92087483a16a012c94b147c899e246570904c23a537cb8daeb2096ce52d,6066.963264,1.970
d9c9a39425c8044015e05eaf8330a6e48bad0e3edf1ec032098fb2c8b045c0b9,7fd157a7b694ec9235842e5191f04eb673f536c6f3bb37a9dc868eaeb977de9b,6086.483928,0.457
e572651326f1337845b6b98e94175d4dc9ec1338a73d1ab7ac61170ccaf88297,d92f8485c6246b3992a693f22bcc446a2f3d552d1b0cecc3fe637dec8f61e1ac,6086.994771,57.705
b34e792718773cd207a3d3bb54979d4952f301dd15d6f091f57008f075958309,2f796c78515eb95a2d835ebf50326db182a91dce43f6d21d5785e80565851355,6091.645018,2.290
e572651326f1337845b6b98e94175d4dc9ec1338a73d1ab7ac61170ccaf88297,518cd8f12974202d11b5a16a5437a6a560186fbe9584862c601084cbc18761c6,6094.919877,0.093
87b8ec9b41644a8b32cf64798ee6e0d8d7e5948575669ae9c5a8435a10813266,b85146d6fb2fb1b37a7b668f36287a534543da7a2bc393eac28fd9e974908af0,6095.007362,4.201
cf54d1572c1d632986590f22a8313559a433bd667a10d3d3dae5912dcba6ea78,b259c1e9f9b5415e24c8b3e31485942012cde025f7115eb6c3b87d91de9ef892,6097.001487,0.007
b2446308f35282348f1c6388346d932f610301eaa65bd0c283d8fb949d15e7cc,db87b76b1f5c22aeb78e8ddae62a3f5b78f28580d14b2d7f7f773702f2da3a3b,6098.118129,0.065
e572651326f1337845b6b98e94175d4dc9ec1338a73d1ab7ac61170ccaf88297,518cd8f12974202d11b5a16a5437a6a560186fbe9584862c601084cbc18761c6,6110.021305,0.166
e572651326f1337845b6b98e94175d4dc9ec1338a73d1ab7ac61170ccaf88297,5d5cbd388a16ee5f19e2c8c5df4ac7a74ad36fdc9b8a8b0489074a41d61b6884,6112.539718,20.026
e572651326f1337845b6b98e94175d4dc9ec1338a73d1ab7ac61170ccaf88297,d92f8485c6246b3992a693f22bcc446a2f3d552d1b0cecc3fe637dec8f61e1ac,6112.784231,21.592
87b8ec9b41644a8b32cf64798ee6e0d8d7e5948575669ae9c5a8435a10813266,9d4311638952a6ecefb68603a4ade3f6aedf1ff5a2f359c67bbef939d6a2e6dc,6123.708514,0.110
739faf50968804bd83adaade1c616b404ad02f354b6bb167295319b0ae5d9899,ca74b92087483a16a012c94b147c899e246570904c23a537cb8daeb2096ce52d,6133.940585,1.477
739faf50968804bd83adaade1c616b404ad02f354b6bb167295319b0ae5d9899,ca74b92087483a16a012c94b147c899e246570904c23a537cb8daeb2096ce52d,6134.464473,1.203
739faf50968804bd83adaade1c616b404ad02f354b6bb167295319b0ae5d9899,ca74b92087483a16a012c94b147c899e246570904c23a537cb8daeb2096ce52d,6135.784543,0.957
739faf50968804bd83adaade1c616b404ad02f354b6bb167295319b0ae5d9899,ca74b92087483a16a012c94b147c899e246570904c23a537cb8daeb2096ce52d,6154.261265,0.586
e572651326f1337845b6b98e94175d4dc9ec1338a73d1ab7ac61170ccaf88297,5d5cbd388a16ee5f19e2c8c5df4ac7a74ad36fdc9b8a8b0489074a41d61b6884,6160.363180,25.514
e572651326f1337845b6b98e94175d4dc9ec1338a73d1ab7ac61170ccaf88297,d92f8485c6246b3992a693f22bcc446a2f3d552d1b0cecc3fe637dec8f61e1ac,6163.185983,53.930
739faf50968804bd83adaade1c616b404ad02f354b6bb167295319b0ae5d9899,ca74b92087483a16a012c94b147c899e246570904c23a537cb8daeb2096ce52d,6172.825462,0.692
7475824cc4748c3fc8576d1ba486950f36d81d9cb5336cc1da801ef313b516d8,eac0d7c37985ac4669b288f34505f79c6df5fc76371ca3b80b783133b39adfbd,6180.976096,49.023
739faf50968804bd83adaade1c616b404ad02f354b6bb167295319b0ae5d9899,ca74b92087483a16a012c94b147c899e246570904c23a537cb8daeb2096ce52d,6190.923531,0.200
739faf50968804bd83adaade1c616b404ad02f354b6bb167295319b0ae5d9899,ca74b92087483a16a012c94b147c899e246570904c23a537cb8daeb2096ce52d,6200.962495,0.715
e572651326f1337845b6b98e94175d4dc9ec1338a73d1ab7ac61170ccaf88297,518cd8f12974202d11b5a16a5437a6a560186fbe9584862c601084cbc18761c6,6207.386657,0.859
99ae030b60cf247520cab75889c7e2f4c8be9422fce8cc2dc30c53820d8e487b,68b7a052a1a75027d0ba4031c39237121a4d32fa66b59c585684af85c61349ac,6209.480121,0.302
e572651326f1337845b6b98e94175d4dc9ec1338a73d1ab7ac61170ccaf88297,d92f8485c6246b3992a693f22bcc446a2f3d552d1b0cecc3fe637dec8f61e1ac,6209.825124,64.802
aa09fd0de23af2f42704ea3f7a832860e356cb21fbe99fb4c513e0ac64da3ce9,a7220d0ede28b7b3aa0f0607ca44f14e871e76cab8c30bfd0134e64230326622,6221.606414,0.084
4bd219625127e9d2e12f7eb21015642ad64f42ea61a16f5577db0c2e7a54d4cf,1b9ff14203f132f3ca0342f8491d5b4e61000dbca9a88d6ef78132611cf99466,6230.189031,1.315
a7cf2f4bb45576518350fb91bb84800146f1dc257896e3b46b901095987e2a1c,6a144e613e2220f49247934c6e896484265f3763008c3235599da7133c320b63,6233.785099,0.186
739faf50968804bd83adaade1c616b404ad02f354b6bb167295319b0ae5d9899,ca74b92087483a16a012c94b147c899e246570904c23a537cb8daeb2096ce52d,6238.091518,0.788
b34e792718773cd207a3d3bb54979d4952f301dd15d6f091f57008f075958309,541379714c2250706dfd8b76765ae74953f871377238b361a8666f510afeba58,6238.443625,98.070
b2446308f35282348f1c6388346d932f610301eaa65bd0c283d8fb949d15e7cc,d206b500d8a622c7c6e606402b6f218d95ee19d6805d57bd7d6698351eea831a,6240.068402,55.854
739faf50968804bd83adaade1c616b404ad02f354b6bb167295319b0ae5d9899,ca74b92087483a16a012c94b147c899e246570904c23a537cb8daeb2096ce52d,6244.719950,0.863
e572651326f1337845b6b98e94175d4dc9ec1338a73d1ab7ac61170ccaf88297,d92f8485c6246b3992a693f22bcc446a2f3d552d1b0cecc3fe637dec8f61e1ac,6256.112247,25.496
7475824cc4748c3fc8576d1ba486950f36d81d9cb5336cc1da801ef313b516d8,eac0d7c37985ac4669b288f34505f79c6df5fc76371ca3b80b783133b39adfbd,6257.382575,66.740
739faf50968804bd83adaade1c616b404ad02f354b6bb167295319b0ae5d9899,ca74b92087483a16a012c94b147c899e246570904c23a537cb8daeb2096ce52d,6260.558818,1.271
99ae030b60cf247520cab75889c7e2f4c8be9422fce8cc2dc30c53820d8e487b,68b7a052a1a75027d0ba4031c39237121a4d32fa66b59c585684af85c61349ac,6262.048543,0.169
99ae030b60cf247520cab75889c7e2f4c8be9422fce8cc2dc30c53820d8e487b,68b7a052a1a75027d0ba4031c39237121a4d32fa66b59c585684af85c61349ac,6264.682693,0.079
739faf50968804bd83adaade1c616b404ad02f354b6bb167295319b0ae5d9899,ca74b92087483a16a012c94b147c899e246570904c23a537cb8daeb2096ce52d,6265.601364,0.422
87b8ec9b41644a8b32cf64798ee6e0d8d7e5948575669ae9c5a8435a10813266,9d4311638952a6ecefb68603a4ade3f6aedf1ff5a2f359c67bbef939d6a2e6dc,6277.415808,0.764
e572651326f1337845b6b98e94175d4dc9ec1338a73d1ab7ac61170ccaf88297,5d5cbd388a16ee5f19e2c8c5df4ac7a74ad36fdc9b8a8b0489074a41d61b6884,6277.829968,14.283
739faf50968804bd83adaade1c616b404ad02f354b6bb167295319b0ae5d9899,ca74b92087483a16a012c94b147c899e246570904c23a537cb8daeb2096ce52d,6279.999654,0.471
e572651326f1337845b6b98e94175d4dc9ec1338a73d1ab7ac61170ccaf88297,518cd8f12974202d11b5a16a5437a6a560186fbe9584862c601084cbc18761c6,6280.601466,0.181
739faf50968804bd83adaade1c616b404ad02f354b6bb167295319b0ae5d9899,ca74b92087483a16a012c94b147c899e246570904c23a537cb8daeb2096ce52d,6283.813196,1.372
b2446308f35282348f1c6388346d932f610301eaa65bd0c283d8fb949d15e7cc,db87b76b1f5c22aeb78e8ddae62a3f5b78f28580d14b2d7f7f773702f2da3a3b,6299.345259,0.031
b34e792718773cd207a3d3bb54979d4952f301dd15d6f091f57008f075958309,2f796c78515eb95a2d835ebf50326db182a91dce43f6d21d5785e80565851355,6302.346952,2.266
d9c9a39425c8044015e05eaf8330a6e48bad0e3edf1ec032098fb2c8b045c0b9,55b5c6b8e25e560a5244c522674fa8ad6f8dec1b83a702650726d57f2547c47c,6307.757685,0.038
cf54d1572c1d632986590f22a8313559a433bd667a10d3d3dae5912dcba6ea78,b259c1e9f9b5415e24c8b3e31485942012cde025f7115eb6c3b87d91de9ef892,6310.311684,0.028
e572651326f1337845b6b98e94175d4dc9ec1338a73d1ab7ac61170ccaf88297,d92f8485c6246b3992a693f22bcc446a2f3d552d1b0cecc3fe637dec8f61e1ac,6312.351790,101.728
cf54d1572c1d632986590f22a8313559a433bd667a10d3d3dae5912dcba6ea78,b259c1e9f9b5415e24c8b3e31485942012cde025f7115eb6c3b87d91de9ef892,6313.490836,0.054
739faf50968804bd83adaade1c616b404ad02f354b6bb167295319b0ae5d9899,ca74b92087483a16a012c94b147c899e246570904c23a537cb8daeb2096ce52d,6313.781831,1.156
a12f22a3f771308d969fd56d18df65bf6960a4101a3daa4cef878997a2e1978b,5c9849d631846bbec88a0601bf6b0ba43d9e757dbe6f64ca8e4875ba49f7b794,6314.412743,7.314
36918b2e6c7d7af242c355afc840cf4665e3ea068cf464571367b9c37779bf80,7256bfbb7f3fd68f57187fc7395b4cbcb317c2abb99ee066d02f0844dbcb8ee7,6321.187768,2.174
739faf50968804bd83adaade1c616b404ad02f354b6bb167295319b0ae5d9899,ca74b92087483a16a012c94b147c899e246570904c23a537cb8daeb2096ce52d,6322.965571,1.192
a7cf2f4bb45576518350fb91bb84800146f1dc257896e3b46b901095987e2a1c,6a144e613e2220f49247934c6e896484265f3763008c3235599da7133c320b63,6327.506749,0.094
739faf50968804bd83adaade1c616b404ad02f354b6bb167295319b0ae5d9899,ca74b92087483a16a012c94b147c899e246570904c23a537cb8daeb2096ce52d,6334.976609,1.449
739faf50968804bd83adaade1c616b404ad02f354b6bb167295319b0ae5d9899,ca74b92087483a16a012c94b147c899e246570904c23a537cb8daeb2096ce52d,6337.983253,0.590
739faf50968804bd83adaade1c616b404ad02f354b6bb167295319b0ae5d9899,ca74b92087483a16a012c94b147c899e246570904c23a537cb8daeb2096ce52d,6343.301151,2.485
a12f22a3f771308d969fd56d18df65bf6960a4101a3daa4cef878997a2e1978b,5c9849d631846bbec88a0601bf6b0ba43d9e757dbe6f64ca8e4875ba49f7b794,6350.022399,16.443
739faf50968804bd83adaade1c616b404ad02f354b6bb167295319b0ae5d9899,ca74b92087483a16a012c94b147c899e246570904c23a537cb8daeb2096ce52d,6355.108392,0.692
e572651326f1337845b6b98e94175d4dc9ec1338a73d1ab7ac61170ccaf88297,d92f8485c6246b3992a693f22bcc446a2f3d552d1b0cecc3fe637dec8f61e1ac,6359.840238,31.231
a12f22a3f771308d969fd56d18df65bf6960a4101a3daa4cef878997a2e1978b,5c9849d631846bbec88a0601bf6b0ba43d9e757dbe6f64ca8e4875ba49f7b794,6364.838086,14.913
e572651326f1337845b6b98e94175d4dc9ec1338a73d1ab7ac61170ccaf88297,d92f8485c6246b3992a693f22bcc446a2f3d552d1b0cecc3fe637dec8f61e1ac,6368.258353,25.904
e572651326f1337845b6b98e94175d4dc9ec1338a73d1ab7ac61170ccaf88297,d92f8485c6246b3992a693f22bcc446a2f3d552d1b0cecc3fe637dec8f61e1ac,6372.218748,63.361
739faf50968804bd83adaade1c616b404ad02f354b6bb167295319b0ae5d9899,ca74b92087483a16a012c94b147c899e246570904c23a537cb8daeb2096ce52d,6382.555327,0.284
739faf50968804bd83adaade1c616b404ad02f354b6bb167295319b0ae5d9899,ca74b92087483a16a012c94b147c899e246570904c23a537cb8daeb2096ce52d,6383.170069,5.438
f7b8083a0342944f477b97a321506ae52fc6e2e76bf6042f2280c281f43ee10d,d414dfb669aa29482336ef26db33feead9a3bd71190ba5d44412a9f8bedf26de,6386.104127,14.906
e572651326f1337845b6b98e94175d4dc9ec1338a73d1ab7ac61170ccaf88297,d92f8485c6246b3992a693f22bcc446a2f3d552d1b0cecc3fe637dec8f61e1ac,6394.461213,60.361
e572651326f1337845b6b98e94175d4dc9ec1338a73d1ab7ac61170ccaf88297,d92f8485c6246b3992a693f22bcc446a2f3d552d1b0cecc3fe637dec8f61e1ac,6398.902066,61.722
e572651326f1337845b6b98e94175d4dc9ec1338a73d1ab7ac61170ccaf88297,d92f8485c6246b3992a693f22bcc446a2f3d552d1b0cecc3fe637dec8f61e1ac,6409.212242,43.921
739faf50968804bd83adaade1c616b404ad02f354b6bb167295319b0ae5d9899,ca74b92087483a16a012c94b147c899e246570904c23a537cb8daeb2096ce52d,6413.934646,1.587
aa09fd0de23af2f42704ea3f7a832860e356cb21fbe99fb4c513e0ac64da3ce9,a7220d0ede28b7b3aa0f0607ca44f14e871e76cab8c30bfd0134e64230326622,6414.506425,0.109
e572651326f1337845b6b98e94175d4dc9ec1338a73d1ab7ac61170ccaf88297,d92f8485c6246b3992a693f22bcc446a2f3d552d1b0cecc3fe637dec8f61e1ac,6426.470760,86.878
e572651326f1337845b6b98e94175d4dc9ec1338a73d1ab7ac61170ccaf88297,5d5cbd388a16ee5f19e2c8c5df4ac7a74ad36fdc9b8a8b0489074a41d61b6884,6431.237966,21.543
e572651326f1337845b6b98e94175d4dc9ec1338a73d1ab7ac61170ccaf88297,d92f8485c6246b3992a693f22bcc446a2f3d552d1b0cecc3fe637dec8f61e1ac,6443.577443,127.807
739faf50968804bd83adaade1c616b404ad02f354b6bb167295319b0ae5d9899,ca74b92087483a16a012c94b147c899e246570904c23a537cb8daeb2096ce52d,6444.575506,1.285
e572651326f1337845b6b98e94175d4dc9ec1338a73d1ab7ac61170ccaf88297,d92f8485c6246b3992a693f22bcc446a2f3d552d1b0cecc3fe637dec8f61e1ac,6455.739594,44.758
e572651326f1337845b6b98e94175d4dc9ec1338a73d1ab7ac61170ccaf88297,d92f8485c6246b3992a693f22bcc446a2f3d552d1b0cecc3fe637dec8f61e1ac,6456.318482,107.392
e572651326f1337845b6b98e94175d4dc9ec1338a73d1ab7ac61170ccaf88297,d92f8485c6246b3992a693f22bcc446a2f3d552d1b0cecc3fe637dec8f61e1ac,6467.721770,103.358
cf54d1572c1d632986590f22a8313559a433bd667a10d3d3dae5912dcba6ea78,b259c1e9f9b5415e24c8b3e31485942012cde025f7115eb6c3b87d91de9ef892,6470.817988,0.031
b2446308f35282348f1c6388346d932f610301eaa65bd0c283d8fb949d15e7cc,d206b500d8a622c7c6e606402b6f218d95ee19d6805d57bd7d6698351eea831a,6471.272352,49.510
b34e792718773cd207a3d3bb54979d4952f301dd15d6f091f57008f075958309,541379714c2250706dfd8b76765ae74953f871377238b361a8666f510afeba58,6493.610162,54.609
87b8ec9b41644a8b32cf64798ee6e0d8d7e5948575669ae9c5a8435a10813266,b85146d6fb2fb1b37a7b668f36287a534543da7a2bc393eac28fd9e974908af0,6497.552322,6.669
e572651326f1337845b6b98e94175d4dc9ec1338a73d1ab7ac61170ccaf88297,d92f8485c6246b3992a693f22bcc446a2f3d552d1b0cecc3fe637dec8f61e1ac,6500.878559,77.242
739faf50968804bd83adaade1c616b404ad02f354b6bb167295319b0ae5d9899,ca74b92087483a16a012c94b147c899e246570904c23a537cb8daeb2096ce52d,6503.948654,1.514
e572651326f1337845b6b98e94175d4dc9ec1338a73d1ab7ac61170ccaf88297,518cd8f12974202d11b5a16a5437a6a560186fbe9584862c601084cbc18761c6,6506.683985,0.270
739faf50968804bd83adaade1c616b404ad02f354b6bb167295319b0ae5d9899,ca74b92087483a16a012c94b147c899e246570904c23a537cb8daeb2096ce52d,6514.312258,1.752
f7b8083a0342944f477b97a321506ae52fc6e2e76bf6042f2280c281f43ee10d,4b2c05f30bc5080fb3ff505c4051509a4406f733b9ccd3386fa0900f3ae0d9bf,6518.057493,0.122
e572651326f1337845b6b98e94175d4dc9ec1338a73d1ab7ac61170ccaf88297,d92f8485c6246b3992a693f22bcc446a2f3d552d1b0cecc3fe637dec8f61e1ac,6520.849946,35.688
739faf50968804bd83adaade1c616b404ad02f354b6bb167295319b0ae5d9899,ca74b92087483a16a012c94b147c899e246570904c23a537cb8daeb2096ce52d,6523.192753,1.046
e572651326f1337845b6b98e94175d4dc9ec1338a73d1ab7ac61170ccaf88297,518cd8f12974202d11b5a16a5437a6a560186fbe9584862c601084cbc18761c6,6523.211231,0.098
7475824cc4748c3fc8576d1ba486950f36d81d9cb5336cc1da801ef313b516d8,c8d99a8658319d5874fe33684bea9d87fab76b5593481d4d66145bec971607b3,6532.775982,0.247
739faf50968804bd83adaade1c616b404ad02f354b6bb167295319b0ae5d9899,ca74b92087483a16a012c94b147c899e246570904c23a537cb8daeb2096ce52d,6534.351560,0.340
739faf50968804bd83adaade1c616b404ad02f354b6bb167295319b0ae5d9899,ca74b92087483a16a012c94b147c899e246570904c23a537cb8daeb2096ce52d,6538.783835,0.120
739faf50968804bd83adaade1c616b404ad02f354b6bb167295319b0ae5d9899,ca74b92087483a16a012c94b147c899e246570904c23a537cb8daeb2096ce52d,6539.344259,1.011
cf54d1572c1d632986590f22a8313559a433bd667a10d3d3dae5912dcba6ea78,b259c1e9f9b5415e24c8b3e31485942012cde025f7115eb6c3b87d91de9ef892,6542.358434,0.078
4bd219625127e9d2e12f7eb21015642ad64f42ea61a16f5577db0c2e7a54d4cf,1b9ff14203f132f3ca0342f8491d5b4e61000dbca9a88d6ef78132611cf99466,6542.745163,2.064
e572651326f1337845b6b98e94175d4dc9ec1338a73d1ab7ac61170ccaf88297,5d5cbd388a16ee5f19e2c8c5df4ac7a74ad36fdc9b8a8b0489074a41d61b6884,6545.158093,22.224
efcdd56913d0ce6927045a6f4e8bc025d4bc3a901c3f657e7c0c0d52a157e940,d3001621518a70a020141bf2f78060d34d8b1d6a417c7d5ad0650366921617ac,6550.667869,0.214
e572651326f1337845b6b98e94175d4dc9ec1338a73d1ab7ac61170ccaf88297,5d5cbd388a16ee5f19e2c8c5df4ac7a74ad36fdc9b8a8b0489074a41d61b6884,6555.545608,12.593
b2446308f35282348f1c6388346d932f610301eaa65bd0c283d8fb949d15e7cc,d206b500d8a622c7c6e606402b6f218d95ee19d6805d57bd7d6698351eea831a,6563.711443,129.811
a12f22a3f771308d969fd56d18df65bf6960a4101a3daa4cef878997a2e1978b,5c9849d631846bbec88a0601bf6b0ba43d9e757dbe6f64ca8e4875ba49f7b794,6563.817658,16.941
cf54d1572c1d632986590f22a8313559a433bd667a10d3d3dae5912dcba6ea78,b259c1e9f9b5415e24c8b3e31485942012cde025f7115eb6c3b87d91de9ef892,6564.955172,0.012
d9c9a39425c8044015e05eaf8330a6e48bad0e3edf1ec032098fb2c8b045c0b9,7fd157a7b694ec9235842e5191f04eb673f536c6f3bb37a9dc868eaeb977de9b,6571.334282,0.976
d9c9a39425c8044015e05eaf8330a6e48bad0e3edf1ec032098fb2c8b045c0b9,7fd157a7b694ec9235842e5191f04eb673f536c6f3bb37a9dc868eaeb977de9b,6577.132058,0.341
e572651326f1337845b6b98e94175d4dc9ec1338a73d1ab7ac61170ccaf88297,d92f8485c6246b3992a693f22bcc446a2f3d552d1b0cecc3fe637dec8f61e1ac,6582.214806,60.950
e572651326f1337845b6b98e94175d4dc9ec1338a73d1ab7ac61170ccaf88297,518cd8f12974202d11b5a16a5437a6a560186fbe9584862c601084cbc18761c6,6588.691365,0.193
d9c9a39425c8044015e05eaf8330a6e48bad0e3edf1ec032098fb2c8b045c0b9,7fd157a7b694ec9235842e5191f04eb673f536c6f3bb37a9dc868eaeb977de9b,6589.024348,1.561
d9c9a39425c8044015e05eaf8330a6e48bad0e3edf1ec032098fb2c8b045c0b9,7fd157a7b694ec9235842e5191f04eb673f536c6f3bb37a9dc868eaeb977de9b,6589.148375,2.230
a7cf2f4bb45576518350fb91bb84800146f1dc257896e3b46b901095987e2a1c,6a144e613e2220f49247934c6e896484265f3763008c3235599da7133c320b63,6591.510071,0.268
e572651326f1337845b6b98e94175d4dc9ec1338a73d1ab7ac61170ccaf88297,5d5cbd388a16ee5f19e2c8c5df4ac7a74ad36fdc9b8a8b0489074a41d61b6884,6611.892066,13.606
eddb92315799e0eaf5d18b84bc5948186fbc33c0190b04c815d75765a979435c,110010ce3452fe8d402b60888cc981d5c1f099fa94092e745a629835ecdb9f51,6614.888212,0.046
b2446308f35282348f1c6388346d932f610301eaa65bd0c283d8fb949d15e7cc,db87b76b1f5c22aeb78e8ddae62a3f5b78f28580d14b2d7f7f773702f2da3a3b,6619.444036,0.063
b2446308f35282348f1c6388346d932f610301eaa65bd0c283d8fb949d15e7cc,d206b500d8a622c7c6e606402b6f218d95ee19d6805d57bd7d6698351eea831a,6625.858755,38.635
b2446308f35282348f1c6388346d932f610301eaa65bd0c283d8fb949d15e7cc,d206b500d8a622c7c6e606402b6f218d95ee19d6805d57bd7d6698351eea831a,6629.355083,30.644
eddb92315799e0eaf5d18b84bc5948186fbc33c0190b04c815d75765a979435c,78ec164daacd5c9e215e76ca4dfb2d1ef3a94743f8b329a281a0e9782a09f749,6635.820420,86.260
cf54d1572c1d632986590f22a8313559a433bd667a10d3d3dae5912dcba6ea78,b259c1e9f9b5415e24c8b3e31485942012cde025f7115eb6c3b87d91de9ef892,6645.786056,0.308
739faf50968804bd83adaade1c616b404ad02f354b6bb167295319b0ae5d9899,ca74b92087483a16a012c94b147c899e246570904c23a537cb8daeb2096ce52d,6648.460244,2.408
e572651326f1337845b6b98e94175d4dc9ec1338a73d1ab7ac61170ccaf88297,d92f8485c6246b3992a693f22bcc446a2f3d552d1b0cecc3fe637dec8f61e1ac,6653.616476,44.145
e572651326f1337845b6b98e94175d4dc9ec1338a73d1ab7ac61170ccaf88297,518cd8f12974202d11b5a16a5437a6a560186fbe9584862c601084cbc18761c6,6667.718368,0.201
739faf50968804bd83adaade1c616b404ad02f354b6bb167295319b0ae5d9899,ca74b92087483a16a012c94b147c899e246570904c23a537cb8daeb2096ce52d,6678.336815,2.718
e572651326f1337845b6b98e94175d4dc9ec1338a73d1ab7ac61170ccaf88297,5d5cbd388a16ee5f19e2c8c5df4ac7a74ad36fdc9b8a8b0489074a41d61b6884,6678.914249,16.591
739faf50968804bd83adaade1c616b404ad02f354b6bb167295319b0ae5d9899,ca74b92087483a16a012c94b147c899e246570904c23a537cb8daeb2096ce52d,6687.156018,0.459
aa09fd0de23af2f42704ea3f7a832860e356cb21fbe99fb4c513e0ac64da3ce9,a7220d0ede28b7b3aa0f0607ca44f14e871e76cab8c30bfd0134e64230326622,6695.314672,0.051
739faf50968804bd83adaade1c616b404ad02f354b6bb167295319b0ae5d9899,ca74b92087483a16a012c94b147c899e246570904c23a537cb8daeb2096ce52d,6712.016464,0.346
739faf50968804bd83adaade1c616b404ad02f354b6bb167295319b0ae5d9899,ca74b92087483a16a012c94b147c899e246570904c23a537cb8daeb2096ce52d,6712.531101,0.885
b2446308f35282348f1c6388346d932f610301eaa65bd0c283d8fb949d15e7cc,db87b76b1f5c22aeb78e8ddae62a3f5b78f28580d14b2d7f7f773702f2da3a3b,6713.323324,0.023
cf54d1572c1d632986590f22a8313559a433bd667a10d3d3dae5912dcba6ea78,b259c1e9f9b5415e24c8b3e31485942012cde025f7115eb6c3b87d91de9ef892,6718.581653,0.069
cf54d1572c1d632986590f22a8313559a433bd667a10d3d3dae5912dcba6ea78,b259c1e9f9b5415e24c8b3e31485942012cde025f7115eb6c3b87d91de9ef892,6719.140660,0.037
cf54d1572c1d632986590f22a8313559a433bd667a10d3d3dae5912dcba6ea78,b259c1e9f9b5415e24c8b3e31485942012cde025f7115eb6c3b87d91de9ef892,6723.081721,0.050
d9c9a39425c8044015e05eaf8330a6e48bad0e3edf1ec032098fb2c8b045c0b9,55b5c6b8e25e560a5244c522674fa8ad6f8dec1b83a702650726d57f2547c47c,6726.093413,0.086
e572651326f1337845b6b98e94175d4dc9ec1338a73d1ab7ac61170ccaf88297,5d5cbd388a16ee5f19e2c8c5df4ac7a74ad36fdc9b8a8b0489074a41d61b6884,6726.192978,18.363
eddb92315799e0eaf5d18b84bc5948186fbc33c0190b04c815d75765a979435c,78ec164daacd5c9e215e76ca4dfb2d1ef3a94743f8b329a281a0e9782a09f749,6733.900923,116.635
b2446308f35282348f1c6388346d932f610301eaa65bd0c283d8fb949d15e7cc,db87b76b1f5c22aeb78e8ddae62a3f5b78f28580d14b2d7f7f773702f2da3a3b,6736.096897,0.038
739faf50968804bd83adaade1c616b404ad02f354b6bb167295319b0ae5d9899,ca74b92087483a16a012c94b147c899e246570904c23a537cb8daeb2096ce52d,6742.120556,2.016
efcdd56913d0ce6927045a6f4e8bc025d4bc3a901c3f657e7c0c0d52a157e940,d3001621518a70a020141bf2f78060d34d8b1d6a417c7d5ad0650366921617ac,6742.373243,0.151
739faf50968804bd83adaade1c616b404ad02f354b6bb167295319b0ae5d9899,ca74b92087483a16a012c94b147c899e246570904c23a537cb8daeb2096ce52d,6744.974677,0.687
e572651326f1337845b6b98e94175d4dc9ec1338a73d1ab7ac61170ccaf88297,d92f8485c6246b3992a693f22bcc446a2f3d552d1b0cecc3fe637dec8f61e1ac,6747.697386,49.826
739faf50968804bd83adaade1c616b404ad02f354b6bb167295319b0ae5d9899,ca74b92087483a16a012c94b147c899e246570904c23a537cb8daeb2096ce52d,6752.613592,0.277
739faf50968804bd83adaade1c616b404ad02f354b6bb167295319b0ae5d9899,ca74b92087483a16a012c94b147c899e246570904c23a537cb8daeb2096ce52d,6757.673621,0.993
e572651326f1337845b6b98e94175d4dc9ec1338a73d1ab7ac61170ccaf88297,518cd8f12974202d11b5a16a5437a6a560186fbe9584862c601084cbc18761c6,6762.247821,0.517
e572651326f1337845b6b98e94175d4dc9ec1338a73d1ab7ac61170ccaf88297,518cd8f12974202d11b5a16a5437a6a560186fbe9584862c601084cbc18761c6,6777.407343,0.107
739faf50968804bd83adaade1c616b404ad02f354b6bb167295319b0ae5d9899,ca74b92087483a16a012c94b147c899e246570904c23a537cb8daeb2096ce52d,6788.832350,1.247
739faf50968804bd83adaade1c616b404ad02f354b6bb167295319b0ae5d9899,ca74b92087483a16a012c94b147c899e246570904c23a537cb8daeb2096ce52d,6792.178891,0.422
e572651326f1337845b6b98e94175d4dc9ec1338a73d1ab7ac61170ccaf88297,d92f8485c6246b3992a693f22bcc446a2f3d552d1b0cecc3fe637dec8f61e1ac,6792.906031,71.722
e572651326f1337845b6b98e94175d4dc9ec1338a73d1ab7ac61170ccaf88297,518cd8f12974202d11b5a16a5437a6a560186fbe9584862c601084cbc18761c6,6793.598724,0.237
e572651326f1337845b6b98e94175d4dc9ec1338a73d1ab7ac61170ccaf88297,d92f8485c6246b3992a693f22bcc446a2f3d552d1b0cecc3fe637dec8f61e1ac,6794.137349,62.963
b2446308f35282348f1c6388346d932f610301eaa65bd0c283d8fb949d15e7cc,d206b500d8a622c7c6e606402b6f218d95ee19d6805d57bd7d6698351eea831a,6807.494450,42.230
d9c9a39425c8044015e05eaf8330a6e48bad0e3edf1ec032098fb2c8b045c0b9,55b5c6b8e25e560a5244c522674fa8ad6f8dec1b83a702650726d57f2547c47c,6812.830542,0.024
e572651326f1337845b6b98e94175d4dc9ec1338a73d1ab7ac61170ccaf88297,518cd8f12974202d11b5a16a5437a6a560186fbe9584862c601084cbc18761c6,6812.849629,0.303
739faf50968804bd83adaade1c616b404ad02f354b6bb167295319b0ae5d9899,ca74b92087483a16a012c94b147c899e246570904c23a537cb8daeb2096ce52d,6813.732474,0.865
739faf50968804bd83adaade1c616b404ad02f354b6bb167295319b0ae5d9899,ca74b92087483a16a012c94b147c899e246570904c23a537cb8daeb2096ce52d,6813.763702,1.020
e572651326f1337845b6b98e94175d4dc9ec1338a73d1ab7ac61170ccaf88297,d92f8485c6246b3992a693f22bcc446a2f3d552d1b0cecc3fe637dec8f61e1ac,6814.794141,36.184
a12f22a3f771308d969fd56d18df65bf6960a4101a3daa4cef878997a2e1978b,664c8bd366fc401f874d793373a2aafc5a5a506e2e04d325d5d83557d6df7502,6820.495606,0.115
e572651326f1337845b6b98e94175d4dc9ec1338a73d1ab7ac61170ccaf88297,5d5cbd388a16ee5f19e2c8c5df4ac7a74ad36fdc9b8a8b0489074a41d61b6884,6824.421870,8.247
d9c9a39425c8044015e05eaf8330a6e48bad0e3edf1ec032098fb2c8b045c0b9,55b5c6b8e25e560a5244c522674fa8ad6f8dec1b83a702650726d57f2547c47c,6825.888839,0.042
739faf50968804bd83adaade1c616b404ad02f354b6bb167295319b0ae5d9899,ca74b92087483a16a012c94b147c899e246570904c23a537cb8daeb2096ce52d,6829.862113,0.556
cf54d1572c1d632986590f22a8313559a433bd667a10d3d3dae5912dcba6ea78,b259c1e9f9b5415e24c8b3e31485942012cde025f7115eb6c3b87d91de9ef892,6831.477885,0.140
e572651326f1337845b6b98e94175d4dc9ec1338a73d1ab7ac61170ccaf88297,5d5cbd388a16ee5f19e2c8c5df4ac7a74ad36fdc9b8a8b0489074a41d61b6884,6831.479667,25.051
b34e792718773cd207a3d3bb54979d4952f301dd15d6f091f57008f075958309,2f796c78515eb95a2d835ebf50326db182a91dce43f6d21d5785e80565851355,6854.466432,8.163
d9c9a39425c8044015e05eaf8330a6e48bad0e3edf1ec032098fb2c8b045c0b9,7fd157a7b694ec9235842e5191f04eb673f536c6f3bb37a9dc868eaeb977de9b,6855.380087,1.033
e572651326f1337845b6b98e94175d4dc9ec1338a73d1ab7ac61170ccaf88297,518cd8f12974202d11b5a16a5437a6a560186fbe9584862c601084cbc18761c6,6860.139263,0.201
739faf50968804bd83adaade1c616b404ad02f354b6bb167295319b0ae5d9899,ca74b92087483a16a012c94b147c899e246570904c23a537cb8daeb2096ce52d,6862.023293,0.310
739faf50968804bd83adaade1c616b404ad02f354b6bb167295319b0ae5d9899,ca74b92087483a16a012c94b147c899e246570904c23a537cb8daeb2096ce52d,6864.933775,0.653
f7b8083a0342944f477b97a321506ae52fc6e2e76bf6042f2280c281f43ee10d,d414dfb669aa29482336ef26db33feead9a3bd71190ba5d44412a9f8bedf26de,6866.566692,17.954
739faf50968804bd83adaade1c616b404ad02f354b6bb167295319b0ae5d9899,ca74b92087483a16a012c94b147c899e246570904c23a537cb8daeb2096ce52d,6867.059536,0.895
739faf50968804bd83adaade1c616b404ad02f354b6bb167295319b0ae5d9899,ca74b92087483a16a012c94b147c899e246570904c23a537cb8daeb2096ce52d,6877.522164,1.033
739faf50968804bd83adaade1c616b404ad02f354b6bb167295319b0ae5d9899,ca74b92087483a16a012c94b147c899e246570904c23a537cb8daeb2096ce52d,6890.096016,1.241
f7b8083a0342944f477b97a321506ae52fc6e2e76bf6042f2280c281f43ee10d,d414dfb669aa29482336ef26db33feead9a3bd71190ba5d44412a9f8bedf26de,6904.590814,18.876
739faf50968804bd83adaade1c616b404ad02f354b6bb167295319b0ae5d9899,ca74b92087483a16a012c94b147c899e246570904c23a537cb8daeb2096ce52d,6905.673536,0.668
a279432833a21dc66309e252ef3f48f1ddc9eb706839d037a00b3f9f545c5e2d,96b2b81126ccc77b62f8e30b2d3ae9fd295c3bf035deab650d5cf4c57cf49796,6905.885465,0.024
739faf50968804bd83adaade1c616b404ad02f354b6bb167295319b0ae5d9899,ca74b92087483a16a012c94b147c899e246570904c23a537cb8daeb2096ce52d,6909.477669,1.528
d9c9a39425c8044015e05eaf8330a6e48bad0e3edf1ec032098fb2c8b045c0b9,7fd157a7b694ec9235842e5191f04eb673f536c6f3bb37a9dc868eaeb977de9b,6920.530403,1.708
e572651326f1337845b6b98e94175d4dc9ec1338a73d1ab7ac61170ccaf88297,518cd8f12974202d11b5a16a5437a6a560186fbe9584862c601084cbc18761c6,6925.489813,0.086
d9c9a39425c8044015e05eaf8330a6e48bad0e3edf1ec032098fb2c8b045c0b9,55b5c6b8e25e560a5244c522674fa8ad6f8dec1b83a702650726d57f2547c47c,6928.978286,0.041
d9c9a39425c8044015e05eaf8330a6e48bad0e3edf1ec032098fb2c8b045c0b9,7fd157a7b694ec9235842e5191f04eb673f536c6f3bb37a9dc868eaeb977de9b,6931.741886,1.062
739faf50968804bd83adaade1c616b404ad02f354b6bb167295319b0ae5d9899,ca74b92087483a16a012c94b147c899e246570904c23a537cb8daeb2096ce52d,6932.570690,0.729
f4930f068e300bc29cc1ba31414e01d1eaf55b1607c65985536c868ec9323990,f98b902a5d78635ca9426bf7b222c0f2e63e8316254891c86ab6c55292b5c8b2,6935.833048,0.147
e572651326f1337845b6b98e94175d4dc9ec1338a73d1ab7ac61170ccaf88297,518cd8f12974202d11b5a16a5437a6a560186fbe9584862c601084cbc18761c6,6937.575985,0.874
cf54d1572c1d632986590f22a8313559a433bd667a10d3d3dae5912dcba6ea78,b259c1e9f9b5415e24c8b3e31485942012cde025f7115eb6c3b87d91de9ef892,6943.292483,0.026
e572651326f1337845b6b98e94175d4dc9ec1338a73d1ab7ac61170ccaf88297,d92f8485c6246b3992a693f22bcc446a2f3d552d1b0cecc3fe637dec8f61e1ac,6951.328139,35.038
aa09fd0de23af2f42704ea3f7a832860e356cb21fbe99fb4c513e0ac64da3ce9,a7220d0ede28b7b3aa0f0607ca44f14e871e76cab8c30bfd0134e64230326622,6964.563988,0.035
87b8ec9b41644a8b32cf64798ee6e0d8d7e5948575669ae9c5a8435a10813266,9d4311638952a6ecefb68603a4ade3f6aedf1ff5a2f359c67bbef939d6a2e6dc,6965.163822,0.203
e572651326f1337845b6b98e94175d4dc9ec1338a73d1ab7ac61170ccaf88297,5d5cbd388a16ee5f19e2c8c5df4ac7a74ad36fdc9b8a8b0489074a41d61b6884,6966.277865,4.583
f7b8083a0342944f477b97a321506ae52fc6e2e76bf6042f2280c281f43ee10d,d414dfb669aa29482336ef26db33feead9a3bd71190ba5d44412a9f8bedf26de,6977.094948,33.338
b2446308f35282348f1c6388346d932f610301eaa65bd0c283d8fb949d15e7cc,d206b500d8a622c7c6e606402b6f218d95ee19d6805d57bd7d6698351eea831a,6979.449691,71.601
e572651326f1337845b6b98e94175d4dc9ec1338a73d1ab7ac61170ccaf88297,5d5cbd388a16ee5f19e2c8c5df4ac7a74ad36fdc9b8a8b0489074a41d61b6884,6982.082360,30.604
739faf50968804bd83adaade1c616b404ad02f354b6bb167295319b0ae5d9899,ca74b92087483a16a012c94b147c899e246570904c23a537cb8daeb2096ce52d,6983.901286,0.189
739faf50968804bd83adaade1c616b404ad02f354b6bb167295319b0ae5d9899,ca74b92087483a16a012c94b147c899e246570904c23a537cb8daeb2096ce52d,6983.983084,0.987
e572651326f1337845b6b98e94175d4dc9ec1338a73d1ab7ac61170ccaf88297,5d5cbd388a16ee5f19e2c8c5df4ac7a74ad36fdc9b8a8b0489074a41d61b6884,6988.257418,18.226
739faf50968804bd83adaade1c616b404ad02f354b6bb167295319b0ae5d9899,ca74b92087483a16a012c94b147c899e246570904c23a537cb8daeb2096ce52d,6990.697284,0.778
d9c9a39425c8044015e05eaf8330a6e48bad0e3edf1ec032098fb2c8b045c0b9,7fd157a7b694ec9235842e5191f04eb673f536c6f3bb37a9dc868eaeb977de9b,6994.340082,0.558
739faf50968804bd83adaade1c616b404ad02f354b6bb167295319b0ae5d9899,ca74b92087483a16a012c94b147c899e246570904c23a537cb8daeb2096ce52d,7003.749901,0.518
e572651326f1337845b6b98e94175d4dc9ec1338a73d1ab7ac61170ccaf88297,5d5cbd388a16ee5f19e2c8c5df4ac7a74ad36fdc9b8a8b0489074a41d61b6884,7005.134451,22.605
efcdd56913d0ce6927045a6f4e8bc025d4bc3a901c3f657e7c0c0d52a157e940,d3001621518a70a020141bf2f78060d34d8b1d6a417c7d5ad0650366921617ac,7011.785402,0.391
e572651326f1337845b6b98e94175d4dc9ec1338a73d1ab7ac61170ccaf88297,518cd8f12974202d11b5a16a5437a6a560186fbe9584862c601084cbc18761c6,7021.072155,0.593
e572651326f1337845b6b98e94175d4dc9ec1338a73d1ab7ac61170ccaf88297,518cd8f12974202d11b5a16a5437a6a560186fbe9584862c601084cbc18761c6,7026.784712,0.181
e572651326f1337845b6b98e94175d4dc9ec1338a73d1ab7ac61170ccaf88297,5d5cbd388a16ee5f19e2c8c5df4ac7a74ad36fdc9b8a8b0489074a41d61b6884,7028.090094,17.937
e572651326f1337845b6b98e94175d4dc9ec1338a73d1ab7ac61170ccaf88297,d92f8485c6246b3992a693f22bcc446a2f3d552d1b0cecc3fe637dec8f61e1ac,7029.917460,69.945
b34e792718773cd207a3d3bb54979d4952f301dd15d6f091f57008f075958309,2f796c78515eb95a2d835ebf50326db182a91dce43f6d21d5785e80565851355,7034.130016,3.650
e572651326f1337845b6b98e94175d4dc9ec1338a73d1ab7ac61170ccaf88297,d92f8485c6246b3992a693f22bcc446a2f3d552d1b0cecc3fe637dec8f61e1ac,7038.068834,80.772
aa09fd0de23af2f42704ea3f7a832860e356cb21fbe99fb4c513e0ac64da3ce9,a7220d0ede28b7b3aa0f0607ca44f14e871e76cab8c30bfd0134e64230326622,7041.136657,0.036
739faf50968804bd83adaade1c616b404ad02f354b6bb167295319b0ae5d9899,ca74b92087483a16a012c94b147c899e246570904c23a537cb8daeb2096ce52d,7043.131847,1.388
b34e792718773cd207a3d3bb54979d4952f301dd15d6f091f57008f075958309,2f796c78515eb95a2d835ebf50326db182a91dce43f6d21d5785e80565851355,7068.792067,9.388
cf54d1572c1d632986590f22a8313559a433bd667a10d3d3dae5912dcba6ea78,b259c1e9f9b5415e24c8b3e31485942012cde025f7115eb6c3b87d91de9ef892,7069.237295,0.049
e572651326f1337845b6b98e94175d4dc9ec1338a73d1ab7ac61170ccaf88297,d92f8485c6246b3992a693f22bcc446a2f3d552d1b0cecc3fe637dec8f61e1ac,7073.043339,36.400
e572651326f1337845b6b98e94175d4dc9ec1338a73d1ab7ac61170ccaf88297,d92f8485c6246b3992a693f22bcc446a2f3d552d1b0cecc3fe637dec8f61e1ac,7081.156297,244.962
e572651326f1337845b6b98e94175d4dc9ec1338a73d1ab7ac61170ccaf88297,d92f8485c6246b3992a693f22bcc446a2f3d552d1b0cecc3fe637dec8f61e1ac,7085.734108,31.028
e572651326f1337845b6b98e94175d4dc9ec1338a73d1ab7ac61170ccaf88297,d92f8485c6246b3992a693f22bcc446a2f3d552d1b0cecc3fe637dec8f61e1ac,7085.881888,17.467
b2446308f35282348f1c6388346d932f610301eaa65bd0c283d8fb949d15e7cc,db87b76b1f5c22aeb78e8ddae62a3f5b78f28580d14b2d7f7f773702f2da3a3b,7087.186019,0.043
e572651326f1337845b6b98e94175d4dc9ec1338a73d1ab7ac61170ccaf88297,d92f8485c6246b3992a693f22bcc446a2f3d552d1b0cecc3fe637dec8f61e1ac,7091.801384,137.903
a7cf2f4bb45576518350fb91bb84800146f1dc257896e3b46b901095987e2a1c,6a144e613e2220f49247934c6e896484265f3763008c3235599da7133c320b63,7098.111612,0.095
e572651326f1337845b6b98e94175d4dc9ec1338a73d1ab7ac61170ccaf88297,d92f8485c6246b3992a693f22bcc446a2f3d552d1b0cecc3fe637dec8f61e1ac,7112.199908,62.614
87b8ec9b41644a8b32cf64798ee6e0d8d7e5948575669ae9c5a8435a10813266,13220cb8f5b7112c02f2481c968497db0f96a9b6d45bc7204086d9914d5596b5,7115.959563,51.333
e572651326f1337845b6b98e94175d4dc9ec1338a73d1ab7ac61170ccaf88297,518cd8f12974202d11b5a16a5437a6a560186fbe9584862c601084cbc18761c6,7123.379720,0.386
a7cf2f4bb45576518350fb91bb84800146f1dc257896e3b46b901095987e2a1c,6a144e613e2220f49247934c6e896484265f3763008c3235599da7133c320b63,7127.027555,0.238
739faf50968804bd83adaade1c616b404ad02f354b6bb167295319b0ae5d9899,ca74b92087483a16a012c94b147c899e246570904c23a537cb8daeb2096ce52d,7127.723782,0.403
b2446308f35282348f1c6388346d932f610301eaa65bd0c283d8fb949d15e7cc,db87b76b1f5c22aeb78e8ddae62a3f5b78f28580d14b2d7f7f773702f2da3a3b,7130.677786,0.145
e572651326f1337845b6b98e94175d4dc9ec1338a73d1ab7ac61170ccaf88297,518cd8f12974202d11b5a16a5437a6a560186fbe9584862c601084cbc18761c6,7151.105249,0.335
e572651326f1337845b6b98e94175d4dc9ec1338a73d1ab7ac61170ccaf88297,518cd8f12974202d11b5a16a5437a6a560186fbe9584862c601084cbc18761c6,7152.638328,0.072
d9c9a39425c8044015e05eaf8330a6e48bad0e3edf1ec032098fb2c8b045c0b9,7fd157a7b694ec9235842e5191f04eb673f536c6f3bb37a9dc868eaeb977de9b,7155.940052,0.709
87b8ec9b41644a8b32cf64798ee6e0d8d7e5948575669ae9c5a8435a10813266,13220cb8f5b7112c02f2481c968497db0f96a9b6d45bc7204086d9914d5596b5,7160.863710,107.900
739faf50968804bd83adaade1c616b404ad02f354b6bb167295319b0ae5d9899,ca74b92087483a16a012c94b147c899e246570904c23a537cb8daeb2096ce52d,7163.378235,0.981
e572651326f1337845b6b98e94175d4dc9ec1338a73d1ab7ac61170ccaf88297,518cd8f12974202d11b5a16a5437a6a560186fbe9584862c601084cbc18761c6,7168.789087,0.267
b2446308f35282348f1c6388346d932f610301eaa65bd0c283d8fb949d15e7cc,db87b76b1f5c22aeb78e8ddae62a3f5b78f28580d14b2d7f7f773702f2da3a3b,7170.228323,0.086
739faf50968804bd83adaade1c616b404ad02f354b6bb167295319b0ae5d9899,ca74b92087483a16a012c94b147c899e246570904c23a537cb8daeb2096ce52d,7180.944542,0.431
739faf50968804bd83adaade1c616b404ad02f354b6bb167295319b0ae5d9899,ca74b92087483a16a012c94b147c899e246570904c23a537cb8daeb2096ce52d,7181.378581,0.895
739faf50968804bd83adaade1c616b404ad02f354b6bb167295319b0ae5d9899,ca74b92087483a16a012c94b147c899e246570904c23a537cb8daeb2096ce52d,7186.054363,1.506
e572651326f1337845b6b98e94175d4dc9ec1338a73d1ab7ac61170ccaf88297,5d5cbd388a16ee5f19e2c8c5df4ac7a74ad36fdc9b8a8b0489074a41d61b6884,7190.362296,17.223
739faf50968804bd83adaade1c616b404ad02f354b6bb167295319b0ae5d9899,ca74b92087483a16a012c94b147c899e246570904c23a537cb8daeb2096ce52d,7193.503356,1.147
739faf50968804bd83adaade1c616b404ad02f354b6bb167295319b0ae5d9899,ca74b92087483a16a012c94b147c899e246570904c23a537cb8daeb2096ce52d,7203.293379,0.620
739faf50968804bd83adaade1c616b404ad02f354b6bb167295319b0ae5d9899,ca74b92087483a16a012c94b147c899e246570904c23a537cb8daeb2096ce52d,7209.459161,0.450
739faf50968804bd83adaade1c616b404ad02f354b6bb167295319b0ae5d9899,ca74b92087483a16a012c94b147c899e246570904c23a537cb8daeb2096ce52d,7210.175648,0.743
739faf50968804bd83adaade1c616b404ad02f354b6bb167295319b0ae5d9899,ca74b92087483a16a012c94b147c899e246570904c23a537cb8daeb2096ce52d,7211.819994,0.551
739faf50968804bd83adaade1c616b404ad02f354b6bb167295319b0ae5d9899,ca74b92087483a16a012c94b147c899e246570904c23a537cb8daeb2096ce52d,7212.139009,1.203
739faf50968804bd83adaade1c616b404ad02f354b6bb167295319b0ae5d9899,ca74b92087483a16a012c94b147c899e246570904c23a537cb8daeb2096ce52d,7213.015889,2.209
739faf50968804bd83adaade1c616b404ad02f354b6bb167295319b0ae5d9899,ca74b92087483a16a012c94b147c899e246570904c23a537cb8daeb2096ce52d,7223.187673,0.414
e572651326f1337845b6b98e94175d4dc9ec1338a73d1ab7ac61170ccaf88297,d92f8485c6246b3992a693f22bcc446a2f3d552d1b0cecc3fe637dec8f61e1ac,7247.162710,51.987
b2446308f35282348f1c6388346d932f610301eaa65bd0c283d8fb949d15e7cc,db87b76b1f5c22aeb78e8ddae62a3f5b78f28580d14b2d7f7f773702f2da3a3b,7251.223930,0.015
f7b8083a0342944f477b97a321506ae52fc6e2e76bf6042f2280c281f43ee10d,4b2c05f30bc5080fb3ff505c4051509a4406f733b9ccd3386fa0900f3ae0d9bf,7258.846997,0.079
e572651326f1337845b6b98e94175d4dc9ec1338a73d1ab7ac61170ccaf88297,518cd8f12974202d11b5a16a5437a6a560186fbe9584862c601084cbc18761c6,7269.482235,0.190
7475824cc4748c3fc8576d1ba486950f36d81d9cb5336cc1da801ef313b516d8,eac0d7c37985ac4669b288f34505f79c6df5fc76371ca3b80b783133b39adfbd,7276.535880,185.419
e572651326f1337845b6b98e94175d4dc9ec1338a73d1ab7ac61170ccaf88297,5d5cbd388a16ee5f19e2c8c5df4ac7a74ad36fdc9b8a8b0489074a41d61b6884,7277.493572,19.444
739faf50968804bd83adaade1c616b404ad02f354b6bb167295319b0ae5d9899,ca74b92087483a16a012c94b147c899e246570904c23a537cb8daeb2096ce52d,7286.548789,0.938
aa09fd0de23af2f42704ea3f7a832860e356cb21fbe99fb4c513e0ac64da3ce9,a7220d0ede28b7b3aa0f0607ca44f14e871e76cab8c30bfd0134e64230326622,7293.034007,0.046
b2446308f35282348f1c6388346d932f610301eaa65bd0c283d8fb949d15e7cc,d206b500d8a622c7c6e606402b6f218d95ee19d6805d57bd7d6698351eea831a,7296.698605,36.624
e572651326f1337845b6b98e94175d4dc9ec1338a73d1ab7ac61170ccaf88297,518cd8f12974202d11b5a16a5437a6a560186fbe9584862c601084cbc18761c6,7300.457040,0.199
739faf50968804bd83adaade1c616b404ad02f354b6bb167295319b0ae5d9899,ca74b92087483a16a012c94b147c899e246570904c23a537cb8daeb2096ce52d,7305.460402,1.231
e572651326f1337845b6b98e94175d4dc9ec1338a73d1ab7ac61170ccaf88297,5d5cbd388a16ee5f19e2c8c5df4ac7a74ad36fdc9b8a8b0489074a41d61b6884,7305.991811,34.629
e572651326f1337845b6b98e94175d4dc9ec1338a73d1ab7ac61170ccaf88297,5d5cbd388a16ee5f19e2c8c5df4ac7a74ad36fdc9b8a8b0489074a41d61b6884,7309.650356,26.936
739faf50968804bd83adaade1c616b404ad02f354b6bb167295319b0ae5d9899,ca74b92087483a16a012c94b147c899e246570904c23a537cb8daeb2096ce52d,7314.361097,1.355
739faf50968804bd83adaade1c616b404ad02f354b6bb167295319b0ae5d9899,ca74b92087483a16a012c94b147c899e246570904c23a537cb8daeb2096ce52d,7319.067425,0.641
e572651326f1337845b6b98e94175d4dc9ec1338a73d1ab7ac61170ccaf88297,5d5cbd388a16ee5f19e2c8c5df4ac7a74ad36fdc9b8a8b0489074a41d61b6884,7319.320457,11.663
a12f22a3f771308d969fd56d18df65bf6960a4101a3daa4cef878997a2e1978b,664c8bd366fc401f874d793373a2aafc5a5a506e2e04d325d5d83557d6df7502,7320.259166,0.100
f4930f068e300bc29cc1ba31414e01d1eaf55b1607c65985536c868ec9323990,f98b902a5d78635ca9426bf7b222c0f2e63e8316254891c86ab6c55292b5c8b2,7326.951097,0.151
b34e792718773cd207a3d3bb54979d4952f301dd15d6f091f57008f075958309,2f796c78515eb95a2d835ebf50326db182a91dce43f6d21d5785e80565851355,7331.691115,1.339
739faf50968804bd83adaade1c616b404ad02f354b6bb167295319b0ae5d9899,ca74b92087483a16a012c94b147c899e246570904c23a537cb8daeb2096ce52d,7337.446294,0.312
739faf50968804bd83adaade1c616b404ad02f354b6bb167295319b0ae5d9899,ca74b92087483a16a012c94b147c899e246570904c23a537cb8daeb2096ce52d,7361.158453,0.894
739faf50968804bd83adaade1c616b404ad02f354b6bb167295319b0ae5d9899,ca74b92087483a16a012c94b147c899e246570904c23a537cb8daeb2096ce52d,7362.541825,1.022
a12f22a3f771308d969fd56d18df65bf6960a4101a3daa4cef878997a2e1978b,5c9849d631846bbec88a0601bf6b0ba43d9e757dbe6f64ca8e4875ba49f7b794,7366.658330,17.875
a279432833a21dc66309e252ef3f48f1ddc9eb706839d037a00b3f9f545c5e2d,9bfe15fe1c84832456da5d671ec99cfd73e0514bf91abfae306da2457af04221,7367.979755,1.350
b2446308f35282348f1c6388346d932f610301eaa65bd0c283d8fb949d15e7cc,db87b76b1f5c22aeb78e8ddae62a3f5b78f28580d14b2d7f7f773702f2da3a3b,7368.252458,0.045
e572651326f1337845b6b98e94175d4dc9ec1338a73d1ab7ac61170ccaf88297,5d5cbd388a16ee5f19e2c8c5df4ac7a74ad36fdc9b8a8b0489074a41d61b6884,7372.543877,7.277
4bd219625127e9d2e12f7eb21015642ad64f42ea61a16f5577db0c2e7a54d4cf,1b9ff14203f132f3ca0342f8491d5b4e61000dbca9a88d6ef78132611cf99466,7388.185047,1.661
aa09fd0de23af2f42704ea3f7a832860e356cb21fbe99fb4c513e0ac64da3ce9,a7220d0ede28b7b3aa0f0607ca44f14e871e76cab8c30bfd0134e64230326622,7388.890965,0.026
e572651326f1337845b6b98e94175d4dc9ec1338a73d1ab7ac61170ccaf88297,518cd8f12974202d11b5a16a5437a6a560186fbe9584862c601084cbc18761c6,7390.913422,0.537
739faf50968804bd83adaade1c616b404ad02f354b6bb167295319b0ae5d9899,ca74b92087483a16a012c94b147c899e246570904c23a537cb8daeb2096ce52d,7394.303567,0.801
d9c9a39425c8044015e05eaf8330a6e48bad0e3edf1ec032098fb2c8b045c0b9,7fd157a7b694ec9235842e5191f04eb673f536c6f3bb37a9dc868eaeb977de9b,7399.677497,1.115
739faf50968804bd83adaade1c616b404ad02f354b6bb167295319b0ae5d9899,ca74b92087483a16a012c94b147c899e246570904c23a537cb8daeb2096ce52d,7407.799728,0.606
739faf50968804bd83adaade1c616b404ad02f354b6bb167295319b0ae5d9899,ca74b92087483a16a012c94b147c899e246570904c23a537cb8daeb2096ce52d,7409.749472,0.372
739faf50968804bd83adaade1c616b404ad02f354b6bb167295319b0ae5d9899,ca74b92087483a16a012c94b147c899e246570904c23a537cb8daeb2096ce52d,7420.309696,0.560
739faf50968804bd83adaade1c616b404ad02f354b6bb167295319b0ae5d9899,ca74b92087483a16a012c94b147c899e246570904c23a537cb8daeb2096ce52d,7432.756446,1.082
739faf50968804bd83adaade1c616b404ad02f354b6bb167295319b0ae5d9899,ca74b92087483a16a012c94b147c899e246570904c23a537cb8daeb2096ce52d,7433.287986,0.392
7475824cc4748c3fc8576d1ba486950f36d81d9cb5336cc1da801ef313b516d8,c8d99a8658319d5874fe33684bea9d87fab76b5593481d4d66145bec971607b3,7436.657679,0.141
e572651326f1337845b6b98e94175d4dc9ec1338a73d1ab7ac61170ccaf88297,518cd8f12974202d11b5a16a5437a6a560186fbe9584862c601084cbc18761c6,7449.533782,0.544
739faf50968804bd83adaade1c616b404ad02f354b6bb167295319b0ae5d9899,ca74b92087483a16a012c94b147c899e246570904c23a537cb8daeb2096ce52d,7452.586759,0.480
a12f22a3f771308d969fd56d18df65bf6960a4101a3daa4cef878997a2e1978b,664c8bd366fc401f874d793373a2aafc5a5a506e2e04d325d5d83557d6df7502,7454.198174,0.021
e572651326f1337845b6b98e94175d4dc9ec1338a73d1ab7ac61170ccaf88297,d92f8485c6246b3992a693f22bcc446a2f3d552d1b0cecc3fe637dec8f61e1ac,7455.483718,38.273
a7cf2f4bb45576518350fb91bb84800146f1dc257896e3b46b901095987e2a1c,6a144e613e2220f49247934c6e896484265f3763008c3235599da7133c320b63,7456.365579,0.407
efcdd56913d0ce6927045a6f4e8bc025d4bc3a901c3f657e7c0c0d52a157e940,d3001621518a70a020141bf2f78060d34d8b1d6a417c7d5ad0650366921617ac,7457.274604,0.083
a279432833a21dc66309e252ef3f48f1ddc9eb706839d037a00b3f9f545c5e2d,7f0b52256911bed19622812b8483c07daf2e9103a269f567068ed939e33a2785,7467.590807,1.020
36918b2e6c7d7af242c355afc840cf4665e3ea068cf464571367b9c37779bf80,7256bfbb7f3fd68f57187fc7395b4cbcb317c2abb99ee066d02f0844dbcb8ee7,7468.059461,11.901
739faf50968804bd83adaade1c616b404ad02f354b6bb167295319b0ae5d9899,ca74b92087483a16a012c94b147c899e246570904c23a537cb8daeb2096ce52d,7473.217510,0.965
e572651326f1337845b6b98e94175d4dc9ec1338a73d1ab7ac61170ccaf88297,518cd8f12974202d11b5a16a5437a6a560186fbe9584862c601084cbc18761c6,7474.838574,0.251
e572651326f1337845b6b98e94175d4dc9ec1338a73d1ab7ac61170ccaf88297,d92f8485c6246b3992a693f22bcc446a2f3d552d1b0cecc3fe637dec8f61e1ac,7475.185091,18.767
739faf50968804bd83adaade1c616b404ad02f354b6bb167295319b0ae5d9899,ca74b92087483a16a012c94b147c899e246570904c23a537cb8daeb2096ce52d,7475.231148,1.223
e572651326f1337845b6b98e94175d4dc9ec1338a73d1ab7ac61170ccaf88297,d92f8485c6246b3992a693f22bcc446a2f3d552d1b0cecc3fe637dec8f61e1ac,7477.089120,42.122
e572651326f1337845b6b98e94175d4dc9ec1338a73d1ab7ac61170ccaf88297,518cd8f12974202d11b5a16a5437a6a560186fbe9584862c601084cbc18761c6,7477.916380,1.433
b34e792718773cd207a3d3bb54979d4952f301dd15d6f091f57008f075958309,541379714c2250706dfd8b76765ae74953f871377238b361a8666f510afeba58,7483.044805,38.498
d9c9a39425c8044015e05eaf8330a6e48bad0e3edf1ec032098fb2c8b045c0b9,55b5c6b8e25e560a5244c522674fa8ad6f8dec1b83a702650726d57f2547c47c,7486.274802,0.055
b34e792718773cd207a3d3bb54979d4952f301dd15d6f091f57008f075958309,541379714c2250706dfd8b76765ae74953f871377238b361a8666f510afeba58,7490.637296,80.590
e572651326f1337845b6b98e94175d4dc9ec1338a73d1ab7ac61170ccaf88297,d92f8485c6246b3992a693f22bcc446a2f3d552d1b0cecc3fe637dec8f61e1ac,7491.792157,63.517
739faf50968804bd83adaade1c616b404ad02f354b6bb167295319b0ae5d9899,ca74b92087483a16a012c94b147c899e246570904c23a537cb8daeb2096ce52d,7493.495933,0.466
87b8ec9b41644a8b32cf64798ee6e0d8d7e5948575669ae9c5a8435a10813266,13220cb8f5b7112c02f2481c968497db0f96a9b6d45bc7204086d9914d5596b5,7494.355951,59.383
64db848c9bc5db515c94ab30eee3c35decfe835ca8a6c40b0821fe30aaa04cdb,f219acf93580c06f4504a74e90b2f826094f3544ca2f60a49b929ab5d1f80d31,7498.090549,2.420
b34e792718773cd207a3d3bb54979d4952f301dd15d6f091f57008f075958309,2f796c78515eb95a2d835ebf50326db182a91dce43f6d21d5785e80565851355,7500.697302,3.623
d9c9a39425c8044015e05eaf8330a6e48bad0e3edf1ec032098fb2c8b045c0b9,7fd157a7b694ec9235842e5191f04eb673f536c6f3bb37a9dc868eaeb977de9b,7503.123115,1.069
b34e792718773cd207a3d3bb54979d4952f301dd15d6f091f57008f075958309,541379714c2250706dfd8b76765ae74953f871377238b361a8666f510afeba58,7505.070269,37.044
d9c9a39425c8044015e05eaf8330a6e48bad0e3edf1ec032098fb2c8b045c0b9,7fd157a7b694ec9235842e5191f04eb673f536c6f3bb37a9dc868eaeb977de9b,7505.318501,0.651
e572651326f1337845b6b98e94175d4dc9ec1338a73d1ab7ac61170ccaf88297,d92f8485c6246b3992a693f22bcc446a2f3d552d1b0cecc3fe637dec8f61e1ac,7514.060996,109.083
e572651326f1337845b6b98e94175d4dc9ec1338a73d1ab7ac61170ccaf88297,d92f8485c6246b3992a693f22bcc446a2f3d552d1b0cecc3fe637dec8f61e1ac,7517.392928,23.686
64db848c9bc5db515c94ab30eee3c35decfe835ca8a6c40b0821fe30aaa04cdb,f219acf93580c06f4504a74e90b2f826094f3544ca2f60a49b929ab5d1f80d31,7517.552302,2.251
739faf50968804bd83adaade1c616b404ad02f354b6bb167295319b0ae5d9899,ca74b92087483a16a012c94b147c899e246570904c23a537cb8daeb2096ce52d,7518.107523,0.536
eddb92315799e0eaf5d18b84bc5948186fbc33c0190b04c815d75765a979435c,110010ce3452fe8d402b60888cc981d5c1f099fa94092e745a629835ecdb9f51,7522.263112,0.059
e572651326f1337845b6b98e94175d4dc9ec1338a73d1ab7ac61170ccaf88297,d92f8485c6246b3992a693f22bcc446a2f3d552d1b0cecc3fe637dec8f61e1ac,7542.491044,124.569
e572651326f1337845b6b98e94175d4dc9ec1338a73d1ab7ac61170ccaf88297,518cd8f12974202d11b5a16a5437a6a560186fbe9584862c601084cbc18761c6,7543.976684,0.163
e572651326f1337845b6b98e94175d4dc9ec1338a73d1ab7ac61170ccaf88297,518cd8f12974202d11b5a16a5437a6a560186fbe9584862c601084cbc18761c6,7560.822237,0.115
a12f22a3f771308d969fd56d18df65bf6960a4101a3daa4cef878997a2e1978b,664c8bd366fc401f874d793373a2aafc5a5a506e2e04d325d5d83557d6df7502,7572.306880,0.045
739faf50968804bd83adaade1c616b404ad02f354b6bb167295319b0ae5d9899,ca74b92087483a16a012c94b147c899e246570904c23a537cb8daeb2096ce52d,7577.251231,0.983
87b8ec9b41644a8b32cf64798ee6e0d8d7e5948575669ae9c5a8435a10813266,13220cb8f5b7112c02f2481c968497db0f96a9b6d45bc7204086d9914d5596b5,7581.897217,158.764
e572651326f1337845b6b98e94175d4dc9ec1338a73d1ab7ac61170ccaf88297,5d5cbd388a16ee5f19e2c8c5df4ac7a74ad36fdc9b8a8b0489074a41d61b6884,7582.168079,3.494
739faf50968804bd83adaade1c616b404ad02f354b6bb167295319b0ae5d9899,ca74b92087483a16a012c94b147c899e246570904c23a537cb8daeb2096ce52d,7586.304026,0.759
36918b2e6c7d7af242c355afc840cf4665e3ea068cf464571367b9c37779bf80,7256bfbb7f3fd68f57187fc7395b4cbcb317c2abb99ee066d02f0844dbcb8ee7,7590.182066,9.916
739faf50968804bd83adaade1c616b404ad02f354b6bb167295319b0ae5d9899,ca74b92087483a16a012c94b147c899e246570904c23a537cb8daeb2096ce52d,7591.035532,2.644
739faf50968804bd83adaade1c616b404ad02f354b6bb167295319b0ae5d9899,ca74b92087483a16a012c94b147c899e246570904c23a537cb8daeb2096ce52d,7593.505221,0.491
4bd219625127e9d2e12f7eb21015642ad64f42ea61a16f5577db0c2e7a54d4cf,97c31670ec24a392969c8bc769ded28f0ea827f99e77c918ebe894b02f4511dd,7595.548447,19.721
d9c9a39425c8044015e05eaf8330a6e48bad0e3edf1ec032098fb2c8b045c0b9,55b5c6b8e25e560a5244c522674fa8ad6f8dec1b83a702650726d57f2547c47c,7595.630817,0.050
e572651326f1337845b6b98e94175d4dc9ec1338a73d1ab7ac61170ccaf88297,518cd8f12974202d11b5a16a5437a6a560186fbe9584862c601084cbc18761c6,7600.859416,0.163
739faf50968804bd83adaade1c616b404ad02f354b6bb167295319b0ae5d9899,ca74b92087483a16a012c94b147c899e246570904c23a537cb8daeb2096ce52d,7603.657673,0.803
e572651326f1337845b6b98e94175d4dc9ec1338a73d1ab7ac61170ccaf88297,d92f8485c6246b3992a693f22bcc446a2f3d552d1b0cecc3fe637dec8f61e1ac,7603.662523,66.930
b2446308f35282348f1c6388346d932f610301eaa65bd0c283d8fb949d15e7cc,db87b76b1f5c22aeb78e8ddae62a3f5b78f28580d14b2d7f7f773702f2da3a3b,7609.723506,0.120
739faf50968804bd83adaade1c616b404ad02f354b6bb167295319b0ae5d9899,ca74b92087483a16a012c94b147c899e246570904c23a537cb8daeb2096ce52d,7617.909956,0.424
e572651326f1337845b6b98e94175d4dc9ec1338a73d1ab7ac61170ccaf88297,d92f8485c6246b3992a693f22bcc446a2f3d552d1b0cecc3fe637dec8f61e1ac,7621.287962,34.422
f4930f068e300bc29cc1ba31414e01d1eaf55b1607c65985536c868ec9323990,46a59e3a4d9e4fefe6b34e678125ce95ab071f1126ec503557f26ec575c1941b,7631.926437,0.647
87b8ec9b41644a8b32cf64798ee6e0d8d7e5948575669ae9c5a8435a10813266,b85146d6fb2fb1b37a7b668f36287a534543da7a2bc393eac28fd9e974908af0,7645.014092,6.779
e572651326f1337845b6b98e94175d4dc9ec1338a73d1ab7ac61170ccaf88297,d92f8485c6246b3992a693f22bcc446a2f3d552d1b0cecc3fe637dec8f61e1ac,7645.857763,29.349
f7b8083a0342944f477b97a321506ae52fc6e2e76bf6042f2280c281f43ee10d,4b2c05f30bc5080fb3ff505c4051509a4406f733b9ccd3386fa0900f3ae0d9bf,7663.317787,0.009
e572651326f1337845b6b98e94175d4dc9ec1338a73d1ab7ac61170ccaf88297,518cd8f12974202d11b5a16a5437a6a560186fbe9584862c601084cbc18761c6,7672.065780,0.236
e572651326f1337845b6b98e94175d4dc9ec1338a73d1ab7ac61170ccaf88297,518cd8f12974202d11b5a16a5437a6a560186fbe9584862c601084cbc18761c6,7672.862506,0.053
eddb92315799e0eaf5d18b84bc5948186fbc33c0190b04c815d75765a979435c,78ec164daacd5c9e215e76ca4dfb2d1ef3a94743f8b329a281a0e9782a09f749,7675.898533,133.530
d9c9a39425c8044015e05eaf8330a6e48bad0e3edf1ec032098fb2c8b045c0b9,55b5c6b8e25e560a5244c522674fa8ad6f8dec1b83a702650726d57f2547c47c,7677.048887,0.043
e572651326f1337845b6b98e94175d4dc9ec1338a73d1ab7ac61170ccaf88297,d92f8485c6246b3992a693f22bcc446a2f3d552d1b0cecc3fe637dec8f61e1ac,7677.369514,97.679
7475824cc4748c3fc8576d1ba486950f36d81d9cb5336cc1da801ef313b516d8,eac0d7c37985ac4669b288f34505f79c6df5fc76371ca3b80b783133b39adfbd,7677.489926,73.199
b2446308f35282348f1c6388346d932f610301eaa65bd0c283d8fb949d15e7cc,db87b76b1f5c22aeb78e8ddae62a3f5b78f28580d14b2d7f7f773702f2da3a3b,7677.729942,0.056
f7b8083a0342944f477b97a321506ae52fc6e2e76bf6042f2280c281f43ee10d,4b2c05f30bc5080fb3ff505c4051509a4406f733b9ccd3386fa0900f3ae0d9bf,7678.491132,0.071
e572651326f1337845b6b98e94175d4dc9ec1338a73d1ab7ac61170ccaf88297,d92f8485c6246b3992a693f22bcc446a2f3d552d1b0cecc3fe637dec8f61e1ac,7689.736233,50.212
e572651326f1337845b6b98e94175d4dc9ec1338a73d1ab7ac61170ccaf88297,5d5cbd388a16ee5f19e2c8c5df4ac7a74ad36fdc9b8a8b0489074a41d61b6884,7695.532297,13.925
e572651326f1337845b6b98e94175d4dc9ec1338a73d1ab7ac61170ccaf88297,d92f8485c6246b3992a693f22bcc446a2f3d552d1b0cecc3fe637dec8f61e1ac,7702.852883,68.055
b2446308f35282348f1c6388346d932f610301eaa65bd0c283d8fb949d15e7cc,d206b500d8a622c7c6e606402b6f218d95ee19d6805d57bd7d6698351eea831a,7709.408017,67.149
b2446308f35282348f1c6388346d932f610301eaa65bd0c283d8fb949d15e7cc,db87b76b1f5c22aeb78e8ddae62a3f5b78f28580d14b2d7f7f773702f2da3a3b,7711.222957,0.083
a12f22a3f771308d969fd56d18df65bf6960a4101a3daa4cef878997a2e1978b,5c9849d631846bbec88a0601bf6b0ba43d9e757dbe6f64ca8e4875ba49f7b794,7720.887097,8.030
739faf50968804bd83adaade1c616b404ad02f354b6bb167295319b0ae5d9899,ca74b92087483a16a012c94b147c899e246570904c23a537cb8daeb2096ce52d,7724.815423,0.346
7475824cc4748c3fc8576d1ba486950f36d81d9cb5336cc1da801ef313b516d8,c8d99a8658319d5874fe33684bea9d87fab76b5593481d4d66145bec971607b3,7724.869191,0.247
64db848c9bc5db515c94ab30eee3c35decfe835ca8a6c40b0821fe30aaa04cdb,f219acf93580c06f4504a74e90b2f826094f3544ca2f60a49b929ab5d1f80d31,7726.144325,1.334
e572651326f1337845b6b98e94175d4dc9ec1338a73d1ab7ac61170ccaf88297,d92f8485c6246b3992a693f22bcc446a2f3d552d1b0cecc3fe637dec8f61e1ac,7736.667540,144.461
d9c9a39425c8044015e05eaf8330a6e48bad0e3edf1ec032098fb2c8b045c0b9,7fd157a7b694ec9235842e5191f04eb673f536c6f3bb37a9dc868eaeb977de9b,7737.105322,0.920
e572651326f1337845b6b98e94175d4dc9ec1338a73d1ab7ac61170ccaf88297,d92f8485c6246b3992a693f22bcc446a2f3d552d1b0cecc3fe637dec8f61e1ac,7738.018452,66.919
aa09fd0de23af2f42704ea3f7a832860e356cb21fbe99fb4c513e0ac64da3ce9,a7220d0ede28b7b3aa0f0607ca44f14e871e76cab8c30bfd0134e64230326622,7740.707885,0.047
e572651326f1337845b6b98e94175d4dc9ec1338a73d1ab7ac61170ccaf88297,5d5cbd388a16ee5f19e2c8c5df4ac7a74ad36fdc9b8a8b0489074a41d61b6884,7746.625845,50.796
739faf50968804bd83adaade1c616b404ad02f354b6bb167295319b0ae5d9899,ca74b92087483a16a012c94b147c899e246570904c23a537cb8daeb2096ce52d,7750.376696,1.058
739faf50968804bd83adaade1c616b404ad02f354b6bb167295319b0ae5d9899,ca74b92087483a16a012c94b147c899e246570904c23a537cb8daeb2096ce52d,7750.815419,0.540
739faf50968804bd83adaade1c616b404ad02f354b6bb167295319b0ae5d9899,ca74b92087483a16a012c94b147c899e246570904c23a537cb8daeb2096ce52d,7755.929558,1.155
a279432833a21dc66309e252ef3f48f1ddc9eb706839d037a00b3f9f545c5e2d,96b2b81126ccc77b62f8e30b2d3ae9fd295c3bf035deab650d5cf4c57cf49796,7758.532819,0.067
e572651326f1337845b6b98e94175d4dc9ec1338a73d1ab7ac61170ccaf88297,d92f8485c6246b3992a693f22bcc446a2f3d552d1b0cecc3fe637dec8f61e1ac,7759.638487,114.993
e572651326f1337845b6b98e94175d4dc9ec1338a73d1ab7ac61170ccaf88297,518cd8f12974202d11b5a16a5437a6a560186fbe9584862c601084cbc18761c6,7763.019687,0.180
a12f22a3f771308d969fd56d18df65bf6960a4101a3daa4cef878997a2e1978b,664c8bd366fc401f874d793373a2aafc5a5a506e2e04d325d5d83557d6df7502,7769.067803,0.108
739faf50968804bd83adaade1c616b404ad02f354b6bb167295319b0ae5d9899,ca74b92087483a16a012c94b147c899e246570904c23a537cb8daeb2096ce52d,7769.209244,0.894
eddb92315799e0eaf5d18b84bc5948186fbc33c0190b04c815d75765a979435c,78ec164daacd5c9e215e76ca4dfb2d1ef3a94743f8b329a281a0e9782a09f749,7770.709301,66.290
e572651326f1337845b6b98e94175d4dc9ec1338a73d1ab7ac61170ccaf88297,d92f8485c6246b3992a693f22bcc446a2f3d552d1b0cecc3fe637dec8f61e1ac,7771.367678,18.064
e572651326f1337845b6b98e94175d4dc9ec1338a73d1ab7ac61170ccaf88297,d92f8485c6246b3992a693f22bcc446a2f3d552d1b0cecc3fe637dec8f61e1ac,7775.842481,40.023
e572651326f1337845b6b98e94175d4dc9ec1338a73d1ab7ac61170ccaf88297,518cd8f12974202d11b5a16a5437a6a560186fbe9584862c601084cbc18761c6,7776.396988,0.185
a279432833a21dc66309e252ef3f48f1ddc9eb706839d037a00b3f9f545c5e2d,7f0b52256911bed19622812b8483c07daf2e9103a269f567068ed939e33a2785,7780.624800,0.767
a12f22a3f771308d969fd56d18df65bf6960a4101a3daa4cef878997a2e1978b,5c9849d631846bbec88a0601bf6b0ba43d9e757dbe6f64ca8e4875ba49f7b794,7781.016074,12.176
64db848c9bc5db515c94ab30eee3c35decfe835ca8a6c40b0821fe30aaa04cdb,f219acf93580c06f4504a74e90b2f826094f3544ca2f60a49b929ab5d1f80d31,7781.035636,2.175
a7cf2f4bb45576518350fb91bb84800146f1dc257896e3b46b901095987e2a1c,0e0238481987246e775d487dc915a41e718967ef61dc0c3dbf5c2983b02dea84,7781.481892,41.502
739faf50968804bd83adaade1c616b404ad02f354b6bb167295319b0ae5d9899,ca74b92087483a16a012c94b147c899e246570904c23a537cb8daeb2096ce52d,7782.769029,2.352
87b8ec9b41644a8b32cf64798ee6e0d8d7e5948575669ae9c5a8435a10813266,b85146d6fb2fb1b37a7b668f36287a534543da7a2bc393eac28fd9e974908af0,7785.908639,2.093
739faf50968804bd83adaade1c616b404ad02f354b6bb167295319b0ae5d9899,ca74b92087483a16a012c94b147c899e246570904c23a537cb8daeb2096ce52d,7788.175507,0.798
b34e792718773cd207a3d3bb54979d4952f301dd15d6f091f57008f075958309,2f796c78515eb95a2d835ebf50326db182a91dce43f6d21d5785e80565851355,7789.055066,4.391
e572651326f1337845b6b98e94175d4dc9ec1338a73d1ab7ac61170ccaf88297,d92f8485c6246b3992a693f22bcc446a2f3d552d1b0cecc3fe637dec8f61e1ac,7798.175896,87.124
d9c9a39425c8044015e05eaf8330a6e48bad0e3edf1ec032098fb2c8b045c0b9,55b5c6b8e25e560a5244c522674fa8ad6f8dec1b83a702650726d57f2547c47c,7801.068861,0.015
739faf50968804bd83adaade1c616b404ad02f354b6bb167295319b0ae5d9899,ca74b92087483a16a012c94b147c899e246570904c23a537cb8daeb2096ce52d,7801.353262,0.329
e572651326f1337845b6b98e94175d4dc9ec1338a73d1ab7ac61170ccaf88297,518cd8f12974202d11b5a16a5437a6a560186fbe9584862c601084cbc18761c6,7806.680602,0.164
87b8ec9b41644a8b32cf64798ee6e0d8d7e5948575669ae9c5a8435a10813266,b85146d6fb2fb1b37a7b668f36287a534543da7a2bc393eac28fd9e974908af0,7810.262362,1.823
b2446308f35282348f1c6388346d932f610301eaa65bd0c283d8fb949d15e7cc,db87b76b1f5c22aeb78e8ddae62a3f5b78f28580d14b2d7f7f773702f2da3a3b,7818.070159,0.054
739faf50968804bd83adaade1c616b404ad02f354b6bb167295319b0ae5d9899,ca74b92087483a16a012c94b147c899e246570904c23a537cb8daeb2096ce52d,7818.921924,0.922
4bd219625127e9d2e12f7eb21015642ad64f42ea61a16f5577db0c2e7a54d4cf,97c31670ec24a392969c8bc769ded28f0ea827f99e77c918ebe894b02f4511dd,7819.709724,16.393
a12f22a3f771308d969fd56d18df65bf6960a4101a3daa4cef878997a2e1978b,5c9849d631846bbec88a0601bf6b0ba43d9e757dbe6f64ca8e4875ba49f7b794,7822.517725,12.438
739faf50968804bd83adaade1c616b404ad02f354b6bb167295319b0ae5d9899,ca74b92087483a16a012c94b147c899e246570904c23a537cb8daeb2096ce52d,7838.633992,0.387
739faf50968804bd83adaade1c616b404ad02f354b6bb167295319b0ae5d9899,ca74b92087483a16a012c94b147c899e246570904c23a537cb8daeb2096ce52d,7842.915902,0.632
a12f22a3f771308d969fd56d18df65bf6960a4101a3daa4cef878997a2e1978b,5c9849d631846bbec88a0601bf6b0ba43d9e757dbe6f64ca8e4875ba49f7b794,7846.837700,31.505
739faf50968804bd83adaade1c616b404ad02f354b6bb167295319b0ae5d9899,ca74b92087483a16a012c94b147c899e246570904c23a537cb8daeb2096ce52d,7849.286362,0.937
e572651326f1337845b6b98e94175d4dc9ec1338a73d1ab7ac61170ccaf88297,5d5cbd388a16ee5f19e2c8c5df4ac7a74ad36fdc9b8a8b0489074a41d61b6884,7855.256368,10.985
e572651326f1337845b6b98e94175d4dc9ec1338a73d1ab7ac61170ccaf88297,5d5cbd388a16ee5f19e2c8c5df4ac7a74ad36fdc9b8a8b0489074a41d61b6884,7855.291035,14.132
739faf50968804bd83adaade1c616b404ad02f354b6bb167295319b0ae5d9899,ca74b92087483a16a012c94b147c899e246570904c23a537cb8daeb2096ce52d,7860.672349,0.670
e572651326f1337845b6b98e94175d4dc9ec1338a73d1ab7ac61170ccaf88297,518cd8f12974202d11b5a16a5437a6a560186fbe9584862c601084cbc18761c6,7861.249903,0.094
739faf50968804bd83adaade1c616b404ad02f354b6bb167295319b0ae5d9899,ca74b92087483a16a012c94b147c899e246570904c23a537cb8daeb2096ce52d,7871.610610,0.854
eddb92315799e0eaf5d18b84bc5948186fbc33c0190b04c815d75765a979435c,9ecd2766ee6bd299d23bbc00b9a905d490ebeb2e675d857ef4f1bd4d5877c065,7878.479380,8.200
b34e792718773cd207a3d3bb54979d4952f301dd15d6f091f57008f075958309,2f796c78515eb95a2d835ebf50326db182a91dce43f6d21d5785e80565851355,7881.044897,9.674
e572651326f1337845b6b98e94175d4dc9ec1338a73d1ab7ac61170ccaf88297,d92f8485c6246b3992a693f22bcc446a2f3d552d1b0cecc3fe637dec8f61e1ac,7889.750039,66.595
aa09fd0de23af2f42704ea3f7a832860e356cb21fbe99fb4c513e0ac64da3ce9,a7220d0ede28b7b3aa0f0607ca44f14e871e76cab8c30bfd0134e64230326622,7896.888907,0.129
b34e792718773cd207a3d3bb54979d4952f301dd15d6f091f57008f075958309,541379714c2250706dfd8b76765ae74953f871377238b361a8666f510afeba58,7905.596079,106.433
e572651326f1337845b6b98e94175d4dc9ec1338a73d1ab7ac61170ccaf88297,d92f8485c6246b3992a693f22bcc446a2f3d552d1b0cecc3fe637dec8f61e1ac,7912.978772,111.784
e572651326f1337845b6b98e94175d4dc9ec1338a73d1ab7ac61170ccaf88297,d92f8485c6246b3992a693f22bcc446a2f3d552d1b0cecc3fe637dec8f61e1ac,7917.401511,71.334
a12f22a3f771308d969fd56d18df65bf6960a4101a3daa4cef878997a2e1978b,664c8bd366fc401f874d793373a2aafc5a5a506e2e04d325d5d83557d6df7502,7927.561693,0.048
a12f22a3f771308d969fd56d18df65bf6960a4101a3daa4cef878997a2e1978b,664c8bd366fc401f874d793373a2aafc5a5a506e2e04d325d5d83557d6df7502,7938.179756,0.037
e572651326f1337845b6b98e94175d4dc9ec1338a73d1ab7ac61170ccaf88297,518cd8f12974202d11b5a16a5437a6a560186fbe9584862c601084cbc18761c6,7940.697247,0.213
739faf50968804bd83adaade1c616b404ad02f354b6bb167295319b0ae5d9899,ca74b92087483a16a012c94b147c899e246570904c23a537cb8daeb2096ce52d,7943.197163,0.191
e572651326f1337845b6b98e94175d4dc9ec1338a73d1ab7ac61170ccaf88297,518cd8f12974202d11b5a16a5437a6a560186fbe9584862c601084cbc18761c6,7945.442253,0.280
cf54d1572c1d632986590f22a8313559a433bd667a10d3d3dae5912dcba6ea78,b259c1e9f9b5415e24c8b3e31485942012cde025f7115eb6c3b87d91de9ef892,7947.257494,0.061
efcdd56913d0ce6927045a6f4e8bc025d4bc3a901c3f657e7c0c0d52a157e940,d3001621518a70a020141bf2f78060d34d8b1d6a417c7d5ad0650366921617ac,7954.070477,0.147
cf54d1572c1d632986590f22a8313559a433bd667a10d3d3dae5912dcba6ea78,b259c1e9f9b5415e24c8b3e31485942012cde025f7115eb6c3b87d91de9ef892,7956.818449,0.081
e572651326f1337845b6b98e94175d4dc9ec1338a73d1ab7ac61170ccaf88297,d92f8485c6246b3992a693f22bcc446a2f3d552d1b0cecc3fe637dec8f61e1ac,7969.659029,100.961
e572651326f1337845b6b98e94175d4dc9ec1338a73d1ab7ac61170ccaf88297,5d5cbd388a16ee5f19e2c8c5df4ac7a74ad36fdc9b8a8b0489074a41d61b6884,7972.291769,32.761
e572651326f1337845b6b98e94175d4dc9ec1338a73d1ab7ac61170ccaf88297,d92f8485c6246b3992a693f22bcc446a2f3d552d1b0cecc3fe637dec8f61e1ac,7972.683260,88.499
a279432833a21dc66309e252ef3f48f1ddc9eb706839d037a00b3f9f545c5e2d,96b2b81126ccc77b62f8e30b2d3ae9fd295c3bf035deab650d5cf4c57cf49796,7975.265391,0.091
b34e792718773cd207a3d3bb54979d4952f301dd15d6f091f57008f075958309,541379714c2250706dfd8b76765ae74953f871377238b361a8666f510afeba58,7979.022922,40.455
e572651326f1337845b6b98e94175d4dc9ec1338a73d1ab7ac61170ccaf88297,d92f8485c6246b3992a693f22bcc446a2f3d552d1b0cecc3fe637dec8f61e1ac,7988.060534,227.193
87b8ec9b41644a8b32cf64798ee6e0d8d7e5948575669ae9c5a8435a10813266,13220cb8f5b7112c02f2481c968497db0f96a9b6d45bc7204086d9914d5596b5,7998.712306,47.580
739faf50968804bd83adaade1c616b404ad02f354b6bb167295319b0ae5d9899,ca74b92087483a16a012c94b147c899e246570904c23a537cb8daeb2096ce52d,7999.864920,0.360
739faf50968804bd83adaade1c616b404ad02f354b6bb167295319b0ae5d9899,ca74b92087483a16a012c94b147c899e246570904c23a537cb8daeb2096ce52d,8000.419828,0.819
739faf50968804bd83adaade1c616b404ad02f354b6bb167295319b0ae5d9899,ca74b92087483a16a012c94b147c899e246570904c23a537cb8daeb2096ce52d,8006.505100,0.235
e572651326f1337845b6b98e94175d4dc9ec1338a73d1ab7ac61170ccaf88297,d92f8485c6246b3992a693f22bcc446a2f3d552d1b0cecc3fe637dec8f61e1ac,8012.678781,59.378
efcdd56913d0ce6927045a6f4e8bc025d4bc3a901c3f657e7c0c0d52a157e940,d3001621518a70a020141bf2f78060d34d8b1d6a417c7d5ad0650366921617ac,8020.751847,0.318
739faf50968804bd83adaade1c616b404ad02f354b6bb167295319b0ae5d9899,ca74b92087483a16a012c94b147c899e246570904c23a537cb8daeb2096ce52d,8033.209884,0.429
e572651326f1337845b6b98e94175d4dc9ec1338a73d1ab7ac61170ccaf88297,518cd8f12974202d11b5a16a5437a6a560186fbe9584862c601084cbc18761c6,8045.085699,0.176
87b8ec9b41644a8b32cf64798ee6e0d8d7e5948575669ae9c5a8435a10813266,13220cb8f5b7112c02f2481c968497db0f96a9b6d45bc7204086d9914d5596b5,8046.543234,131.695
64db848c9bc5db515c94ab30eee3c35decfe835ca8a6c40b0821fe30aaa04cdb,f219acf93580c06f4504a74e90b2f826094f3544ca2f60a49b929ab5d1f80d31,8051.436480,2.572
d9c9a39425c8044015e05eaf8330a6e48bad0e3edf1ec032098fb2c8b045c0b9,7fd157a7b694ec9235842e5191f04eb673f536c6f3bb37a9dc868eaeb977de9b,8056.658394,0.596
aa09fd0de23af2f42704ea3f7a832860e356cb21fbe99fb4c513e0ac64da3ce9,a7220d0ede28b7b3aa0f0607ca44f14e871e76cab8c30bfd0134e64230326622,8057.280455,0.127
e572651326f1337845b6b98e94175d4dc9ec1338a73d1ab7ac61170ccaf88297,518cd8f12974202d11b5a16a5437a6a560186fbe9584862c601084cbc18761c6,8061.561014,0.128
739faf50968804bd83adaade1c616b404ad02f354b6bb167295319b0ae5d9899,ca74b92087483a16a012c94b147c899e246570904c23a537cb8daeb2096ce52d,8061.936202,1.740
d9c9a39425c8044015e05eaf8330a6e48bad0e3edf1ec032098fb2c8b045c0b9,55b5c6b8e25e560a5244c522674fa8ad6f8dec1b83a702650726d57f2547c47c,8064.609944,0.062
cf54d1572c1d632986590f22a8313559a433bd667a10d3d3dae5912dcba6ea78,b259c1e9f9b5415e24c8b3e31485942012cde025f7115eb6c3b87d91de9ef892,8067.043403,0.048
d9c9a39425c8044015e05eaf8330a6e48bad0e3edf1ec032098fb2c8b045c0b9,55b5c6b8e25e560a5244c522674fa8ad6f8dec1b83a702650726d57f2547c47c,8086.300556,0.072
e572651326f1337845b6b98e94175d4dc9ec1338a73d1ab7ac61170ccaf88297,5d5cbd388a16ee5f19e2c8c5df4ac7a74ad36fdc9b8a8b0489074a41d61b6884,8090.725600,3.465
e572651326f1337845b6b98e94175d4dc9ec1338a73d1ab7ac61170ccaf88297,d92f8485c6246b3992a693f22bcc446a2f3d552d1b0cecc3fe637dec8f61e1ac,8094.285567,103.607
739faf50968804bd83adaade1c616b404ad02f354b6bb167295319b0ae5d9899,ca74b92087483a16a012c94b147c899e246570904c23a537cb8daeb2096ce52d,8099.888292,1.229
e572651326f1337845b6b98e94175d4dc9ec1338a73d1ab7ac61170ccaf88297,5d5cbd388a16ee5f19e2c8c5df4ac7a74ad36fdc9b8a8b0489074a41d61b6884,8106.978288,20.700
b2446308f35282348f1c6388346d932f610301eaa65bd0c283d8fb949d15e7cc,db87b76b1f5c22aeb78e8ddae62a3f5b78f28580d14b2d7f7f773702f2da3a3b,8109.927787,0.087
d9c9a39425c8044015e05eaf8330a6e48bad0e3edf1ec032098fb2c8b045c0b9,55b5c6b8e25e560a5244c522674fa8ad6f8dec1b83a702650726d57f2547c47c,8111.173822,0.013
739faf50968804bd83adaade1c616b404ad02f354b6bb167295319b0ae5d9899,ca74b92087483a16a012c94b147c899e246570904c23a537cb8daeb2096ce52d,8126.521484,0.463
739faf50968804bd83adaade1c616b404ad02f354b6bb167295319b0ae5d9899,ca74b92087483a16a012c94b147c899e246570904c23a537cb8daeb2096ce52d,8145.462662,0.764
e572651326f1337845b6b98e94175d4dc9ec1338a73d1ab7ac61170ccaf88297,d92f8485c6246b3992a693f22bcc446a2f3d552d1b0cecc3fe637dec8f61e1ac,8150.054809,65.746
aa09fd0de23af2f42704ea3f7a832860e356cb21fbe99fb4c513e0ac64da3ce9,a7220d0ede28b7b3aa0f0607ca44f14e871e76cab8c30bfd0134e64230326622,8159.119251,0.053
cf54d1572c1d632986590f22a8313559a433bd667a10d3d3dae5912dcba6ea78,b259c1e9f9b5415e24c8b3e31485942012cde025f7115eb6c3b87d91de9ef892,8159.305668,0.162
d9c9a39425c8044015e05eaf8330a6e48bad0e3edf1ec032098fb2c8b045c0b9,55b5c6b8e25e560a5244c522674fa8ad6f8dec1b83a702650726d57f2547c47c,8165.305152,0.095
a12f22a3f771308d969fd56d18df65bf6960a4101a3daa4cef878997a2e1978b,664c8bd366fc401f874d793373a2aafc5a5a506e2e04d325d5d83557d6df7502,8165.926793,0.048
739faf50968804bd83adaade1c616b404ad02f354b6bb167295319b0ae5d9899,ca74b92087483a16a012c94b147c899e246570904c23a537cb8daeb2096ce52d,8166.778180,0.745
b34e792718773cd207a3d3bb54979d4952f301dd15d6f091f57008f075958309,2f796c78515eb95a2d835ebf50326db182a91dce43f6d21d5785e80565851355,8168.951177,3.295
e572651326f1337845b6b98e94175d4dc9ec1338a73d1ab7ac61170ccaf88297,5d5cbd388a16ee5f19e2c8c5df4ac7a74ad36fdc9b8a8b0489074a41d61b6884,8172.138272,9.622
cf54d1572c1d632986590f22a8313559a433bd667a10d3d3dae5912dcba6ea78,b259c1e9f9b5415e24c8b3e31485942012cde025f7115eb6c3b87d91de9ef892,8179.822309,0.035
739faf50968804bd83adaade1c616b404ad02f354b6bb167295319b0ae5d9899,ca74b92087483a16a012c94b147c899e246570904c23a537cb8daeb2096ce52d,8188.935353,0.866
4bd219625127e9d2e12f7eb21015642ad64f42ea61a16f5577db0c2e7a54d4cf,1b9ff14203f132f3ca0342f8491d5b4e61000dbca9a88d6ef78132611cf99466,8193.814718,7.466
739faf50968804bd83adaade1c616b404ad02f354b6bb167295319b0ae5d9899,ca74b92087483a16a012c94b147c899e246570904c23a537cb8daeb2096ce52d,8195.756378,1.346
739faf50968804bd83adaade1c616b404ad02f354b6bb167295319b0ae5d9899,ca74b92087483a16a012c94b147c899e246570904c23a537cb8daeb2096ce52d,8197.375197,0.394
f7b8083a0342944f477b97a321506ae52fc6e2e76bf6042f2280c281f43ee10d,d414dfb669aa29482336ef26db33feead9a3bd71190ba5d44412a9f8bedf26de,8203.710458,24.355
e572651326f1337845b6b98e94175d4dc9ec1338a73d1ab7ac61170ccaf88297,d92f8485c6246b3992a693f22bcc446a2f3d552d1b0cecc3fe637dec8f61e1ac,8207.173913,27.805
739faf50968804bd83adaade1c616b404ad02f354b6bb167295319b0ae5d9899,ca74b92087483a16a012c94b147c899e246570904c23a537cb8daeb2096ce52d,8215.750467,1.081
d9c9a39425c8044015e05eaf8330a6e48bad0e3edf1ec032098fb2c8b045c0b9,7fd157a7b694ec9235842e5191f04eb673f536c6f3bb37a9dc868eaeb977de9b,8234.550908,0.355
739faf50968804bd83adaade1c616b404ad02f354b6bb167295319b0ae5d9899,ca74b92087483a16a012c94b147c899e246570904c23a537cb8daeb2096ce52d,8235.979969,0.566
739faf50968804bd83adaade1c616b404ad02f354b6bb167295319b0ae5d9899,ca74b92087483a16a012c94b147c899e246570904c23a537cb8daeb2096ce52d,8241.707012,1.587
f4930f068e300bc29cc1ba31414e01d1eaf55b1607c65985536c868ec9323990,f98b902a5d78635ca9426bf7b222c0f2e63e8316254891c86ab6c55292b5c8b2,8247.670664,0.207
d9c9a39425c8044015e05eaf8330a6e48bad0e3edf1ec032098fb2c8b045c0b9,55b5c6b8e25e560a5244c522674fa8ad6f8dec1b83a702650726d57f2547c47c,8248.672100,0.041
87b8ec9b41644a8b32cf64798ee6e0d8d7e5948575669ae9c5a8435a10813266,b85146d6fb2fb1b37a7b668f36287a534543da7a2bc393eac28fd9e974908af0,8252.695582,6.018
e572651326f1337845b6b98e94175d4dc9ec1338a73d1ab7ac61170ccaf88297,518cd8f12974202d11b5a16a5437a6a560186fbe9584862c601084cbc18761c6,8257.415382,0.233
a12f22a3f771308d969fd56d18df65bf6960a4101a3daa4cef878997a2e1978b,664c8bd366fc401f874d793373a2aafc5a5a506e2e04d325d5d83557d6df7502,8264.311093,0.037
739faf50968804bd83adaade1c616b404ad02f354b6bb167295319b0ae5d9899,ca74b92087483a16a012c94b147c899e246570904c23a537cb8daeb2096ce52d,8273.668827,0.429
eddb92315799e0eaf5d18b84bc5948186fbc33c0190b04c815d75765a979435c,110010ce3452fe8d402b60888cc981d5c1f099fa94092e745a629835ecdb9f51,8275.352459,0.032
739faf50968804bd83adaade1c616b404ad02f354b6bb167295319b0ae5d9899,ca74b92087483a16a012c94b147c899e246570904c23a537cb8daeb2096ce52d,8275.845534,1.443
739faf50968804bd83adaade1c616b404ad02f354b6bb167295319b0ae5d9899,ca74b92087483a16a012c94b147c899e246570904c23a537cb8daeb2096ce52d,8285.464742,0.850
739faf50968804bd83adaade1c616b404ad02f354b6bb167295319b0ae5d9899,ca74b92087483a16a012c94b147c899e246570904c23a537cb8daeb2096ce52d,8285.907179,1.245
a12f22a3f771308d969fd56d18df65bf6960a4101a3daa4cef878997a2e1978b,5c9849d631846bbec88a0601bf6b0ba43d9e757dbe6f64ca8e4875ba49f7b794,8301.886123,22.631
739faf50968804bd83adaade1c616b404ad02f354b6bb167295319b0ae5d9899,ca74b92087483a16a012c94b147c899e246570904c23a537cb8daeb2096ce52d,8302.771583,0.551
739faf50968804bd83adaade1c616b404ad02f354b6bb167295319b0ae5d9899,ca74b92087483a16a012c94b147c899e246570904c23a537cb8daeb2096ce52d,8303.296917,1.000
e572651326f1337845b6b98e94175d4dc9ec1338a73d1ab7ac61170ccaf88297,d92f8485c6246b3992a693f22bcc446a2f3d552d1b0cecc3fe637dec8f61e1ac,8309.337816,81.110
d9c9a39425c8044015e05eaf8330a6e48bad0e3edf1ec032098fb2c8b045c0b9,7fd157a7b694ec9235842e5191f04eb673f536c6f3bb37a9dc868eaeb977de9b,8310.426280,1.088
a12f22a3f771308d969fd56d18df65bf6960a4101a3daa4cef878997a2e1978b,5c9849d631846bbec88a0601bf6b0ba43d9e757dbe6f64ca8e4875ba49f7b794,8311.882220,23.375
e572651326f1337845b6b98e94175d4dc9ec1338a73d1ab7ac61170ccaf88297,518cd8f12974202d11b5a16a5437a6a560186fbe9584862c601084cbc18761c6,8331.891005,1.057
739faf50968804bd83adaade1c616b404ad02f354b6bb167295319b0ae5d9899,ca74b92087483a16a012c94b147c899e246570904c23a537cb8daeb2096ce52d,8332.236450,1.628
e572651326f1337845b6b98e94175d4dc9ec1338a73d1ab7ac61170ccaf88297,518cd8f12974202d11b5a16a5437a6a560186fbe9584862c601084cbc18761c6,8332.765341,0.469
cf54d1572c1d632986590f22a8313559a433bd667a10d3d3dae5912dcba6ea78,b259c1e9f9b5415e24c8b3e31485942012cde025f7115eb6c3b87d91de9ef892,8347.477900,0.012
f4930f068e300bc29cc1ba31414e01d1eaf55b1607c65985536c868ec9323990,f98b902a5d78635ca9426bf7b222c0f2e63e8316254891c86ab6c55292b5c8b2,8349.293139,0.279
739faf50968804bd83adaade1c616b404ad02f354b6bb167295319b0ae5d9899,ca74b92087483a16a012c94b147c899e246570904c23a537cb8daeb2096ce52d,8350.357151,0.724
e572651326f1337845b6b98e94175d4dc9ec1338a73d1ab7ac61170ccaf88297,d92f8485c6246b3992a693f22bcc446a2f3d552d1b0cecc3fe637dec8f61e1ac,8359.322316,100.738
739faf50968804bd83adaade1c616b404ad02f354b6bb167295319b0ae5d9899,ca74b92087483a16a012c94b147c899e246570904c23a537cb8daeb2096ce52d,8359.419048,2.156
739faf50968804bd83adaade1c616b404ad02f354b6bb167295319b0ae5d9899,ca74b92087483a16a012c94b147c899e246570904c23a537cb8daeb2096ce52d,8366.485720,1.577
7475824cc4748c3fc8576d1ba486950f36d81d9cb5336cc1da801ef313b516d8,eac0d7c37985ac4669b288f34505f79c6df5fc76371ca3b80b783133b39adfbd,8371.831409,86.089
aa09fd0de23af2f42704ea3f7a832860e356cb21fbe99fb4c513e0ac64da3ce9,a7220d0ede28b7b3aa0f0607ca44f14e871e76cab8c30bfd0134e64230326622,8375.520492,0.044
a12f22a3f771308d969fd56d18df65bf6960a4101a3daa4cef878997a2e1978b,664c8bd366fc401f874d793373a2aafc5a5a506e2e04d325d5d83557d6df7502,8376.308008,0.042
739faf50968804bd83adaade1c616b404ad02f354b6bb167295319b0ae5d9899,ca74b92087483a16a012c94b147c899e246570904c23a537cb8daeb2096ce52d,8378.821347,0.454
739faf50968804bd83adaade1c616b404ad02f354b6bb167295319b0ae5d9899,ca74b92087483a16a012c94b147c899e246570904c23a537cb8daeb2096ce52d,8380.211243,1.253
aa09fd0de23af2f42704ea3f7a832860e356cb21fbe99fb4c513e0ac64da3ce9,a7220d0ede28b7b3aa0f0607ca44f14e871e76cab8c30bfd0134e64230326622,8382.071175,0.013
aa09fd0de23af2f42704ea3f7a832860e356cb21fbe99fb4c513e0ac64da3ce9,a7220d0ede28b7b3aa0f0607ca44f14e871e76cab8c30bfd0134e64230326622,8387.575343,0.048
739faf50968804bd83adaade1c616b404ad02f354b6bb167295319b0ae5d9899,ca74b92087483a16a012c94b147c899e246570904c23a537cb8daeb2096ce52d,8394.969831,2.191
739faf50968804bd83adaade1c616b404ad02f354b6bb167295319b0ae5d9899,ca74b92087483a16a012c94b147c899e246570904c23a537cb8daeb2096ce52d,8400.667935,0.489
4bd219625127e9d2e12f7eb21015642ad64f42ea61a16f5577db0c2e7a54d4cf,1b9ff14203f132f3ca0342f8491d5b4e61000dbca9a88d6ef78132611cf99466,8401.195331,1.845
739faf50968804bd83adaade1c616b404ad02f354b6bb167295319b0ae5d9899,ca74b92087483a16a012c94b147c899e246570904c23a537cb8daeb2096ce52d,8403.721901,0.500
e572651326f1337845b6b98e94175d4dc9ec1338a73d1ab7ac61170ccaf88297,518cd8f12974202d11b5a16a5437a6a560186fbe9584862c601084cbc18761c6,8405.781106,0.665
e572651326f1337845b6b98e94175d4dc9ec1338a73d1ab7ac61170ccaf88297,518cd8f12974202d11b5a16a5437a6a560186fbe9584862c601084cbc18761c6,8415.771414,0.156
739faf50968804bd83adaade1c616b404ad02f354b6bb167295319b0ae5d9899,ca74b92087483a16a012c94b147c899e246570904c23a537cb8daeb2096ce52d,8420.939630,0.309
e572651326f1337845b6b98e94175d4dc9ec1338a73d1ab7ac61170ccaf88297,d92f8485c6246b3992a693f22bcc446a2f3d552d1b0cecc3fe637dec8f61e1ac,8428.818997,32.515
e572651326f1337845b6b98e94175d4dc9ec1338a73d1ab7ac61170ccaf88297,518cd8f12974202d11b5a16a5437a6a560186fbe9584862c601084cbc18761c6,8435.349161,0.199
d9c9a39425c8044015e05eaf8330a6e48bad0e3edf1ec032098fb2c8b045c0b9,7fd157a7b694ec9235842e5191f04eb673f536c6f3bb37a9dc868eaeb977de9b,8435.367973,0.586
e572651326f1337845b6b98e94175d4dc9ec1338a73d1ab7ac61170ccaf88297,d92f8485c6246b3992a693f22bcc446a2f3d552d1b0cecc3fe637dec8f61e1ac,8446.558544,7.084
739faf50968804bd83adaade1c616b404ad02f354b6bb167295319b0ae5d9899,ca74b92087483a16a012c94b147c899e246570904c23a537cb8daeb2096ce52d,8446.651528,1.136
d9c9a39425c8044015e05eaf8330a6e48bad0e3edf1ec032098fb2c8b045c0b9,7fd157a7b694ec9235842e5191f04eb673f536c6f3bb37a9dc868eaeb977de9b,8454.507164,0.353
e572651326f1337845b6b98e94175d4dc9ec1338a73d1ab7ac61170ccaf88297,d92f8485c6246b3992a693f22bcc446a2f3d552d1b0cecc3fe637dec8f61e1ac,8454.952393,50.628
e572651326f1337845b6b98e94175d4dc9ec1338a73d1ab7ac61170ccaf88297,518cd8f12974202d11b5a16a5437a6a560186fbe9584862c601084cbc18761c6,8456.787383,0.129
b34e792718773cd207a3d3bb54979d4952f301dd15d6f091f57008f075958309,541379714c2250706dfd8b76765ae74953f871377238b361a8666f510afeba58,8458.355325,22.426
e572651326f1337845b6b98e94175d4dc9ec1338a73d1ab7ac61170ccaf88297,518cd8f12974202d11b5a16a5437a6a560186fbe9584862c601084cbc18761c6,8458.556393,0.442
cf54d1572c1d632986590f22a8313559a433bd667a10d3d3dae5912dcba6ea78,b259c1e9f9b5415e24c8b3e31485942012cde025f7115eb6c3b87d91de9ef892,8462.018090,0.045
7475824cc4748c3fc8576d1ba486950f36d81d9cb5336cc1da801ef313b516d8,eac0d7c37985ac4669b288f34505f79c6df5fc76371ca3b80b783133b39adfbd,8464.478541,49.355
64db848c9bc5db515c94ab30eee3c35decfe835ca8a6c40b0821fe30aaa04cdb,f219acf93580c06f4504a74e90b2f826094f3544ca2f60a49b929ab5d1f80d31,8465.430684,3.941
b2446308f35282348f1c6388346d932f610301eaa65bd0c283d8fb949d15e7cc,d206b500d8a622c7c6e606402b6f218d95ee19d6805d57bd7d6698351eea831a,8466.993054,64.657
739faf50968804bd83adaade1c616b404ad02f354b6bb167295319b0ae5d9899,ca74b92087483a16a012c94b147c899e246570904c23a537cb8daeb2096ce52d,8469.120854,0.269
b2446308f35282348f1c6388346d932f610301eaa65bd0c283d8fb949d15e7cc,d206b500d8a622c7c6e606402b6f218d95ee19d6805d57bd7d6698351eea831a,8479.701097,145.202
e572651326f1337845b6b98e94175d4dc9ec1338a73d1ab7ac61170ccaf88297,5d5cbd388a16ee5f19e2c8c5df4ac7a74ad36fdc9b8a8b0489074a41d61b6884,8484.427359,5.263
e572651326f1337845b6b98e94175d4dc9ec1338a73d1ab7ac61170ccaf88297,d92f8485c6246b3992a693f22bcc446a2f3d552d1b0cecc3fe637dec8f61e1ac,8485.888875,37.216
e572651326f1337845b6b98e94175d4dc9ec1338a73d1ab7ac61170ccaf88297,d92f8485c6246b3992a693f22bcc446a2f3d552d1b0cecc3fe637dec8f61e1ac,8486.089498,59.085
739faf50968804bd83adaade1c616b404ad02f354b6bb167295319b0ae5d9899,ca74b92087483a16a012c94b147c899e246570904c23a537cb8daeb2096ce52d,8494.141329,2.713
87b8ec9b41644a8b32cf64798ee6e0d8d7e5948575669ae9c5a8435a10813266,b85146d6fb2fb1b37a7b668f36287a534543da7a2bc393eac28fd9e974908af0,8500.898979,3.626
e572651326f1337845b6b98e94175d4dc9ec1338a73d1ab7ac61170ccaf88297,5d5cbd388a16ee5f19e2c8c5df4ac7a74ad36fdc9b8a8b0489074a41d61b6884,8509.146965,14.837
e572651326f1337845b6b98e94175d4dc9ec1338a73d1ab7ac61170ccaf88297,518cd8f12974202d11b5a16a5437a6a560186fbe9584862c601084cbc18761c6,8513.596685,0.210
739faf50968804bd83adaade1c616b404ad02f354b6bb167295319b0ae5d9899,ca74b92087483a16a012c94b147c899e246570904c23a537cb8daeb2096ce52d,8517.796376,0.328
739faf50968804bd83adaade1c616b404ad02f354b6bb167295319b0ae5d9899,ca74b92087483a16a012c94b147c899e246570904c23a537cb8daeb2096ce52d,8518.649622,1.274
d9c9a39425c8044015e05eaf8330a6e48bad0e3edf1ec032098fb2c8b045c0b9,55b5c6b8e25e560a5244c522674fa8ad6f8dec1b83a702650726d57f2547c47c,8525.354222,0.032
87b8ec9b41644a8b32cf64798ee6e0d8d7e5948575669ae9c5a8435a10813266,9d4311638952a6ecefb68603a4ade3f6aedf1ff5a2f359c67bbef939d6a2e6dc,8526.947003,0.257
739faf50968804bd83adaade1c616b404ad02f354b6bb167295319b0ae5d9899,ca74b92087483a16a012c94b147c899e246570904c23a537cb8daeb2096ce52d,8528.518134,1.026
739faf50968804bd83adaade1c616b404ad02f354b6bb167295319b0ae5d9899,ca74b92087483a16a012c94b147c899e246570904c23a537cb8daeb2096ce52d,8529.966723,1.328
b2446308f35282348f1c6388346d932f610301eaa65bd0c283d8fb949d15e7cc,d206b500d8a622c7c6e606402b6f218d95ee19d6805d57bd7d6698351eea831a,8533.199682,38.612
739faf50968804bd83adaade1c616b404ad02f354b6bb167295319b0ae5d9899,ca74b92087483a16a012c94b147c899e246570904c23a537cb8daeb2096ce52d,8538.599439,0.302
a279432833a21dc66309e252ef3f48f1ddc9eb706839d037a00b3f9f545c5e2d,96b2b81126ccc77b62f8e30b2d3ae9fd295c3bf035deab650d5cf4c57cf49796,8539.738636,0.034
d9c9a39425c8044015e05eaf8330a6e48bad0e3edf1ec032098fb2c8b045c0b9,55b5c6b8e25e560a5244c522674fa8ad6f8dec1b83a702650726d57f2547c47c,8540.484509,0.054
d9c9a39425c8044015e05eaf8330a6e48bad0e3edf1ec032098fb2c8b045c0b9,55b5c6b8e25e560a5244c522674fa8ad6f8dec1b83a702650726d57f2547c47c,8548.660922,0.047
d9c9a39425c8044015e05eaf8330a6e48bad0e3edf1ec032098fb2c8b045c0b9,7fd157a7b694ec9235842e5191f04eb673f536c6f3bb37a9dc868eaeb977de9b,8561.106997,0.191
e572651326f1337845b6b98e94175d4dc9ec1338a73d1ab7ac61170ccaf88297,518cd8f12974202d11b5a16a5437a6a560186fbe9584862c601084cbc18761c6,8561.689107,0.167
739faf50968804bd83adaade1c616b404ad02f354b6bb167295319b0ae5d9899,ca74b92087483a16a012c94b147c899e246570904c23a537cb8daeb2096ce52d,8563.710585,2.369
739faf50968804bd83adaade1c616b404ad02f354b6bb167295319b0ae5d9899,ca74b92087483a16a012c94b147c899e246570904c23a537cb8daeb2096ce52d,8565.457334,1.078
739faf50968804bd83adaade1c616b404ad02f354b6bb167295319b0ae5d9899,ca74b92087483a16a012c94b147c899e246570904c23a537cb8daeb2096ce52d,8574.404311,1.417
e572651326f1337845b6b98e94175d4dc9ec1338a73d1ab7ac61170ccaf88297,518cd8f12974202d11b5a16a5437a6a560186fbe9584862c601084cbc18761c6,8575.100599,0.199
aa09fd0de23af2f42704ea3f7a832860e356cb21fbe99fb4c513e0ac64da3ce9,a7220d0ede28b7b3aa0f0607ca44f14e871e76cab8c30bfd0134e64230326622,8582.769656,0.060
739faf50968804bd83adaade1c616b404ad02f354b6bb167295319b0ae5d9899,ca74b92087483a16a012c94b147c899e246570904c23a537cb8daeb2096ce52d,8593.580740,0.674
87b8ec9b41644a8b32cf64798ee6e0d8d7e5948575669ae9c5a8435a10813266,b85146d6fb2fb1b37a7b668f36287a534543da7a2bc393eac28fd9e974908af0,8601.094724,3.196
e572651326f1337845b6b98e94175d4dc9ec1338a73d1ab7ac61170ccaf88297,5d5cbd388a16ee5f19e2c8c5df4ac7a74ad36fdc9b8a8b0489074a41d61b6884,8603.636497,5.358
e572651326f1337845b6b98e94175d4dc9ec1338a73d1ab7ac61170ccaf88297,d92f8485c6246b3992a693f22bcc446a2f3d552d1b0cecc3fe637dec8f61e1ac,8608.717285,98.398
aa09fd0de23af2f42704ea3f7a832860e356cb21fbe99fb4c513e0ac64da3ce9,a7220d0ede28b7b3aa0f0607ca44f14e871e76cab8c30bfd0134e64230326622,8614.965295,0.068
739faf50968804bd83adaade1c616b404ad02f354b6bb167295319b0ae5d9899,ca74b92087483a16a012c94b147c899e246570904c23a537cb8daeb2096ce52d,8627.825401,0.462
e572651326f1337845b6b98e94175d4dc9ec1338a73d1ab7ac61170ccaf88297,518cd8f12974202d11b5a16a5437a6a560186fbe9584862c601084cbc18761c6,8634.235648,0.284
e572651326f1337845b6b98e94175d4dc9ec1338a73d1ab7ac61170ccaf88297,5d5cbd388a16ee5f19e2c8c5df4ac7a74ad36fdc9b8a8b0489074a41d61b6884,8635.805206,3.789
b34e792718773cd207a3d3bb54979d4952f301dd15d6f091f57008f075958309,2f796c78515eb95a2d835ebf50326db182a91dce43f6d21d5785e80565851355,8637.869751,2.494
99ae030b60cf247520cab75889c7e2f4c8be9422fce8cc2dc30c53820d8e487b,68b7a052a1a75027d0ba4031c39237121a4d32fa66b59c585684af85c61349ac,8639.917158,0.102
a12f22a3f771308d969fd56d18df65bf6960a4101a3daa4cef878997a2e1978b,5c9849d631846bbec88a0601bf6b0ba43d9e757dbe6f64ca8e4875ba49f7b794,8647.562561,15.288
739faf50968804bd83adaade1c616b404ad02f354b6bb167295319b0ae5d9899,ca74b92087483a16a012c94b147c899e246570904c23a537cb8daeb2096ce52d,8648.855348,1.191
739faf50968804bd83adaade1c616b404ad02f354b6bb167295319b0ae5d9899,ca74b92087483a16a012c94b147c899e246570904c23a537cb8daeb2096ce52d,8663.464575,0.811
aa09fd0de23af2f42704ea3f7a832860e356cb21fbe99fb4c513e0ac64da3ce9,a7220d0ede28b7b3aa0f0607ca44f14e871e76cab8c30bfd0134e64230326622,8663.479023,0.034
e572651326f1337845b6b98e94175d4dc9ec1338a73d1ab7ac61170ccaf88297,5d5cbd388a16ee5f19e2c8c5df4ac7a74ad36fdc9b8a8b0489074a41d61b6884,8670.694119,10.083
e572651326f1337845b6b98e94175d4dc9ec1338a73d1ab7ac61170ccaf88297,d92f8485c6246b3992a693f22bcc446a2f3d552d1b0cecc3fe637dec8f61e1ac,8689.953300,96.505
a12f22a3f771308d969fd56d18df65bf6960a4101a3daa4cef878997a2e1978b,664c8bd366fc401f874d793373a2aafc5a5a506e2e04d325d5d83557d6df7502,8704.273404,0.032
b34e792718773cd207a3d3bb54979d4952f301dd15d6f091f57008f075958309,541379714c2250706dfd8b76765ae74953f871377238b361a8666f510afeba58,8708.653243,46.732
e572651326f1337845b6b98e94175d4dc9ec1338a73d1ab7ac61170ccaf88297,5d5cbd388a16ee5f19e2c8c5df4ac7a74ad36fdc9b8a8b0489074a41d61b6884,8708.910851,18.246
a279432833a21dc66309e252ef3f48f1ddc9eb706839d037a00b3f9f545c5e2d,7f0b52256911bed19622812b8483c07daf2e9103a269f567068ed939e33a2785,8709.123875,0.878
e572651326f1337845b6b98e94175d4dc9ec1338a73d1ab7ac61170ccaf88297,518cd8f12974202d11b5a16a5437a6a560186fbe9584862c601084cbc18761c6,8711.113940,0.104
739faf50968804bd83adaade1c616b404ad02f354b6bb167295319b0ae5d9899,ca74b92087483a16a012c94b147c899e246570904c23a537cb8daeb2096ce52d,8711.673640,0.763
f4930f068e300bc29cc1ba31414e01d1eaf55b1607c65985536c868ec9323990,46a59e3a4d9e4fefe6b34e678125ce95ab071f1126ec503557f26ec575c1941b,8723.073151,1.122
739faf50968804bd83adaade1c616b404ad02f354b6bb167295319b0ae5d9899,ca74b92087483a16a012c94b147c899e246570904c23a537cb8daeb2096ce52d,8728.509603,1.324
739faf50968804bd83adaade1c616b404ad02f354b6bb167295319b0ae5d9899,ca74b92087483a16a012c94b147c899e246570904c23a537cb8daeb2096ce52d,8731.521270,1.110
64db848c9bc5db515c94ab30eee3c35decfe835ca8a6c40b0821fe30aaa04cdb,f219acf93580c06f4504a74e90b2f826094f3544ca2f60a49b929ab5d1f80d31,8734.422198,5.325
87b8ec9b41644a8b32cf64798ee6e0d8d7e5948575669ae9c5a8435a10813266,9d4311638952a6ecefb68603a4ade3f6aedf1ff5a2f359c67bbef939d6a2e6dc,8734.821120,0.935
efcdd56913d0ce6927045a6f4e8bc025d4bc3a901c3f657e7c0c0d52a157e940,d3001621518a70a020141bf2f78060d34d8b1d6a417c7d5ad0650366921617ac,8751.845497,0.325
b2446308f35282348f1c6388346d932f610301eaa65bd0c283d8fb949d15e7cc,d206b500d8a622c7c6e606402b6f218d95ee19d6805d57bd7d6698351eea831a,8752.415448,63.656
e572651326f1337845b6b98e94175d4dc9ec1338a73d1ab7ac61170ccaf88297,5d5cbd388a16ee5f19e2c8c5df4ac7a74ad36fdc9b8a8b0489074a41d61b6884,8753.698606,25.902
739faf50968804bd83adaade1c616b404ad02f354b6bb167295319b0ae5d9899,ca74b92087483a16a012c94b147c899e246570904c23a537cb8daeb2096ce52d,8760.412584,1.249
739faf50968804bd83adaade1c616b404ad02f354b6bb167295319b0ae5d9899,ca74b92087483a16a012c94b147c899e246570904c23a537cb8daeb2096ce52d,8766.834558,0.254
cf54d1572c1d632986590f22a8313559a433bd667a10d3d3dae5912dcba6ea78,b259c1e9f9b5415e24c8b3e31485942012cde025f7115eb6c3b87d91de9ef892,8766.991804,0.066
e572651326f1337845b6b98e94175d4dc9ec1338a73d1ab7ac61170ccaf88297,d92f8485c6246b3992a693f22bcc446a2f3d552d1b0cecc3fe637dec8f61e1ac,8777.716866,150.618
739faf50968804bd83adaade1c616b404ad02f354b6bb167295319b0ae5d9899,ca74b92087483a16a012c94b147c899e246570904c23a537cb8daeb2096ce52d,8778.543398,1.344
739faf50968804bd83adaade1c616b404ad02f354b6bb167295319b0ae5d9899,ca74b92087483a16a012c94b147c899e246570904c23a537cb8daeb2096ce52d,8782.372634,0.766
739faf50968804bd83adaade1c616b404ad02f354b6bb167295319b0ae5d9899,ca74b92087483a16a012c94b147c899e246570904c23a537cb8daeb2096ce52d,8787.111141,1.142
e572651326f1337845b6b98e94175d4dc9ec1338a73d1ab7ac61170ccaf88297,5d5cbd388a16ee5f19e2c8c5df4ac7a74ad36fdc9b8a8b0489074a41d61b6884,8789.076072,40.835
739faf50968804bd83adaade1c616b404ad02f354b6bb167295319b0ae5d9899,ca74b92087483a16a012c94b147c899e246570904c23a537cb8daeb2096ce52d,8790.821058,0.223
739faf50968804bd83adaade1c616b404ad02f354b6bb167295319b0ae5d9899,ca74b92087483a16a012c94b147c899e246570904c23a537cb8daeb2096ce52d,8791.766981,0.403
739faf50968804bd83adaade1c616b404ad02f354b6bb167295319b0ae5d9899,ca74b92087483a16a012c94b147c899e246570904c23a537cb8daeb2096ce52d,8799.881969,0.681
e572651326f1337845b6b98e94175d4dc9ec1338a73d1ab7ac61170ccaf88297,d92f8485c6246b3992a693f22bcc446a2f3d552d1b0cecc3fe637dec8f61e1ac,8804.829641,30.435
d9c9a39425c8044015e05eaf8330a6e48bad0e3edf1ec032098fb2c8b045c0b9,55b5c6b8e25e560a5244c522674fa8ad6f8dec1b83a702650726d57f2547c47c,8811.638508,0.067
739faf50968804bd83adaade1c616b404ad02f354b6bb167295319b0ae5d9899,ca74b92087483a16a012c94b147c899e246570904c23a537cb8daeb2096ce52d,8812.834900,0.734
e572651326f1337845b6b98e94175d4dc9ec1338a73d1ab7ac61170ccaf88297,d92f8485c6246b3992a693f22bcc446a2f3d552d1b0cecc3fe637dec8f61e1ac,8816.959134,58.146
739faf50968804bd83adaade1c616b404ad02f354b6bb167295319b0ae5d9899,ca74b92087483a16a012c94b147c899e246570904c23a537cb8daeb2096ce52d,8818.000431,1.250
739faf50968804bd83adaade1c616b404ad02f354b6bb167295319b0ae5d9899,ca74b92087483a16a012c94b147c899e246570904c23a537cb8daeb2096ce52d,8819.396647,0.668
efcdd56913d0ce6927045a6f4e8bc025d4bc3a901c3f657e7c0c0d52a157e940,d3001621518a70a020141bf2f78060d34d8b1d6a417c7d5ad0650366921617ac,8822.358011,0.300
e572651326f1337845b6b98e94175d4dc9ec1338a73d1ab7ac61170ccaf88297,d92f8485c6246b3992a693f22bcc446a2f3d552d1b0cecc3fe637dec8f61e1ac,8823.371507,145.934
e572651326f1337845b6b98e94175d4dc9ec1338a73d1ab7ac61170ccaf88297,518cd8f12974202d11b5a16a5437a6a560186fbe9584862c601084cbc18761c6,8825.424603,0.101
d9c9a39425c8044015e05eaf8330a6e48bad0e3edf1ec032098fb2c8b045c0b9,55b5c6b8e25e560a5244c522674fa8ad6f8dec1b83a702650726d57f2547c47c,8830.952362,0.038
87b8ec9b41644a8b32cf64798ee6e0d8d7e5948575669ae9c5a8435a10813266,b85146d6fb2fb1b37a7b668f36287a534543da7a2bc393eac28fd9e974908af0,8836.007716,2.356
b34e792718773cd207a3d3bb54979d4952f301dd15d6f091f57008f075958309,541379714c2250706dfd8b76765ae74953f871377238b361a8666f510afeba58,8843.136371,66.168
739faf50968804bd83adaade1c616b404ad02f354b6bb167295319b0ae5d9899,ca74b92087483a16a012c94b147c899e246570904c23a537cb8daeb2096ce52d,8847.116108,1.450
d9c9a39425c8044015e05eaf8330a6e48bad0e3edf1ec032098fb2c8b045c0b9,55b5c6b8e25e560a5244c522674fa8ad6f8dec1b83a702650726d57f2547c47c,8847.423206,0.062
e572651326f1337845b6b98e94175d4dc9ec1338a73d1ab7ac61170ccaf88297,d92f8485c6246b3992a693f22bcc446a2f3d552d1b0cecc3fe637dec8f61e1ac,8852.658429,115.409
4bd219625127e9d2e12f7eb21015642ad64f42ea61a16f5577db0c2e7a54d4cf,97c31670ec24a392969c8bc769ded28f0ea827f99e77c918ebe894b02f4511dd,8861.797023,20.814
b34e792718773cd207a3d3bb54979d4952f301dd15d6f091f57008f075958309,541379714c2250706dfd8b76765ae74953f871377238b361a8666f510afeba58,8863.645243,123.622
99ae030b60cf247520cab75889c7e2f4c8be9422fce8cc2dc30c53820d8e487b,68b7a052a1a75027d0ba4031c39237121a4d32fa66b59c585684af85c61349ac,8863.982381,0.088
739faf50968804bd83adaade1c616b404ad02f354b6bb167295319b0ae5d9899,ca74b92087483a16a012c94b147c899e246570904c23a537cb8daeb2096ce52d,8868.422139,1.024
99ae030b60cf247520cab75889c7e2f4c8be9422fce8cc2dc30c53820d8e487b,68b7a052a1a75027d0ba4031c39237121a4d32fa66b59c585684af85c61349ac,8869.671115,0.338
739faf50968804bd83adaade1c616b404ad02f354b6bb167295319b0ae5d9899,ca74b92087483a16a012c94b147c899e246570904c23a537cb8daeb2096ce52d,8873.822936,0.818
e572651326f1337845b6b98e94175d4dc9ec1338a73d1ab7ac61170ccaf88297,5d5cbd388a16ee5f19e2c8c5df4ac7a74ad36fdc9b8a8b0489074a41d61b6884,8883.442010,7.983
a279432833a21dc66309e252ef3f48f1ddc9eb706839d037a00b3f9f545c5e2d,7f0b52256911bed19622812b8483c07daf2e9103a269f567068ed939e33a2785,8885.122688,0.318
e572651326f1337845b6b98e94175d4dc9ec1338a73d1ab7ac61170ccaf88297,518cd8f12974202d11b5a16a5437a6a560186fbe9584862c601084cbc18761c6,8887.447876,0.348
e572651326f1337845b6b98e94175d4dc9ec1338a73d1ab7ac61170ccaf88297,d92f8485c6246b3992a693f22bcc446a2f3d552d1b0cecc3fe637dec8f61e1ac,8889.093131,145.143
e572651326f1337845b6b98e94175d4dc9ec1338a73d1ab7ac61170ccaf88297,d92f8485c6246b3992a693f22bcc446a2f3d552d1b0cecc3fe637dec8f61e1ac,8895.870422,109.851
e572651326f1337845b6b98e94175d4dc9ec1338a73d1ab7ac61170ccaf88297,518cd8f12974202d11b5a16a5437a6a560186fbe9584862c601084cbc18761c6,8896.359759,0.240
a12f22a3f771308d969fd56d18df65bf6960a4101a3daa4cef878997a2e1978b,5c9849d631846bbec88a0601bf6b0ba43d9e757dbe6f64ca8e4875ba49f7b794,8897.039808,11.099
739faf50968804bd83adaade1c616b404ad02f354b6bb167295319b0ae5d9899,ca74b92087483a16a012c94b147c899e246570904c23a537cb8daeb2096ce52d,8898.628180,0.891
b2446308f35282348f1c6388346d932f610301eaa65bd0c283d8fb949d15e7cc,db87b76b1f5c22aeb78e8ddae62a3f5b78f28580d14b2d7f7f773702f2da3a3b,8899.391532,0.054
d9c9a39425c8044015e05eaf8330a6e48bad0e3edf1ec032098fb2c8b045c0b9,7fd157a7b694ec9235842e5191f04eb673f536c6f3bb37a9dc868eaeb977de9b,8935.161021,1.345
e572651326f1337845b6b98e94175d4dc9ec1338a73d1ab7ac61170ccaf88297,d92f8485c6246b3992a693f22bcc446a2f3d552d1b0cecc3fe637dec8f61e1ac,8937.849957,26.689
739faf50968804bd83adaade1c616b404ad02f354b6bb167295319b0ae5d9899,ca74b92087483a16a012c94b147c899e246570904c23a537cb8daeb2096ce52d,8938.501522,0.380
aa09fd0de23af2f42704ea3f7a832860e356cb21fbe99fb4c513e0ac64da3ce9,a7220d0ede28b7b3aa0f0607ca44f14e871e76cab8c30bfd0134e64230326622,8943.288770,0.079
aa09fd0de23af2f42704ea3f7a832860e356cb21fbe99fb4c513e0ac64da3ce9,a7220d0ede28b7b3aa0f0607ca44f14e871e76cab8c30bfd0134e64230326622,8952.326888,0.019
e572651326f1337845b6b98e94175d4dc9ec1338a73d1ab7ac61170ccaf88297,518cd8f12974202d11b5a16a5437a6a560186fbe9584862c601084cbc18761c6,8954.439876,0.386
739faf50968804bd83adaade1c616b404ad02f354b6bb167295319b0ae5d9899,ca74b92087483a16a012c94b147c899e246570904c23a537cb8daeb2096ce52d,8958.456373,0.601
e572651326f1337845b6b98e94175d4dc9ec1338a73d1ab7ac61170ccaf88297,d92f8485c6246b3992a693f22bcc446a2f3d552d1b0cecc3fe637dec8f61e1ac,8960.081704,135.394
e572651326f1337845b6b98e94175d4dc9ec1338a73d1ab7ac61170ccaf88297,d92f8485c6246b3992a693f22bcc446a2f3d552d1b0cecc3fe637dec8f61e1ac,8960.848522,47.608
e572651326f1337845b6b98e94175d4dc9ec1338a73d1ab7ac61170ccaf88297,d92f8485c6246b3992a693f22bcc446a2f3d552d1b0cecc3fe637dec8f61e1ac,8961.423644,76.335
739faf50968804bd83adaade1c616b404ad02f354b6bb167295319b0ae5d9899,ca74b92087483a16a012c94b147c899e246570904c23a537cb8daeb2096ce52d,8961.827166,0.753
87b8ec9b41644a8b32cf64798ee6e0d8d7e5948575669ae9c5a8435a10813266,9d4311638952a6ecefb68603a4ade3f6aedf1ff5a2f359c67bbef939d6a2e6dc,8966.125093,0.136
739faf50968804bd83adaade1c616b404ad02f354b6bb167295319b0ae5d9899,ca74b92087483a16a012c94b147c899e246570904c23a537cb8daeb2096ce52d,8974.768589,0.490
739faf50968804bd83adaade1c616b404ad02f354b6bb167295319b0ae5d9899,ca74b92087483a16a012c94b147c899e246570904c23a537cb8daeb2096ce52d,8977.730635,0.728
e572651326f1337845b6b98e94175d4dc9ec1338a73d1ab7ac61170ccaf88297,d92f8485c6246b3992a693f22bcc446a2f3d552d1b0cecc3fe637dec8f61e1ac,8984.007104,43.109
7475824cc4748c3fc8576d1ba486950f36d81d9cb5336cc1da801ef313b516d8,c8d99a8658319d5874fe33684bea9d87fab76b5593481d4d66145bec971607b3,8985.579851,0.191
e572651326f1337845b6b98e94175d4dc9ec1338a73d1ab7ac61170ccaf88297,d92f8485c6246b3992a693f22bcc446a2f3d552d1b0cecc3fe637dec8f61e1ac,8988.442858,49.287
cf54d1572c1d632986590f22a8313559a433bd667a10d3d3dae5912dcba6ea78,b259c1e9f9b5415e24c8b3e31485942012cde025f7115eb6c3b87d91de9ef892,8988.890664,0.127
e572651326f1337845b6b98e94175d4dc9ec1338a73d1ab7ac61170ccaf88297,518cd8f12974202d11b5a16a5437a6a560186fbe9584862c601084cbc18761c6,8991.263255,0.223
a279432833a21dc66309e252ef3f48f1ddc9eb706839d037a00b3f9f545c5e2d,96b2b81126ccc77b62f8e30b2d3ae9fd295c3bf035deab650d5cf4c57cf49796,9000.128603,0.065
aa09fd0de23af2f42704ea3f7a832860e356cb21fbe99fb4c513e0ac64da3ce9,a7220d0ede28b7b3aa0f0607ca44f14e871e76cab8c30bfd0134e64230326622,9002.366140,0.086
f4930f068e300bc29cc1ba31414e01d1eaf55b1607c65985536c868ec9323990,46a59e3a4d9e4fefe6b34e678125ce95ab071f1126ec503557f26ec575c1941b,9016.782553,0.897
d9c9a39425c8044015e05eaf8330a6e48bad0e3edf1ec032098fb2c8b045c0b9,55b5c6b8e25e560a5244c522674fa8ad6f8dec1b83a702650726d57f2547c47c,9025.824519,0.037
b34e792718773cd207a3d3bb54979d4952f301dd15d6f091f57008f075958309,2f796c78515eb95a2d835ebf50326db182a91dce43f6d21d5785e80565851355,9029.079794,4.180
739faf50968804bd83adaade1c616b404ad02f354b6bb167295319b0ae5d9899,ca74b92087483a16a012c94b147c899e246570904c23a537cb8daeb2096ce52d,9029.442713,0.727
e572651326f1337845b6b98e94175d4dc9ec1338a73d1ab7ac61170ccaf88297,518cd8f12974202d11b5a16a5437a6a560186fbe9584862c601084cbc18761c6,9031.282673,0.183
739faf50968804bd83adaade1c616b404ad02f354b6bb167295319b0ae5d9899,ca74b92087483a16a012c94b147c899e246570904c23a537cb8daeb2096ce52d,9032.662866,1.083
e572651326f1337845b6b98e94175d4dc9ec1338a73d1ab7ac61170ccaf88297,d92f8485c6246b3992a693f22bcc446a2f3d552d1b0cecc3fe637dec8f61e1ac,9036.307076,38.732
e572651326f1337845b6b98e94175d4dc9ec1338a73d1ab7ac61170ccaf88297,d92f8485c6246b3992a693f22bcc446a2f3d552d1b0cecc3fe637dec8f61e1ac,9036.484566,68.285
cf54d1572c1d632986590f22a8313559a433bd667a10d3d3dae5912dcba6ea78,b259c1e9f9b5415e24c8b3e31485942012cde025f7115eb6c3b87d91de9ef892,9042.812718,0.100
b34e792718773cd207a3d3bb54979d4952f301dd15d6f091f57008f075958309,2f796c78515eb95a2d835ebf50326db182a91dce43f6d21d5785e80565851355,9055.442807,2.590
aa09fd0de23af2f42704ea3f7a832860e356cb21fbe99fb4c513e0ac64da3ce9,a7220d0ede28b7b3aa0f0607ca44f14e871e76cab8c30bfd0134e64230326622,9056.153669,0.057
efcdd56913d0ce6927045a6f4e8bc025d4bc3a901c3f657e7c0c0d52a157e940,d3001621518a70a020141bf2f78060d34d8b1d6a417c7d5ad0650366921617ac,9056.803913,0.176
739faf50968804bd83adaade1c616b404ad02f354b6bb167295319b0ae5d9899,ca74b92087483a16a012c94b147c899e246570904c23a537cb8daeb2096ce52d,9057.894013,0.520
739faf50968804bd83adaade1c616b404ad02f354b6bb167295319b0ae5d9899,ca74b92087483a16a012c94b147c899e246570904c23a537cb8daeb2096ce52d,9061.762584,0.879
f7b8083a0342944f477b97a321506ae52fc6e2e76bf6042f2280c281f43ee10d,d414dfb669aa29482336ef26db33feead9a3bd71190ba5d44412a9f8bedf26de,9061.892105,12.274
739faf50968804bd83adaade1c616b404ad02f354b6bb167295319b0ae5d9899,ca74b92087483a16a012c94b147c899e246570904c23a537cb8daeb2096ce52d,9067.881511,0.349
e572651326f1337845b6b98e94175d4dc9ec1338a73d1ab7ac61170ccaf88297,518cd8f12974202d11b5a16a5437a6a560186fbe9584862c601084cbc18761c6,9075.825158,0.117
e572651326f1337845b6b98e94175d4dc9ec1338a73d1ab7ac61170ccaf88297,5d5cbd388a16ee5f19e2c8c5df4ac7a74ad36fdc9b8a8b0489074a41d61b6884,9076.790198,34.200
739faf50968804bd83adaade1c616b404ad02f354b6bb167295319b0ae5d9899,ca74b92087483a16a012c94b147c899e246570904c23a537cb8daeb2096ce52d,9078.314926,2.309
cf54d1572c1d632986590f22a8313559a433bd667a10d3d3dae5912dcba6ea78,b259c1e9f9b5415e24c8b3e31485942012cde025f7115eb6c3b87d91de9ef892,9078.393968,0.081
87b8ec9b41644a8b32cf64798ee6e0d8d7e5948575669ae9c5a8435a10813266,b85146d6fb2fb1b37a7b668f36287a534543da7a2bc393eac28fd9e974908af0,9084.316131,5.214
e572651326f1337845b6b98e94175d4dc9ec1338a73d1ab7ac61170ccaf88297,d92f8485c6246b3992a693f22bcc446a2f3d552d1b0cecc3fe637dec8f61e1ac,9090.106681,35.047
eddb92315799e0eaf5d18b84bc5948186fbc33c0190b04c815d75765a979435c,110010ce3452fe8d402b60888cc981d5c1f099fa94092e745a629835ecdb9f51,9093.924575,0.031
e572651326f1337845b6b98e94175d4dc9ec1338a73d1ab7ac61170ccaf88297,5d5cbd388a16ee5f19e2c8c5df4ac7a74ad36fdc9b8a8b0489074a41d61b6884,9097.785146,16.472
87b8ec9b41644a8b32cf64798ee6e0d8d7e5948575669ae9c5a8435a10813266,9d4311638952a6ecefb68603a4ade3f6aedf1ff5a2f359c67bbef939d6a2e6dc,9108.762793,0.471
739faf50968804bd83adaade1c616b404ad02f354b6bb167295319b0ae5d9899,ca74b92087483a16a012c94b147c899e246570904c23a537cb8daeb2096ce52d,9109.511666,0.767
739faf50968804bd83adaade1c616b404ad02f354b6bb167295319b0ae5d9899,ca74b92087483a16a012c94b147c899e246570904c23a537cb8daeb2096ce52d,9109.689242,0.759
e572651326f1337845b6b98e94175d4dc9ec1338a73d1ab7ac61170ccaf88297,518cd8f12974202d11b5a16a5437a6a560186fbe9584862c601084cbc18761c6,9112.721177,0.276
f4930f068e300bc29cc1ba31414e01d1eaf55b1607c65985536c868ec9323990,46a59e3a4d9e4fefe6b34e678125ce95ab071f1126ec503557f26ec575c1941b,9117.394150,0.401
87b8ec9b41644a8b32cf64798ee6e0d8d7e5948575669ae9c5a8435a10813266,b85146d6fb2fb1b37a7b668f36287a534543da7a2bc393eac28fd9e974908af0,9119.079364,4.621
64db848c9bc5db515c94ab30eee3c35decfe835ca8a6c40b0821fe30aaa04cdb,f219acf93580c06f4504a74e90b2f826094f3544ca2f60a49b929ab5d1f80d31,9122.695968,1.782
b2446308f35282348f1c6388346d932f610301eaa65bd0c283d8fb949d15e7cc,db87b76b1f5c22aeb78e8ddae62a3f5b78f28580d14b2d7f7f773702f2da3a3b,9125.738672,0.026
e572651326f1337845b6b98e94175d4dc9ec1338a73d1ab7ac61170ccaf88297,518cd8f12974202d11b5a16a5437a6a560186fbe9584862c601084cbc18761c6,9132.251968,0.409
739faf50968804bd83adaade1c616b404ad02f354b6bb167295319b0ae5d9899,ca74b92087483a16a012c94b147c899e246570904c23a537cb8daeb2096ce52d,9134.013985,0.582
d9c9a39425c8044015e05eaf8330a6e48bad0e3edf1ec032098fb2c8b045c0b9,55b5c6b8e25e560a5244c522674fa8ad6f8dec1b83a702650726d57f2547c47c,9136.608187,0.050
a12f22a3f771308d969fd56d18df65bf6960a4101a3daa4cef878997a2e1978b,5c9849d631846bbec88a0601bf6b0ba43d9e757dbe6f64ca8e4875ba49f7b794,9138.592244,36.230
f7b8083a0342944f477b97a321506ae52fc6e2e76bf6042f2280c281f43ee10d,4b2c05f30bc5080fb3ff505c4051509a4406f733b9ccd3386fa0900f3ae0d9bf,9143.433742,0.057
739faf50968804bd83adaade1c616b404ad02f354b6bb167295319b0ae5d9899,ca74b92087483a16a012c94b147c899e246570904c23a537cb8daeb2096ce52d,9144.281025,0.335
e572651326f1337845b6b98e94175d4dc9ec1338a73d1ab7ac61170ccaf88297,d92f8485c6246b3992a693f22bcc446a2f3d552d1b0cecc3fe637dec8f61e1ac,9144.535396,63.105
87b8ec9b41644a8b32cf64798ee6e0d8d7e5948575669ae9c5a8435a10813266,9d4311638952a6ecefb68603a4ade3f6aedf1ff5a2f359c67bbef939d6a2e6dc,9144.810566,0.208
e572651326f1337845b6b98e94175d4dc9ec1338a73d1ab7ac61170ccaf88297,518cd8f12974202d11b5a16a5437a6a560186fbe9584862c601084cbc18761c6,9148.214556,0.258
d9c9a39425c8044015e05eaf8330a6e48bad0e3edf1ec032098fb2c8b045c0b9,55b5c6b8e25e560a5244c522674fa8ad6f8dec1b83a702650726d57f2547c47c,9148.449511,0.076
e572651326f1337845b6b98e94175d4dc9ec1338a73d1ab7ac61170ccaf88297,518cd8f12974202d11b5a16a5437a6a560186fbe9584862c601084cbc18761c6,9150.060987,0.165
7475824cc4748c3fc8576d1ba486950f36d81d9cb5336cc1da801ef313b516d8,c8d99a8658319d5874fe33684bea9d87fab76b5593481d4d66145bec971607b3,9151.502953,0.224
87b8ec9b41644a8b32cf64798ee6e0d8d7e5948575669ae9c5a8435a10813266,13220cb8f5b7112c02f2481c968497db0f96a9b6d45bc7204086d9914d5596b5,9152.507407,42.966
d9c9a39425c8044015e05eaf8330a6e48bad0e3edf1ec032098fb2c8b045c0b9,55b5c6b8e25e560a5244c522674fa8ad6f8dec1b83a702650726d57f2547c47c,9152.980889,0.029
d9c9a39425c8044015e05eaf8330a6e48bad0e3edf1ec032098fb2c8b045c0b9,7fd157a7b694ec9235842e5191f04eb673f536c6f3bb37a9dc868eaeb977de9b,9155.703879,1.802
e572651326f1337845b6b98e94175d4dc9ec1338a73d1ab7ac61170ccaf88297,d92f8485c6246b3992a693f22bcc446a2f3d552d1b0cecc3fe637dec8f61e1ac,9164.864439,41.883
739faf50968804bd83adaade1c616b404ad02f354b6bb167295319b0ae5d9899,ca74b92087483a16a012c94b147c899e246570904c23a537cb8daeb2096ce52d,9168.474416,1.039
efcdd56913d0ce6927045a6f4e8bc025d4bc3a901c3f657e7c0c0d52a157e940,d3001621518a70a020141bf2f78060d34d8b1d6a417c7d5ad0650366921617ac,9171.137060,0.221
b2446308f35282348f1c6388346d932f610301eaa65bd0c283d8fb949d15e7cc,db87b76b1f5c22aeb78e8ddae62a3f5b78f28580d14b2d7f7f773702f2da3a3b,9172.203559,0.024
a279432833a21dc66309e252ef3f48f1ddc9eb706839d037a00b3f9f545c5e2d,7f0b52256911bed19622812b8483c07daf2e9103a269f567068ed939e33a2785,9172.698912,0.738
aa09fd0de23af2f42704ea3f7a832860e356cb21fbe99fb4c513e0ac64da3ce9,a7220d0ede28b7b3aa0f0607ca44f14e871e76cab8c30bfd0134e64230326622,9176.687842,0.033
e572651326f1337845b6b98e94175d4dc9ec1338a73d1ab7ac61170ccaf88297,5d5cbd388a16ee5f19e2c8c5df4ac7a74ad36fdc9b8a8b0489074a41d61b6884,9177.669014,29.602
a7cf2f4bb45576518350fb91bb84800146f1dc257896e3b46b901095987e2a1c,6a144e613e2220f49247934c6e896484265f3763008c3235599da7133c320b63,9186.196779,0.133
4bd219625127e9d2e12f7eb21015642ad64f42ea61a16f5577db0c2e7a54d4cf,1b9ff14203f132f3ca0342f8491d5b4e61000dbca9a88d6ef78132611cf99466,9194.053212,4.461
e572651326f1337845b6b98e94175d4dc9ec1338a73d1ab7ac61170ccaf88297,5d5cbd388a16ee5f19e2c8c5df4ac7a74ad36fdc9b8a8b0489074a41d61b6884,9194.817790,17.394
7475824cc4748c3fc8576d1ba486950f36d81d9cb5336cc1da801ef313b516d8,c8d99a8658319d5874fe33684bea9d87fab76b5593481d4d66145bec971607b3,9196.947116,0.198
e572651326f1337845b6b98e94175d4dc9ec1338a73d1ab7ac61170ccaf88297,518cd8f12974202d11b5a16a5437a6a560186fbe9584862c601084cbc18761c6,9197.637027,0.505
cf54d1572c1d632986590f22a8313559a433bd667a10d3d3dae5912dcba6ea78,b259c1e9f9b5415e24c8b3e31485942012cde025f7115eb6c3b87d91de9ef892,9203.613393,0.055
e572651326f1337845b6b98e94175d4dc9ec1338a73d1ab7ac61170ccaf88297,d92f8485c6246b3992a693f22bcc446a2f3d552d1b0cecc3fe637dec8f61e1ac,9205.078821,78.906
e572651326f1337845b6b98e94175d4dc9ec1338a73d1ab7ac61170ccaf88297,d92f8485c6246b3992a693f22bcc446a2f3d552d1b0cecc3fe637dec8f61e1ac,9209.054504,39.255
aa09fd0de23af2f42704ea3f7a832860e356cb21fbe99fb4c513e0ac64da3ce9,a7220d0ede28b7b3aa0f0607ca44f14e871e76cab8c30bfd0134e64230326622,9212.455282,0.081
cf54d1572c1d632986590f22a8313559a433bd667a10d3d3dae5912dcba6ea78,b259c1e9f9b5415e24c8b3e31485942012cde025f7115eb6c3b87d91de9ef892,9212.868864,0.148
e572651326f1337845b6b98e94175d4dc9ec1338a73d1ab7ac61170ccaf88297,518cd8f12974202d11b5a16a5437a6a560186fbe9584862c601084cbc18761c6,9220.888159,0.107
e572651326f1337845b6b98e94175d4dc9ec1338a73d1ab7ac61170ccaf88297,5d5cbd388a16ee5f19e2c8c5df4ac7a74ad36fdc9b8a8b0489074a41d61b6884,9221.391585,24.443
e572651326f1337845b6b98e94175d4dc9ec1338a73d1ab7ac61170ccaf88297,518cd8f12974202d11b5a16a5437a6a560186fbe9584862c601084cbc18761c6,9226.005409,0.231
d9c9a39425c8044015e05eaf8330a6e48bad0e3edf1ec032098fb2c8b045c0b9,7fd157a7b694ec9235842e5191f04eb673f536c6f3bb37a9dc868eaeb977de9b,9226.832372,1.070
e572651326f1337845b6b98e94175d4dc9ec1338a73d1ab7ac61170ccaf88297,d92f8485c6246b3992a693f22bcc446a2f3d552d1b0cecc3fe637dec8f61e1ac,9228.605178,20.313
cf54d1572c1d632986590f22a8313559a433bd667a10d3d3dae5912dcba6ea78,b259c1e9f9b5415e24c8b3e31485942012cde025f7115eb6c3b87d91de9ef892,9232.037885,0.045
efcdd56913d0ce6927045a6f4e8bc025d4bc3a901c3f657e7c0c0d52a157e940,d3001621518a70a020141bf2f78060d34d8b1d6a417c7d5ad0650366921617ac,9239.567655,0.178
e572651326f1337845b6b98e94175d4dc9ec1338a73d1ab7ac61170ccaf88297,5d5cbd388a16ee5f19e2c8c5df4ac7a74ad36fdc9b8a8b0489074a41d61b6884,9242.280862,14.602
b2446308f35282348f1c6388346d932f610301eaa65bd0c283d8fb949d15e7cc,d206b500d8a622c7c6e606402b6f218d95ee19d6805d57bd7d6698351eea831a,9244.087038,185.479
739faf50968804bd83adaade1c616b404ad02f354b6bb167295319b0ae5d9899,ca74b92087483a16a012c94b147c899e246570904c23a537cb8daeb2096ce52d,9253.678372,0.807
87b8ec9b41644a8b32cf64798ee6e0d8d7e5948575669ae9c5a8435a10813266,9d4311638952a6ecefb68603a4ade3f6aedf1ff5a2f359c67bbef939d6a2e6dc,9261.522287,0.086
b34e792718773cd207a3d3bb54979d4952f301dd15d6f091f57008f075958309,2f796c78515eb95a2d835ebf50326db182a91dce43f6d21d5785e80565851355,9267.408679,2.076
d9c9a39425c8044015e05eaf8330a6e48bad0e3edf1ec032098fb2c8b045c0b9,55b5c6b8e25e560a5244c522674fa8ad6f8dec1b83a702650726d57f2547c47c,9271.981797,0.193
e572651326f1337845b6b98e94175d4dc9ec1338a73d1ab7ac61170ccaf88297,d92f8485c6246b3992a693f22bcc446a2f3d552d1b0cecc3fe637dec8f61e1ac,9273.075279,13.083
739faf50968804bd83adaade1c616b404ad02f354b6bb167295319b0ae5d9899,ca74b92087483a16a012c94b147c899e246570904c23a537cb8daeb2096ce52d,9273.344049,0.590
739faf50968804bd83adaade1c616b404ad02f354b6bb167295319b0ae5d9899,ca74b92087483a16a012c94b147c899e246570904c23a537cb8daeb2096ce52d,9279.367142,0.775
eddb92315799e0eaf5d18b84bc5948186fbc33c0190b04c815d75765a979435c,110010ce3452fe8d402b60888cc981d5c1f099fa94092e745a629835ecdb9f51,9289.579132,0.249
e572651326f1337845b6b98e94175d4dc9ec1338a73d1ab7ac61170ccaf88297,5d5cbd388a16ee5f19e2c8c5df4ac7a74ad36fdc9b8a8b0489074a41d61b6884,9290.327207,11.119
b2446308f35282348f1c6388346d932f610301eaa65bd0c283d8fb949d15e7cc,db87b76b1f5c22aeb78e8ddae62a3f5b78f28580d14b2d7f7f773702f2da3a3b,9293.392131,0.026
d9c9a39425c8044015e05eaf8330a6e48bad0e3edf1ec032098fb2c8b045c0b9,55b5c6b8e25e560a5244c522674fa8ad6f8dec1b83a702650726d57f2547c47c,9299.498583,0.043
e572651326f1337845b6b98e94175d4dc9ec1338a73d1ab7ac61170ccaf88297,518cd8f12974202d11b5a16a5437a6a560186fbe9584862c601084cbc18761c6,9300.024288,0.089
87b8ec9b41644a8b32cf64798ee6e0d8d7e5948575669ae9c5a8435a10813266,b85146d6fb2fb1b37a7b668f36287a534543da7a2bc393eac28fd9e974908af0,9306.420512,2.642
87b8ec9b41644a8b32cf64798ee6e0d8d7e5948575669ae9c5a8435a10813266,b85146d6fb2fb1b37a7b668f36287a534543da7a2bc393eac28fd9e974908af0,9306.468315,3.946
739faf50968804bd83adaade1c616b404ad02f354b6bb167295319b0ae5d9899,ca74b92087483a16a012c94b147c899e246570904c23a537cb8daeb2096ce52d,9308.856996,1.021
b2446308f35282348f1c6388346d932f610301eaa65bd0c283d8fb949d15e7cc,db87b76b1f5c22aeb78e8ddae62a3f5b78f28580d14b2d7f7f773702f2da3a3b,9317.189259,0.013
f7b8083a0342944f477b97a321506ae52fc6e2e76bf6042f2280c281f43ee10d,4b2c05f30bc5080fb3ff505c4051509a4406f733b9ccd3386fa0900f3ae0d9bf,9319.858722,0.043
739faf50968804bd83adaade1c616b404ad02f354b6bb167295319b0ae5d9899,ca74b92087483a16a012c94b147c899e246570904c23a537cb8daeb2096ce52d,9320.509589,1.403
739faf50968804bd83adaade1c616b404ad02f354b6bb167295319b0ae5d9899,ca74b92087483a16a012c94b147c899e246570904c23a537cb8daeb2096ce52d,9326.719901,0.156
b34e792718773cd207a3d3bb54979d4952f301dd15d6f091f57008f075958309,2f796c78515eb95a2d835ebf50326db182a91dce43f6d21d5785e80565851355,9332.073218,2.537
739faf50968804bd83adaade1c616b404ad02f354b6bb167295319b0ae5d9899,ca74b92087483a16a012c94b147c899e246570904c23a537cb8daeb2096ce52d,9333.130037,0.610
739faf50968804bd83adaade1c616b404ad02f354b6bb167295319b0ae5d9899,ca74b92087483a16a012c94b147c899e246570904c23a537cb8daeb2096ce52d,9334.573901,2.321
b2446308f35282348f1c6388346d932f610301eaa65bd0c283d8fb949d15e7cc,db87b76b1f5c22aeb78e8ddae62a3f5b78f28580d14b2d7f7f773702f2da3a3b,9339.101556,0.055
a279432833a21dc66309e252ef3f48f1ddc9eb706839d037a00b3f9f545c5e2d,9bfe15fe1c84832456da5d671ec99cfd73e0514bf91abfae306da2457af04221,9345.494578,4.155
a12f22a3f771308d969fd56d18df65bf6960a4101a3daa4cef878997a2e1978b,664c8bd366fc401f874d793373a2aafc5a5a506e2e04d325d5d83557d6df7502,9346.618026,0.048
e572651326f1337845b6b98e94175d4dc9ec1338a73d1ab7ac61170ccaf88297,d92f8485c6246b3992a693f22bcc446a2f3d552d1b0cecc3fe637dec8f61e1ac,9356.435871,39.711
e572651326f1337845b6b98e94175d4dc9ec1338a73d1ab7ac61170ccaf88297,d92f8485c6246b3992a693f22bcc446a2f3d552d1b0cecc3fe637dec8f61e1ac,9357.462663,25.605
aa09fd0de23af2f42704ea3f7a832860e356cb21fbe99fb4c513e0ac64da3ce9,a7220d0ede28b7b3aa0f0607ca44f14e871e76cab8c30bfd0134e64230326622,9363.745028,0.087
cf54d1572c1d632986590f22a8313559a433bd667a10d3d3dae5912dcba6ea78,b259c1e9f9b5415e24c8b3e31485942012cde025f7115eb6c3b87d91de9ef892,9364.637741,0.057
e572651326f1337845b6b98e94175d4dc9ec1338a73d1ab7ac61170ccaf88297,d92f8485c6246b3992a693f22bcc446a2f3d552d1b0cecc3fe637dec8f61e1ac,9372.378403,47.852
739faf50968804bd83adaade1c616b404ad02f354b6bb167295319b0ae5d9899,ca74b92087483a16a012c94b147c899e246570904c23a537cb8daeb2096ce52d,9376.956175,0.564
e572651326f1337845b6b98e94175d4dc9ec1338a73d1ab7ac61170ccaf88297,5d5cbd388a16ee5f19e2c8c5df4ac7a74ad36fdc9b8a8b0489074a41d61b6884,9379.222640,10.495
e572651326f1337845b6b98e94175d4dc9ec1338a73d1ab7ac61170ccaf88297,518cd8f12974202d11b5a16a5437a6a560186fbe9584862c601084cbc18761c6,9382.745888,0.206
739faf50968804bd83adaade1c616b404ad02f354b6bb167295319b0ae5d9899,ca74b92087483a16a012c94b147c899e246570904c23a537cb8daeb2096ce52d,9383.516770,0.395
e572651326f1337845b6b98e94175d4dc9ec1338a73d1ab7ac61170ccaf88297,518cd8f12974202d11b5a16a5437a6a560186fbe9584862c601084cbc18761c6,9384.516055,0.182
b34e792718773cd207a3d3bb54979d4952f301dd15d6f091f57008f075958309,541379714c2250706dfd8b76765ae74953f871377238b361a8666f510afeba58,9387.079407,35.973
cf54d1572c1d632986590f22a8313559a433bd667a10d3d3dae5912dcba6ea78,b259c1e9f9b5415e24c8b3e31485942012cde025f7115eb6c3b87d91de9ef892,9399.613097,0.048
739faf50968804bd83adaade1c616b404ad02f354b6bb167295319b0ae5d9899,ca74b92087483a16a012c94b147c899e246570904c23a537cb8daeb2096ce52d,9403.686014,0.951
7475824cc4748c3fc8576d1ba486950f36d81d9cb5336cc1da801ef313b516d8,c8d99a8658319d5874fe33684bea9d87fab76b5593481d4d66145bec971607b3,9405.660607,0.103
cf54d1572c1d632986590f22a8313559a433bd667a10d3d3dae5912dcba6ea78,b259c1e9f9b5415e24c8b3e31485942012cde025f7115eb6c3b87d91de9ef892,9411.777112,0.042
d9c9a39425c8044015e05eaf8330a6e48bad0e3edf1ec032098fb2c8b045c0b9,7fd157a7b694ec9235842e5191f04eb673f536c6f3bb37a9dc868eaeb977de9b,9415.167333,0.851
b2446308f35282348f1c6388346d932f610301eaa65bd0c283d8fb949d15e7cc,db87b76b1f5c22aeb78e8ddae62a3f5b78f28580d14b2d7f7f773702f2da3a3b,9415.446553,0.064
e572651326f1337845b6b98e94175d4dc9ec1338a73d1ab7ac61170ccaf88297,5d5cbd388a16ee5f19e2c8c5df4ac7a74ad36fdc9b8a8b0489074a41d61b6884,9417.777033,11.955
aa09fd0de23af2f42704ea3f7a832860e356cb21fbe99fb4c513e0ac64da3ce9,a7220d0ede28b7b3aa0f0607ca44f14e871e76cab8c30bfd0134e64230326622,9419.249450,0.029
739faf50968804bd83adaade1c616b404ad02f354b6bb167295319b0ae5d9899,ca74b92087483a16a012c94b147c899e246570904c23a537cb8daeb2096ce52d,9419.516440,1.429
739faf50968804bd83adaade1c616b404ad02f354b6bb167295319b0ae5d9899,ca74b92087483a16a012c94b147c899e246570904c23a537cb8daeb2096ce52d,9420.105121,1.098
aa09fd0de23af2f42704ea3f7a832860e356cb21fbe99fb4c513e0ac64da3ce9,a7220d0ede28b7b3aa0f0607ca44f14e871e76cab8c30bfd0134e64230326622,9420.962350,0.039
e572651326f1337845b6b98e94175d4dc9ec1338a73d1ab7ac61170ccaf88297,5d5cbd388a16ee5f19e2c8c5df4ac7a74ad36fdc9b8a8b0489074a41d61b6884,9432.135508,27.969
739faf50968804bd83adaade1c616b404ad02f354b6bb167295319b0ae5d9899,ca74b92087483a16a012c94b147c899e246570904c23a537cb8daeb2096ce52d,9434.071227,1.060
739faf50968804bd83adaade1c616b404ad02f354b6bb167295319b0ae5d9899,ca74b92087483a16a012c94b147c899e246570904c23a537cb8daeb2096ce52d,9442.301862,0.370
739faf50968804bd83adaade1c616b404ad02f354b6bb167295319b0ae5d9899,ca74b92087483a16a012c94b147c899e246570904c23a537cb8daeb2096ce52d,9444.307908,2.449
cf54d1572c1d632986590f22a8313559a433bd667a10d3d3dae5912dcba6ea78,b259c1e9f9b5415e24c8b3e31485942012cde025f7115eb6c3b87d91de9ef892,9454.952409,0.125
d9c9a39425c8044015e05eaf8330a6e48bad0e3edf1ec032098fb2c8b045c0b9,7fd157a7b694ec9235842e5191f04eb673f536c6f3bb37a9dc868eaeb977de9b,9459.109975,0.762
e572651326f1337845b6b98e94175d4dc9ec1338a73d1ab7ac61170ccaf88297,d92f8485c6246b3992a693f22bcc446a2f3d552d1b0cecc3fe637dec8f61e1ac,9460.496859,39.599
739faf50968804bd83adaade1c616b404ad02f354b6bb167295319b0ae5d9899,ca74b92087483a16a012c94b147c899e246570904c23a537cb8daeb2096ce52d,9466.752045,0.683
d9c9a39425c8044015e05eaf8330a6e48bad0e3edf1ec032098fb2c8b045c0b9,55b5c6b8e25e560a5244c522674fa8ad6f8dec1b83a702650726d57f2547c47c,9467.748431,0.102
b2446308f35282348f1c6388346d932f610301eaa65bd0c283d8fb949d15e7cc,db87b76b1f5c22aeb78e8ddae62a3f5b78f28580d14b2d7f7f773702f2da3a3b,9471.049599,0.090
a12f22a3f771308d969fd56d18df65bf6960a4101a3daa4cef878997a2e1978b,5c9849d631846bbec88a0601bf6b0ba43d9e757dbe6f64ca8e4875ba49f7b794,9474.827663,9.364
739faf50968804bd83adaade1c616b404ad02f354b6bb167295319b0ae5d9899,ca74b92087483a16a012c94b147c899e246570904c23a537cb8daeb2096ce52d,9485.176577,1.665
e572651326f1337845b6b98e94175d4dc9ec1338a73d1ab7ac61170ccaf88297,d92f8485c6246b3992a693f22bcc446a2f3d552d1b0cecc3fe637dec8f61e1ac,9494.159872,102.486
739faf50968804bd83adaade1c616b404ad02f354b6bb167295319b0ae5d9899,ca74b92087483a16a012c94b147c899e246570904c23a537cb8daeb2096ce52d,9504.194998,0.978
a12f22a3f771308d969fd56d18df65bf6960a4101a3daa4cef878997a2e1978b,664c8bd366fc401f874d793373a2aafc5a5a506e2e04d325d5d83557d6df7502,9505.016865,0.059
b34e792718773cd207a3d3bb54979d4952f301dd15d6f091f57008f075958309,2f796c78515eb95a2d835ebf50326db182a91dce43f6d21d5785e80565851355,9508.909391,1.676
d9c9a39425c8044015e05eaf8330a6e48bad0e3edf1ec032098fb2c8b045c0b9,7fd157a7b694ec9235842e5191f04eb673f536c6f3bb37a9dc868eaeb977de9b,9509.979831,0.950
f7b8083a0342944f477b97a321506ae52fc6e2e76bf6042f2280c281f43ee10d,4b2c05f30bc5080fb3ff505c4051509a4406f733b9ccd3386fa0900f3ae0d9bf,9510.224755,0.045
a12f22a3f771308d969fd56d18df65bf6960a4101a3daa4cef878997a2e1978b,5c9849d631846bbec88a0601bf6b0ba43d9e757dbe6f64ca8e4875ba49f7b794,9515.010916,28.129
b34e792718773cd207a3d3bb54979d4952f301dd15d6f091f57008f075958309,541379714c2250706dfd8b76765ae74953f871377238b361a8666f510afeba58,9515.011608,35.033
cf54d1572c1d632986590f22a8313559a433bd667a10d3d3dae5912dcba6ea78,b259c1e9f9b5415e24c8b3e31485942012cde025f7115eb6c3b87d91de9ef892,9516.126000,0.037
e572651326f1337845b6b98e94175d4dc9ec1338a73d1ab7ac61170ccaf88297,518cd8f12974202d11b5a16a5437a6a560186fbe9584862c601084cbc18761c6,9517.730276,0.276
739faf50968804bd83adaade1c616b404ad02f354b6bb167295319b0ae5d9899,ca74b92087483a16a012c94b147c899e246570904c23a537cb8daeb2096ce52d,9517.939820,0.885
7475824cc4748c3fc8576d1ba486950f36d81d9cb5336cc1da801ef313b516d8,c8d99a8658319d5874fe33684bea9d87fab76b5593481d4d66145bec971607b3,9518.884053,0.076
739faf50968804bd83adaade1c616b404ad02f354b6bb167295319b0ae5d9899,ca74b92087483a16a012c94b147c899e246570904c23a537cb8daeb2096ce52d,9523.322644,1.038
b34e792718773cd207a3d3bb54979d4952f301dd15d6f091f57008f075958309,541379714c2250706dfd8b76765ae74953f871377238b361a8666f510afeba58,9528.146086,33.857
4bd219625127e9d2e12f7eb21015642ad64f42ea61a16f5577db0c2e7a54d4cf,1b9ff14203f132f3ca0342f8491d5b4e61000dbca9a88d6ef78132611cf99466,9529.186794,4.266
739faf50968804bd83adaade1c616b404ad02f354b6bb167295319b0ae5d9899,ca74b92087483a16a012c94b147c899e246570904c23a537cb8daeb2096ce52d,9529.343184,0.790
739faf50968804bd83adaade1c616b404ad02f354b6bb167295319b0ae5d9899,ca74b92087483a16a012c94b147c899e246570904c23a537cb8daeb2096ce52d,9531.340602,0.739
e572651326f1337845b6b98e94175d4dc9ec1338a73d1ab7ac61170ccaf88297,518cd8f12974202d11b5a16a5437a6a560186fbe9584862c601084cbc18761c6,9534.710362,0.532
e572651326f1337845b6b98e94175d4dc9ec1338a73d1ab7ac61170ccaf88297,518cd8f12974202d11b5a16a5437a6a560186fbe9584862c601084cbc18761c6,9537.835993,0.117
f7b8083a0342944f477b97a321506ae52fc6e2e76bf6042f2280c281f43ee10d,4b2c05f30bc5080fb3ff505c4051509a4406f733b9ccd3386fa0900f3ae0d9bf,9538.526948,0.021
64db848c9bc5db515c94ab30eee3c35decfe835ca8a6c40b0821fe30aaa04cdb,f219acf93580c06f4504a74e90b2f826094f3544ca2f60a49b929ab5d1f80d31,9540.165268,3.756
e572651326f1337845b6b98e94175d4dc9ec1338a73d1ab7ac61170ccaf88297,d92f8485c6246b3992a693f22bcc446a2f3d552d1b0cecc3fe637dec8f61e1ac,9541.444706,30.783
e572651326f1337845b6b98e94175d4dc9ec1338a73d1ab7ac61170ccaf88297,518cd8f12974202d11b5a16a5437a6a560186fbe9584862c601084cbc18761c6,9542.443096,0.104
739faf50968804bd83adaade1c616b404ad02f354b6bb167295319b0ae5d9899,ca74b92087483a16a012c94b147c899e246570904c23a537cb8daeb2096ce52d,9542.612252,0.834
e572651326f1337845b6b98e94175d4dc9ec1338a73d1ab7ac61170ccaf88297,d92f8485c6246b3992a693f22bcc446a2f3d552d1b0cecc3fe637dec8f61e1ac,9543.966671,62.395
e572651326f1337845b6b98e94175d4dc9ec1338a73d1ab7ac61170ccaf88297,d92f8485c6246b3992a693f22bcc446a2f3d552d1b0cecc3fe637dec8f61e1ac,9548.588912,64.822
a12f22a3f771308d969fd56d18df65bf6960a4101a3daa4cef878997a2e1978b,5c9849d631846bbec88a0601bf6b0ba43d9e757dbe6f64ca8e4875ba49f7b794,9555.909936,16.190
cf54d1572c1d632986590f22a8313559a433bd667a10d3d3dae5912dcba6ea78,b259c1e9f9b5415e24c8b3e31485942012cde025f7115eb6c3b87d91de9ef892,9558.593122,0.123
aa09fd0de23af2f42704ea3f7a832860e356cb21fbe99fb4c513e0ac64da3ce9,a7220d0ede28b7b3aa0f0607ca44f14e871e76cab8c30bfd0134e64230326622,9564.795714,0.070
b2446308f35282348f1c6388346d932f610301eaa65bd0c283d8fb949d15e7cc,db87b76b1f5c22aeb78e8ddae62a3f5b78f28580d14b2d7f7f773702f2da3a3b,9567.937581,0.084
e572651326f1337845b6b98e94175d4dc9ec1338a73d1ab7ac61170ccaf88297,5d5cbd388a16ee5f19e2c8c5df4ac7a74ad36fdc9b8a8b0489074a41d61b6884,9569.208709,25.126
739faf50968804bd83adaade1c616b404ad02f354b6bb167295319b0ae5d9899,ca74b92087483a16a012c94b147c899e246570904c23a537cb8daeb2096ce52d,9571.969641,0.847
b2446308f35282348f1c6388346d932f610301eaa65bd0c283d8fb949d15e7cc,db87b76b1f5c22aeb78e8ddae62a3f5b78f28580d14b2d7f7f773702f2da3a3b,9573.071356,0.011
739faf50968804bd83adaade1c616b404ad02f354b6bb167295319b0ae5d9899,ca74b92087483a16a012c94b147c899e246570904c23a537cb8daeb2096ce52d,9576.661071,1.025
e572651326f1337845b6b98e94175d4dc9ec1338a73d1ab7ac61170ccaf88297,d92f8485c6246b3992a693f22bcc446a2f3d552d1b0cecc3fe637dec8f61e1ac,9583.416860,26.727
739faf50968804bd83adaade1c616b404ad02f354b6bb167295319b0ae5d9899,ca74b92087483a16a012c94b147c899e246570904c23a537cb8daeb2096ce52d,9584.156904,2.914
aa09fd0de23af2f42704ea3f7a832860e356cb21fbe99fb4c513e0ac64da3ce9,a7220d0ede28b7b3aa0f0607ca44f14e871e76cab8c30bfd0134e64230326622,9584.449002,0.038
e572651326f1337845b6b98e94175d4dc9ec1338a73d1ab7ac61170ccaf88297,5d5cbd388a16ee5f19e2c8c5df4ac7a74ad36fdc9b8a8b0489074a41d61b6884,9585.265625,16.252
e572651326f1337845b6b98e94175d4dc9ec1338a73d1ab7ac61170ccaf88297,518cd8f12974202d11b5a16a5437a6a560186fbe9584862c601084cbc18761c6,9605.883069,0.100
739faf50968804bd83adaade1c616b404ad02f354b6bb167295319b0ae5d9899,ca74b92087483a16a012c94b147c899e246570904c23a537cb8daeb2096ce52d,9608.182802,1.099
b2446308f35282348f1c6388346d932f610301eaa65bd0c283d8fb949d15e7cc,db87b76b1f5c22aeb78e8ddae62a3f5b78f28580d14b2d7f7f773702f2da3a3b,9611.057577,0.086
739faf50968804bd83adaade1c616b404ad02f354b6bb167295319b0ae5d9899,ca74b92087483a16a012c94b147c899e246570904c23a537cb8daeb2096ce52d,9614.596429,1.634
739faf50968804bd83adaade1c616b404ad02f354b6bb167295319b0ae5d9899,ca74b92087483a16a012c94b147c899e246570904c23a537cb8daeb2096ce52d,9615.373074,2.965
d9c9a39425c8044015e05eaf8330a6e48bad0e3edf1ec032098fb2c8b045c0b9,55b5c6b8e25e560a5244c522674fa8ad6f8dec1b83a702650726d57f2547c47c,9625.050254,0.095
a12f22a3f771308d969fd56d18df65bf6960a4101a3daa4cef878997a2e1978b,5c9849d631846bbec88a0601bf6b0ba43d9e757dbe6f64ca8e4875ba49f7b794,9626.046963,36.549
e572651326f1337845b6b98e94175d4dc9ec1338a73d1ab7ac61170ccaf88297,518cd8f12974202d11b5a16a5437a6a560186fbe9584862c601084cbc18761c6,9643.467977,0.105
87b8ec9b41644a8b32cf64798ee6e0d8d7e5948575669ae9c5a8435a10813266,9d4311638952a6ecefb68603a4ade3f6aedf1ff5a2f359c67bbef939d6a2e6dc,9643.819927,0.193
b2446308f35282348f1c6388346d932f610301eaa65bd0c283d8fb949d15e7cc,db87b76b1f5c22aeb78e8ddae62a3f5b78f28580d14b2d7f7f773702f2da3a3b,9648.629652,0.046
e572651326f1337845b6b98e94175d4dc9ec1338a73d1ab7ac61170ccaf88297,518cd8f12974202d11b5a16a5437a6a560186fbe9584862c601084cbc18761c6,9654.609272,0.287
739faf50968804bd83adaade1c616b404ad02f354b6bb167295319b0ae5d9899,ca74b92087483a16a012c94b147c899e246570904c23a537cb8daeb2096ce52d,9655.454742,1.413
e572651326f1337845b6b98e94175d4dc9ec1338a73d1ab7ac61170ccaf88297,5d5cbd388a16ee5f19e2c8c5df4ac7a74ad36fdc9b8a8b0489074a41d61b6884,9663.099690,7.909
739faf50968804bd83adaade1c616b404ad02f354b6bb167295319b0ae5d9899,ca74b92087483a16a012c94b147c899e246570904c23a537cb8daeb2096ce52d,9663.476201,2.010
739faf50968804bd83adaade1c616b404ad02f354b6bb167295319b0ae5d9899,ca74b92087483a16a012c94b147c899e246570904c23a537cb8daeb2096ce52d,9664.667037,0.908
e572651326f1337845b6b98e94175d4dc9ec1338a73d1ab7ac61170ccaf88297,d92f8485c6246b3992a693f22bcc446a2f3d552d1b0cecc3fe637dec8f61e1ac,9664.725126,49.426
e572651326f1337845b6b98e94175d4dc9ec1338a73d1ab7ac61170ccaf88297,518cd8f12974202d11b5a16a5437a6a560186fbe9584862c601084cbc18761c6,9671.708705,0.311
b34e792718773cd207a3d3bb54979d4952f301dd15d6f091f57008f075958309,541379714c2250706dfd8b76765ae74953f871377238b361a8666f510afeba58,9677.040203,52.665
d9c9a39425c8044015e05eaf8330a6e48bad0e3edf1ec032098fb2c8b045c0b9,7fd157a7b694ec9235842e5191f04eb673f536c6f3bb37a9dc868eaeb977de9b,9678.155286,1.833
e572651326f1337845b6b98e94175d4dc9ec1338a73d1ab7ac61170ccaf88297,d92f8485c6246b3992a693f22bcc446a2f3d552d1b0cecc3fe637dec8f61e1ac,9679.068593,35.347
d9c9a39425c8044015e05eaf8330a6e48bad0e3edf1ec032098fb2c8b045c0b9,55b5c6b8e25e560a5244c522674fa8ad6f8dec1b83a702650726d57f2547c47c,9690.171587,0.158
87b8ec9b41644a8b32cf64798ee6e0d8d7e5948575669ae9c5a8435a10813266,13220cb8f5b7112c02f2481c968497db0f96a9b6d45bc7204086d9914d5596b5,9691.917593,121.545
f7b8083a0342944f477b97a321506ae52fc6e2e76bf6042f2280c281f43ee10d,d414dfb669aa29482336ef26db33feead9a3bd71190ba5d44412a9f8bedf26de,9699.021684,10.375
e572651326f1337845b6b98e94175d4dc9ec1338a73d1ab7ac61170ccaf88297,5d5cbd388a16ee5f19e2c8c5df4ac7a74ad36fdc9b8a8b0489074a41d61b6884,9715.545908,14.890
d9c9a39425c8044015e05eaf8330a6e48bad0e3edf1ec032098fb2c8b045c0b9,7fd157a7b694ec9235842e5191f04eb673f536c6f3bb37a9dc868eaeb977de9b,9717.293596,0.652
a279432833a21dc66309e252ef3f48f1ddc9eb706839d037a00b3f9f545c5e2d,9bfe15fe1c84832456da5d671ec99cfd73e0514bf91abfae306da2457af04221,9721.077507,1.901
f7b8083a0342944f477b97a321506ae52fc6e2e76bf6042f2280c281f43ee10d,4b2c05f30bc5080fb3ff505c4051509a4406f733b9ccd3386fa0900f3ae0d9bf,9721.643664,0.042
e572651326f1337845b6b98e94175d4dc9ec1338a73d1ab7ac61170ccaf88297,d92f8485c6246b3992a693f22bcc446a2f3d552d1b0cecc3fe637dec8f61e1ac,9726.229909,22.480
e572651326f1337845b6b98e94175d4dc9ec1338a73d1ab7ac61170ccaf88297,518cd8f12974202d11b5a16a5437a6a560186fbe9584862c601084cbc18761c6,9728.065450,0.127
e572651326f1337845b6b98e94175d4dc9ec1338a73d1ab7ac61170ccaf88297,5d5cbd388a16ee5f19e2c8c5df4ac7a74ad36fdc9b8a8b0489074a41d61b6884,9729.266664,17.341
d9c9a39425c8044015e05eaf8330a6e48bad0e3edf1ec032098fb2c8b045c0b9,7fd157a7b694ec9235842e5191f04eb673f536c6f3bb37a9dc868eaeb977de9b,9729.555543,0.247
aa09fd0de23af2f42704ea3f7a832860e356cb21fbe99fb4c513e0ac64da3ce9,a7220d0ede28b7b3aa0f0607ca44f14e871e76cab8c30bfd0134e64230326622,9730.329248,0.050
739faf50968804bd83adaade1c616b404ad02f354b6bb167295319b0ae5d9899,ca74b92087483a16a012c94b147c899e246570904c23a537cb8daeb2096ce52d,9732.257260,0.203
b2446308f35282348f1c6388346d932f610301eaa65bd0c283d8fb949d15e7cc,db87b76b1f5c22aeb78e8ddae62a3f5b78f28580d14b2d7f7f773702f2da3a3b,9736.477512,0.032
739faf50968804bd83adaade1c616b404ad02f354b6bb167295319b0ae5d9899,ca74b92087483a16a012c94b147c899e246570904c23a537cb8daeb2096ce52d,9736.648420,0.778
f7b8083a0342944f477b97a321506ae52fc6e2e76bf6042f2280c281f43ee10d,d414dfb669aa29482336ef26db33feead9a3bd71190ba5d44412a9f8bedf26de,9741.708060,17.389
87b8ec9b41644a8b32cf64798ee6e0d8d7e5948575669ae9c5a8435a10813266,13220cb8f5b7112c02f2481c968497db0f96a9b6d45bc7204086d9914d5596b5,9742.697424,143.632
cf54d1572c1d632986590f22a8313559a433bd667a10d3d3dae5912dcba6ea78,b259c1e9f9b5415e24c8b3e31485942012cde025f7115eb6c3b87d91de9ef892,9750.646116,0.067
739faf50968804bd83adaade1c616b404ad02f354b6bb167295319b0ae5d9899,ca74b92087483a16a012c94b147c899e246570904c23a537cb8daeb2096ce52d,9753.199244,0.823
e572651326f1337845b6b98e94175d4dc9ec1338a73d1ab7ac61170ccaf88297,d92f8485c6246b3992a693f22bcc446a2f3d552d1b0cecc3fe637dec8f61e1ac,9753.210519,40.164
a7cf2f4bb45576518350fb91bb84800146f1dc257896e3b46b901095987e2a1c,6a144e613e2220f49247934c6e896484265f3763008c3235599da7133c320b63,9757.573762,0.188
739faf50968804bd83adaade1c616b404ad02f354b6bb167295319b0ae5d9899,ca74b92087483a16a012c94b147c899e246570904c23a537cb8daeb2096ce52d,9761.070129,0.318
cf54d1572c1d632986590f22a8313559a433bd667a10d3d3dae5912dcba6ea78,b259c1e9f9b5415e24c8b3e31485942012cde025f7115eb6c3b87d91de9ef892,9762.774237,0.034
739faf50968804bd83adaade1c616b404ad02f354b6bb167295319b0ae5d9899,ca74b92087483a16a012c94b147c899e246570904c23a537cb8daeb2096ce52d,9768.360062,0.786
739faf50968804bd83adaade1c616b404ad02f354b6bb167295319b0ae5d9899,ca74b92087483a16a012c94b147c899e246570904c23a537cb8daeb2096ce52d,9775.471499,0.865
e572651326f1337845b6b98e94175d4dc9ec1338a73d1ab7ac61170ccaf88297,d92f8485c6246b3992a693f22bcc446a2f3d552d1b0cecc3fe637dec8f61e1ac,9778.117361,94.302
f7b8083a0342944f477b97a321506ae52fc6e2e76bf6042f2280c281f43ee10d,4b2c05f30bc5080fb3ff505c4051509a4406f733b9ccd3386fa0900f3ae0d9bf,9791.531545,0.043
e572651326f1337845b6b98e94175d4dc9ec1338a73d1ab7ac61170ccaf88297,518cd8f12974202d11b5a16a5437a6a560186fbe9584862c601084cbc18761c6,9792.637023,0.262
739faf50968804bd83adaade1c616b404ad02f354b6bb167295319b0ae5d9899,ca74b92087483a16a012c94b147c899e246570904c23a537cb8daeb2096ce52d,9792.815897,0.693
e572651326f1337845b6b98e94175d4dc9ec1338a73d1ab7ac61170ccaf88297,5d5cbd388a16ee5f19e2c8c5df4ac7a74ad36fdc9b8a8b0489074a41d61b6884,9804.354284,24.500
739faf50968804bd83adaade1c616b404ad02f354b6bb167295319b0ae5d9899,ca74b92087483a16a012c94b147c899e246570904c23a537cb8daeb2096ce52d,9804.934098,0.383
b2446308f35282348f1c6388346d932f610301eaa65bd0c283d8fb949d15e7cc,db87b76b1f5c22aeb78e8ddae62a3f5b78f28580d14b2d7f7f773702f2da3a3b,9806.033077,0.032
a12f22a3f771308d969fd56d18df65bf6960a4101a3daa4cef878997a2e1978b,664c8bd366fc401f874d793373a2aafc5a5a506e2e04d325d5d83557d6df7502,9810.367792,0.072
d9c9a39425c8044015e05eaf8330a6e48bad0e3edf1ec032098fb2c8b045c0b9,55b5c6b8e25e560a5244c522674fa8ad6f8dec1b83a702650726d57f2547c47c,9815.721546,0.060
a12f22a3f771308d969fd56d18df65bf6960a4101a3daa4cef878997a2e1978b,664c8bd366fc401f874d793373a2aafc5a5a506e2e04d325d5d83557d6df7502,9818.866264,0.040
7475824cc4748c3fc8576d1ba486950f36d81d9cb5336cc1da801ef313b516d8,c8d99a8658319d5874fe33684bea9d87fab76b5593481d4d66145bec971607b3,9820.845066,0.223
b2446308f35282348f1c6388346d932f610301eaa65bd0c283d8fb949d15e7cc,db87b76b1f5c22aeb78e8ddae62a3f5b78f28580d14b2d7f7f773702f2da3a3b,9821.590508,0.035
739faf50968804bd83adaade1c616b404ad02f354b6bb167295319b0ae5d9899,ca74b92087483a16a012c94b147c899e246570904c23a537cb8daeb2096ce52d,9833.115240,0.860
739faf50968804bd83adaade1c616b404ad02f354b6bb167295319b0ae5d9899,ca74b92087483a16a012c94b147c899e246570904c23a537cb8daeb2096ce52d,9840.653007,1.990
b34e792718773cd207a3d3bb54979d4952f301dd15d6f091f57008f075958309,541379714c2250706dfd8b76765ae74953f871377238b361a8666f510afeba58,9841.344583,84.822
739faf50968804bd83adaade1c616b404ad02f354b6bb167295319b0ae5d9899,ca74b92087483a16a012c94b147c899e246570904c23a537cb8daeb2096ce52d,9853.202008,0.797
7475824cc4748c3fc8576d1ba486950f36d81d9cb5336cc1da801ef313b516d8,c8d99a8658319d5874fe33684bea9d87fab76b5593481d4d66145bec971607b3,9854.878791,0.154
739faf50968804bd83adaade1c616b404ad02f354b6bb167295319b0ae5d9899,ca74b92087483a16a012c94b147c899e246570904c23a537cb8daeb2096ce52d,9859.712265,1.215
739faf50968804bd83adaade1c616b404ad02f354b6bb167295319b0ae5d9899,ca74b92087483a16a012c94b147c899e246570904c23a537cb8daeb2096ce52d,9865.088683,0.967
739faf50968804bd83adaade1c616b404ad02f354b6bb167295319b0ae5d9899,ca74b92087483a16a012c94b147c899e246570904c23a537cb8daeb2096ce52d,9885.002227,1.353
aa09fd0de23af2f42704ea3f7a832860e356cb21fbe99fb4c513e0ac64da3ce9,a7220d0ede28b7b3aa0f0607ca44f14e871e76cab8c30bfd0134e64230326622,9887.663894,0.019
f4930f068e300bc29cc1ba31414e01d1eaf55b1607c65985536c868ec9323990,f98b902a5d78635ca9426bf7b222c0f2e63e8316254891c86ab6c55292b5c8b2,9887.884130,0.068
739faf50968804bd83adaade1c616b404ad02f354b6bb167295319b0ae5d9899,ca74b92087483a16a012c94b147c899e246570904c23a537cb8daeb2096ce52d,9894.680141,0.503
4bd219625127e9d2e12f7eb21015642ad64f42ea61a16f5577db0c2e7a54d4cf,1b9ff14203f132f3ca0342f8491d5b4e61000dbca9a88d6ef78132611cf99466,9902.516620,1.944
f7b8083a0342944f477b97a321506ae52fc6e2e76bf6042f2280c281f43ee10d,4b2c05f30bc5080fb3ff505c4051509a4406f733b9ccd3386fa0900f3ae0d9bf,9902.631135,0.032
e572651326f1337845b6b98e94175d4dc9ec1338a73d1ab7ac61170ccaf88297,5d5cbd388a16ee5f19e2c8c5df4ac7a74ad36fdc9b8a8b0489074a41d61b6884,9904.134730,5.314
b2446308f35282348f1c6388346d932f610301eaa65bd0c283d8fb949d15e7cc,d206b500d8a622c7c6e606402b6f218d95ee19d6805d57bd7d6698351eea831a,9909.522135,69.000
b34e792718773cd207a3d3bb54979d4952f301dd15d6f091f57008f075958309,541379714c2250706dfd8b76765ae74953f871377238b361a8666f510afeba58,9915.541524,86.076
cf54d1572c1d632986590f22a8313559a433bd667a10d3d3dae5912dcba6ea78,b259c1e9f9b5415e24c8b3e31485942012cde025f7115eb6c3b87d91de9ef892,9917.274975,0.030
d9c9a39425c8044015e05eaf8330a6e48bad0e3edf1ec032098fb2c8b045c0b9,7fd157a7b694ec9235842e5191f04eb673f536c6f3bb37a9dc868eaeb977de9b,9918.160034,1.038
739faf50968804bd83adaade1c616b404ad02f354b6bb167295319b0ae5d9899,ca74b92087483a16a012c94b147c899e246570904c23a537cb8daeb2096ce52d,9930.070012,1.046
739faf50968804bd83adaade1c616b404ad02f354b6bb167295319b0ae5d9899,ca74b92087483a16a012c94b147c899e246570904c23a537cb8daeb2096ce52d,9932.154638,0.762
e572651326f1337845b6b98e94175d4dc9ec1338a73d1ab7ac61170ccaf88297,518cd8f12974202d11b5a16a5437a6a560186fbe9584862c601084cbc18761c6,9944.726651,0.227
e572651326f1337845b6b98e94175d4dc9ec1338a73d1ab7ac61170ccaf88297,518cd8f12974202d11b5a16a5437a6a560186fbe9584862c601084cbc18761c6,9955.436395,0.182
a12f22a3f771308d969fd56d18df65bf6960a4101a3daa4cef878997a2e1978b,5c9849d631846bbec88a0601bf6b0ba43d9e757dbe6f64ca8e4875ba49f7b794,9956.990776,9.895
739faf50968804bd83adaade1c616b404ad02f354b6bb167295319b0ae5d9899,ca74b92087483a16a012c94b147c899e246570904c23a537cb8daeb2096ce52d,9961.463115,0.701
739faf50968804bd83adaade1c616b404ad02f354b6bb167295319b0ae5d9899,ca74b92087483a16a012c94b147c899e246570904c23a537cb8daeb2096ce52d,9965.038478,1.224
d9c9a39425c8044015e05eaf8330a6e48bad0e3edf1ec032098fb2c8b045c0b9,55b5c6b8e25e560a5244c522674fa8ad6f8dec1b83a702650726d57f2547c47c,9975.379308,0.023
e572651326f1337845b6b98e94175d4dc9ec1338a73d1ab7ac61170ccaf88297,d92f8485c6246b3992a693f22bcc446a2f3d552d1b0cecc3fe637dec8f61e1ac,9975.509138,58.963
739faf50968804bd83adaade1c616b404ad02f354b6bb167295319b0ae5d9899,ca74b92087483a16a012c94b147c899e246570904c23a537cb8daeb2096ce52d,9976.517260,1.181
e572651326f1337845b6b98e94175d4dc9ec1338a73d1ab7ac61170ccaf88297,5d5cbd388a16ee5f19e2c8c5df4ac7a74ad36fdc9b8a8b0489074a41d61b6884,9979.827539,13.542
d9c9a39425c8044015e05eaf8330a6e48bad0e3edf1ec032098fb2c8b045c0b9,55b5c6b8e25e560a5244c522674fa8ad6f8dec1b83a702650726d57f2547c47c,9980.495551,0.022
e572651326f1337845b6b98e94175d4dc9ec1338a73d1ab7ac61170ccaf88297,d92f8485c6246b3992a693f22bcc446a2f3d552d1b0cecc3fe637dec8f61e1ac,9980.710194,64.435
b2446308f35282348f1c6388346d932f610301eaa65bd0c283d8fb949d15e7cc,d206b500d8a622c7c6e606402b6f218d95ee19d6805d57bd7d6698351eea831a,9987.203912,58.116
87b8ec9b41644a8b32cf64798ee6e0d8d7e5948575669ae9c5a8435a10813266,9d4311638952a6ecefb68603a4ade3f6aedf1ff5a2f359c67bbef939d6a2e6dc,9991.859392,0.222
87b8ec9b41644a8b32cf64798ee6e0d8d7e5948575669ae9c5a8435a10813266,9d4311638952a6ecefb68603a4ade3f6aedf1ff5a2f359c67bbef939d6a2e6dc,9997.308511,0.471
e572651326f1337845b6b98e94175d4dc9ec1338a73d1ab7ac61170ccaf88297,d92f8485c6246b3992a693f22bcc446a2f3d552d1b0cecc3fe637dec8f61e1ac,9998.177085,186.058
e572651326f1337845b6b98e94175d4dc9ec1338a73d1ab7ac61170ccaf88297,518cd8f12974202d11b5a16a5437a6a560186fbe9584862c601084cbc18761c6,10010.040821,0.085
aa09fd0de23af2f42704ea3f7a832860e356cb21fbe99fb4c513e0ac64da3ce9,a7220d0ede28b7b3aa0f0607ca44f14e871e76cab8c30bfd0134e64230326622,10010.534268,0.047
e572651326f1337845b6b98e94175d4dc9ec1338a73d1ab7ac61170ccaf88297,5d5cbd388a16ee5f19e2c8c5df4ac7a74ad36fdc9b8a8b0489074a41d61b6884,10012.336348,31.364
e572651326f1337845b6b98e94175d4dc9ec1338a73d1ab7ac61170ccaf88297,d92f8485c6246b3992a693f22bcc446a2f3d552d1b0cecc3fe637dec8f61e1ac,10019.596452,52.500
f4930f068e300bc29cc1ba31414e01d1eaf55b1607c65985536c868ec9323990,46a59e3a4d9e4fefe6b34e678125ce95ab071f1126ec503557f26ec575c1941b,10020.014167,1.526
739faf50968804bd83adaade1c616b404ad02f354b6bb167295319b0ae5d9899,ca74b92087483a16a012c94b147c899e246570904c23a537cb8daeb2096ce52d,10026.499418,1.012
e572651326f1337845b6b98e94175d4dc9ec1338a73d1ab7ac61170ccaf88297,5d5cbd388a16ee5f19e2c8c5df4ac7a74ad36fdc9b8a8b0489074a41d61b6884,10027.337631,2.799
e572651326f1337845b6b98e94175d4dc9ec1338a73d1ab7ac61170ccaf88297,5d5cbd388a16ee5f19e2c8c5df4ac7a74ad36fdc9b8a8b0489074a41d61b6884,10028.908616,14.742
e572651326f1337845b6b98e94175d4dc9ec1338a73d1ab7ac61170ccaf88297,5d5cbd388a16ee5f19e2c8c5df4ac7a74ad36fdc9b8a8b0489074a41d61b6884,10033.956176,5.716
739faf50968804bd83adaade1c616b404ad02f354b6bb167295319b0ae5d9899,ca74b92087483a16a012c94b147c899e246570904c23a537cb8daeb2096ce52d,10041.767294,3.798
e572651326f1337845b6b98e94175d4dc9ec1338a73d1ab7ac61170ccaf88297,d92f8485c6246b3992a693f22bcc446a2f3d552d1b0cecc3fe637dec8f61e1ac,10042.365130,146.195
f4930f068e300bc29cc1ba31414e01d1eaf55b1607c65985536c868ec9323990,f98b902a5d78635ca9426bf7b222c0f2e63e8316254891c86ab6c55292b5c8b2,10050.982711,0.202
87b8ec9b41644a8b32cf64798ee6e0d8d7e5948575669ae9c5a8435a10813266,9d4311638952a6ecefb68603a4ade3f6aedf1ff5a2f359c67bbef939d6a2e6dc,10056.041299,0.418
cf54d1572c1d632986590f22a8313559a433bd667a10d3d3dae5912dcba6ea78,b259c1e9f9b5415e24c8b3e31485942012cde025f7115eb6c3b87d91de9ef892,10056.384065,0.118
4bd219625127e9d2e12f7eb21015642ad64f42ea61a16f5577db0c2e7a54d4cf,1b9ff14203f132f3ca0342f8491d5b4e61000dbca9a88d6ef78132611cf99466,10056.756585,5.606
a7cf2f4bb45576518350fb91bb84800146f1dc257896e3b46b901095987e2a1c,0e0238481987246e775d487dc915a41e718967ef61dc0c3dbf5c2983b02dea84,10060.118948,121.085
f4930f068e300bc29cc1ba31414e01d1eaf55b1607c65985536c868ec9323990,46a59e3a4d9e4fefe6b34e678125ce95ab071f1126ec503557f26ec575c1941b,10064.998819,1.099
e572651326f1337845b6b98e94175d4dc9ec1338a73d1ab7ac61170ccaf88297,518cd8f12974202d11b5a16a5437a6a560186fbe9584862c601084cbc18761c6,10066.627139,0.259
739faf50968804bd83adaade1c616b404ad02f354b6bb167295319b0ae5d9899,ca74b92087483a16a012c94b147c899e246570904c23a537cb8daeb2096ce52d,10067.364965,0.261
e572651326f1337845b6b98e94175d4dc9ec1338a73d1ab7ac61170ccaf88297,d92f8485c6246b3992a693f22bcc446a2f3d552d1b0cecc3fe637dec8f61e1ac,10067.497736,39.191
e572651326f1337845b6b98e94175d4dc9ec1338a73d1ab7ac61170ccaf88297,d92f8485c6246b3992a693f22bcc446a2f3d552d1b0cecc3fe637dec8f61e1ac,10070.614225,23.968
f7b8083a0342944f477b97a321506ae52fc6e2e76bf6042f2280c281f43ee10d,4b2c05f30bc5080fb3ff505c4051509a4406f733b9ccd3386fa0900f3ae0d9bf,10072.898594,0.032
a12f22a3f771308d969fd56d18df65bf6960a4101a3daa4cef878997a2e1978b,5c9849d631846bbec88a0601bf6b0ba43d9e757dbe6f64ca8e4875ba49f7b794,10080.281273,11.024
f7b8083a0342944f477b97a321506ae52fc6e2e76bf6042f2280c281f43ee10d,d414dfb669aa29482336ef26db33feead9a3bd71190ba5d44412a9f8bedf26de,10080.383754,17.457
7475824cc4748c3fc8576d1ba486950f36d81d9cb5336cc1da801ef313b516d8,eac0d7c37985ac4669b288f34505f79c6df5fc76371ca3b80b783133b39adfbd,10082.296788,145.803
e572651326f1337845b6b98e94175d4dc9ec1338a73d1ab7ac61170ccaf88297,518cd8f12974202d11b5a16a5437a6a560186fbe9584862c601084cbc18761c6,10087.814334,0.177
e572651326f1337845b6b98e94175d4dc9ec1338a73d1ab7ac61170ccaf88297,518cd8f12974202d11b5a16a5437a6a560186fbe9584862c601084cbc18761c6,10090.368230,0.468
739faf50968804bd83adaade1c616b404ad02f354b6bb167295319b0ae5d9899,ca74b92087483a16a012c94b147c899e246570904c23a537cb8daeb2096ce52d,10096.790473,1.486
d9c9a39425c8044015e05eaf8330a6e48bad0e3edf1ec032098fb2c8b045c0b9,55b5c6b8e25e560a5244c522674fa8ad6f8dec1b83a702650726d57f2547c47c,10098.720068,0.069
739faf50968804bd83adaade1c616b404ad02f354b6bb167295319b0ae5d9899,ca74b92087483a16a012c94b147c899e246570904c23a537cb8daeb2096ce52d,10120.443574,0.324
e572651326f1337845b6b98e94175d4dc9ec1338a73d1ab7ac61170ccaf88297,5d5cbd388a16ee5f19e2c8c5df4ac7a74ad36fdc9b8a8b0489074a41d61b6884,10122.482572,7.197
a12f22a3f771308d969fd56d18df65bf6960a4101a3daa4cef878997a2e1978b,5c9849d631846bbec88a0601bf6b0ba43d9e757dbe6f64ca8e4875ba49f7b794,10123.353443,19.878
64db848c9bc5db515c94ab30eee3c35decfe835ca8a6c40b0821fe30aaa04cdb,f219acf93580c06f4504a74e90b2f826094f3544ca2f60a49b929ab5d1f80d31,10124.241749,2.886
e572651326f1337845b6b98e94175d4dc9ec1338a73d1ab7ac61170ccaf88297,d92f8485c6246b3992a693f22bcc446a2f3d552d1b0cecc3fe637dec8f61e1ac,10124.262662,33.636
739faf50968804bd83adaade1c616b404ad02f354b6bb167295319b0ae5d9899,ca74b92087483a16a012c94b147c899e246570904c23a537cb8daeb2096ce52d,10127.106869,0.921
739faf50968804bd83adaade1c616b404ad02f354b6bb167295319b0ae5d9899,ca74b92087483a16a012c94b147c899e246570904c23a537cb8daeb2096ce52d,10138.437014,0.277
b34e792718773cd207a3d3bb54979d4952f301dd15d6f091f57008f075958309,2f796c78515eb95a2d835ebf50326db182a91dce43f6d21d5785e80565851355,10148.020456,2.693
aa09fd0de23af2f42704ea3f7a832860e356cb21fbe99fb4c513e0ac64da3ce9,a7220d0ede28b7b3aa0f0607ca44f14e871e76cab8c30bfd0134e64230326622,10153.035014,0.030
e572651326f1337845b6b98e94175d4dc9ec1338a73d1ab7ac61170ccaf88297,d92f8485c6246b3992a693f22bcc446a2f3d552d1b0cecc3fe637dec8f61e1ac,10162.082345,33.254
d9c9a39425c8044015e05eaf8330a6e48bad0e3edf1ec032098fb2c8b045c0b9,7fd157a7b694ec9235842e5191f04eb673f536c6f3bb37a9dc868eaeb977de9b,10170.570024,0.748
739faf50968804bd83adaade1c616b404ad02f354b6bb167295319b0ae5d9899,ca74b92087483a16a012c94b147c899e246570904c23a537cb8daeb2096ce52d,10174.800725,0.667
739faf50968804bd83adaade1c616b404ad02f354b6bb167295319b0ae5d9899,ca74b92087483a16a012c94b147c899e246570904c23a537cb8daeb2096ce52d,10175.884697,0.316
d9c9a39425c8044015e05eaf8330a6e48bad0e3edf1ec032098fb2c8b045c0b9,7fd157a7b694ec9235842e5191f04eb673f536c6f3bb37a9dc868eaeb977de9b,10177.125493,1.449
b34e792718773cd207a3d3bb54979d4952f301dd15d6f091f57008f075958309,541379714c2250706dfd8b76765ae74953f871377238b361a8666f510afeba58,10178.464531,79.029
739faf50968804bd83adaade1c616b404ad02f354b6bb167295319b0ae5d9899,ca74b92087483a16a012c94b147c899e246570904c23a537cb8daeb2096ce52d,10181.503278,0.466
739faf50968804bd83adaade1c616b404ad02f354b6bb167295319b0ae5d9899,ca74b92087483a16a012c94b147c899e246570904c23a537cb8daeb2096ce52d,10191.863500,0.306
739faf50968804bd83adaade1c616b404ad02f354b6bb167295319b0ae5d9899,ca74b92087483a16a012c94b147c899e246570904c23a537cb8daeb2096ce52d,10193.288010,0.399
e572651326f1337845b6b98e94175d4dc9ec1338a73d1ab7ac61170ccaf88297,518cd8f12974202d11b5a16a5437a6a560186fbe9584862c601084cbc18761c6,10193.382381,0.036
739faf50968804bd83adaade1c616b404ad02f354b6bb167295319b0ae5d9899,ca74b92087483a16a012c94b147c899e246570904c23a537cb8daeb2096ce52d,10194.038630,0.393
87b8ec9b41644a8b32cf64798ee6e0d8d7e5948575669ae9c5a8435a10813266,b85146d6fb2fb1b37a7b668f36287a534543da7a2bc393eac28fd9e974908af0,10199.372823,3.166
4bd219625127e9d2e12f7eb21015642ad64f42ea61a16f5577db0c2e7a54d4cf,97c31670ec24a392969c8bc769ded28f0ea827f99e77c918ebe894b02f4511dd,10206.326797,40.736
87b8ec9b41644a8b32cf64798ee6e0d8d7e5948575669ae9c5a8435a10813266,b85146d6fb2fb1b37a7b668f36287a534543da7a2bc393eac28fd9e974908af0,10213.397229,2.966
739faf50968804bd83adaade1c616b404ad02f354b6bb167295319b0ae5d9899,ca74b92087483a16a012c94b147c899e246570904c23a537cb8daeb2096ce52d,10216.158543,1.183
e572651326f1337845b6b98e94175d4dc9ec1338a73d1ab7ac61170ccaf88297,518cd8f12974202d11b5a16a5437a6a560186fbe9584862c601084cbc18761c6,10226.853940,0.263
e572651326f1337845b6b98e94175d4dc9ec1338a73d1ab7ac61170ccaf88297,5d5cbd388a16ee5f19e2c8c5df4ac7a74ad36fdc9b8a8b0489074a41d61b6884,10228.947961,11.289
739faf50968804bd83adaade1c616b404ad02f354b6bb167295319b0ae5d9899,ca74b92087483a16a012c94b147c899e246570904c23a537cb8daeb2096ce52d,10233.408699,1.920
d9c9a39425c8044015e05eaf8330a6e48bad0e3edf1ec032098fb2c8b045c0b9,55b5c6b8e25e560a5244c522674fa8ad6f8dec1b83a702650726d57f2547c47c,10245.022182,0.014
aa09fd0de23af2f42704ea3f7a832860e356cb21fbe99fb4c513e0ac64da3ce9,a7220d0ede28b7b3aa0f0607ca44f14e871e76cab8c30bfd0134e64230326622,10252.535242,0.067
36918b2e6c7d7af242c355afc840cf4665e3ea068cf464571367b9c37779bf80,7256bfbb7f3fd68f57187fc7395b4cbcb317c2abb99ee066d02f0844dbcb8ee7,10253.029113,7.471
739faf50968804bd83adaade1c616b404ad02f354b6bb167295319b0ae5d9899,ca74b92087483a16a012c94b147c899e246570904c23a537cb8daeb2096ce52d,10264.829068,1.043
e572651326f1337845b6b98e94175d4dc9ec1338a73d1ab7ac61170ccaf88297,d92f8485c6246b3992a693f22bcc446a2f3d552d1b0cecc3fe637dec8f61e1ac,10275.728274,37.872
e572651326f1337845b6b98e94175d4dc9ec1338a73d1ab7ac61170ccaf88297,5d5cbd388a16ee5f19e2c8c5df4ac7a74ad36fdc9b8a8b0489074a41d61b6884,10283.613718,17.402
a7cf2f4bb45576518350fb91bb84800146f1dc257896e3b46b901095987e2a1c,0e0238481987246e775d487dc915a41e718967ef61dc0c3dbf5c2983b02dea84,10285.173791,46.284
d9c9a39425c8044015e05eaf8330a6e48bad0e3edf1ec032098fb2c8b045c0b9,7fd157a7b694ec9235842e5191f04eb673f536c6f3bb37a9dc868eaeb977de9b,10289.139622,0.436
739faf50968804bd83adaade1c616b404ad02f354b6bb167295319b0ae5d9899,ca74b92087483a16a012c94b147c899e246570904c23a537cb8daeb2096ce52d,10291.442388,0.897
cf54d1572c1d632986590f22a8313559a433bd667a10d3d3dae5912dcba6ea78,b259c1e9f9b5415e24c8b3e31485942012cde025f7115eb6c3b87d91de9ef892,10297.128798,0.026
739faf50968804bd83adaade1c616b404ad02f354b6bb167295319b0ae5d9899,ca74b92087483a16a012c94b147c899e246570904c23a537cb8daeb2096ce52d,10303.663181,0.245
a12f22a3f771308d969fd56d18df65bf6960a4101a3daa4cef878997a2e1978b,5c9849d631846bbec88a0601bf6b0ba43d9e757dbe6f64ca8e4875ba49f7b794,10305.163339,24.140
739faf50968804bd83adaade1c616b404ad02f354b6bb167295319b0ae5d9899,ca74b92087483a16a012c94b147c899e246570904c23a537cb8daeb2096ce52d,10306.109072,0.571
99ae030b60cf247520cab75889c7e2f4c8be9422fce8cc2dc30c53820d8e487b,68b7a052a1a75027d0ba4031c39237121a4d32fa66b59c585684af85c61349ac,10306.744789,0.167
d9c9a39425c8044015e05eaf8330a6e48bad0e3edf1ec032098fb2c8b045c0b9,7fd157a7b694ec9235842e5191f04eb673f536c6f3bb37a9dc868eaeb977de9b,10312.905026,0.971
cf54d1572c1d632986590f22a8313559a433bd667a10d3d3dae5912dcba6ea78,b259c1e9f9b5415e24c8b3e31485942012cde025f7115eb6c3b87d91de9ef892,10313.078381,0.071
e572651326f1337845b6b98e94175d4dc9ec1338a73d1ab7ac61170ccaf88297,d92f8485c6246b3992a693f22bcc446a2f3d552d1b0cecc3fe637dec8f61e1ac,10315.916462,94.253
a12f22a3f771308d969fd56d18df65bf6960a4101a3daa4cef878997a2e1978b,5c9849d631846bbec88a0601bf6b0ba43d9e757dbe6f64ca8e4875ba49f7b794,10315.932310,14.875
739faf50968804bd83adaade1c616b404ad02f354b6bb167295319b0ae5d9899,ca74b92087483a16a012c94b147c899e246570904c23a537cb8daeb2096ce52d,10321.452833,1.268
e572651326f1337845b6b98e94175d4dc9ec1338a73d1ab7ac61170ccaf88297,518cd8f12974202d11b5a16a5437a6a560186fbe9584862c601084cbc18761c6,10327.503590,0.349
87b8ec9b41644a8b32cf64798ee6e0d8d7e5948575669ae9c5a8435a10813266,b85146d6fb2fb1b37a7b668f36287a534543da7a2bc393eac28fd9e974908af0,10328.132210,3.483
e572651326f1337845b6b98e94175d4dc9ec1338a73d1ab7ac61170ccaf88297,518cd8f12974202d11b5a16a5437a6a560186fbe9584862c601084cbc18761c6,10338.528192,0.531
e572651326f1337845b6b98e94175d4dc9ec1338a73d1ab7ac61170ccaf88297,5d5cbd388a16ee5f19e2c8c5df4ac7a74ad36fdc9b8a8b0489074a41d61b6884,10339.541683,23.241
4bd219625127e9d2e12f7eb21015642ad64f42ea61a16f5577db0c2e7a54d4cf,97c31670ec24a392969c8bc769ded28f0ea827f99e77c918ebe894b02f4511dd,10342.095806,38.509
d9c9a39425c8044015e05eaf8330a6e48bad0e3edf1ec032098fb2c8b045c0b9,55b5c6b8e25e560a5244c522674fa8ad6f8dec1b83a702650726d57f2547c47c,10344.786486,0.038
a7cf2f4bb45576518350fb91bb84800146f1dc257896e3b46b901095987e2a1c,0e0238481987246e775d487dc915a41e718967ef61dc0c3dbf5c2983b02dea84,10351.840990,84.905
739faf50968804bd83adaade1c616b404ad02f354b6bb167295319b0ae5d9899,ca74b92087483a16a012c94b147c899e246570904c23a537cb8daeb2096ce52d,10352.914939,0.264
e572651326f1337845b6b98e94175d4dc9ec1338a73d1ab7ac61170ccaf88297,d92f8485c6246b3992a693f22bcc446a2f3d552d1b0cecc3fe637dec8f61e1ac,10356.944175,36.775
b2446308f35282348f1c6388346d932f610301eaa65bd0c283d8fb949d15e7cc,d206b500d8a622c7c6e606402b6f218d95ee19d6805d57bd7d6698351eea831a,10361.146508,90.968
b34e792718773cd207a3d3bb54979d4952f301dd15d6f091f57008f075958309,541379714c2250706dfd8b76765ae74953f871377238b361a8666f510afeba58,10361.601981,165.290
e572651326f1337845b6b98e94175d4dc9ec1338a73d1ab7ac61170ccaf88297,518cd8f12974202d11b5a16a5437a6a560186fbe9584862c601084cbc18761c6,10363.189919,0.279
739faf50968804bd83adaade1c616b404ad02f354b6bb167295319b0ae5d9899,ca74b92087483a16a012c94b147c899e246570904c23a537cb8daeb2096ce52d,10377.785258,0.446
4bd219625127e9d2e12f7eb21015642ad64f42ea61a16f5577db0c2e7a54d4cf,97c31670ec24a392969c8bc769ded28f0ea827f99e77c918ebe894b02f4511dd,10383.603185,18.393
cf54d1572c1d632986590f22a8313559a433bd667a10d3d3dae5912dcba6ea78,b259c1e9f9b5415e24c8b3e31485942012cde025f7115eb6c3b87d91de9ef892,10387.918913,0.046
eddb92315799e0eaf5d18b84bc5948186fbc33c0190b04c815d75765a979435c,9ecd2766ee6bd299d23bbc00b9a905d490ebeb2e675d857ef4f1bd4d5877c065,10389.177604,16.951
e572651326f1337845b6b98e94175d4dc9ec1338a73d1ab7ac61170ccaf88297,5d5cbd388a16ee5f19e2c8c5df4ac7a74ad36fdc9b8a8b0489074a41d61b6884,10390.173036,24.737
739faf50968804bd83adaade1c616b404ad02f354b6bb167295319b0ae5d9899,ca74b92087483a16a012c94b147c899e246570904c23a537cb8daeb2096ce52d,10393.370007,0.496
739faf50968804bd83adaade1c616b404ad02f354b6bb167295319b0ae5d9899,ca74b92087483a16a012c94b147c899e246570904c23a537cb8daeb2096ce52d,10394.379838,1.289
739faf50968804bd83adaade1c616b404ad02f354b6bb167295319b0ae5d9899,ca74b92087483a16a012c94b147c899e246570904c23a537cb8daeb2096ce52d,10402.018852,1.349
b2446308f35282348f1c6388346d932f610301eaa65bd0c283d8fb949d15e7cc,db87b76b1f5c22aeb78e8ddae62a3f5b78f28580d14b2d7f7f773702f2da3a3b,10402.605771,0.051
eddb92315799e0eaf5d18b84bc5948186fbc33c0190b04c815d75765a979435c,9ecd2766ee6bd299d23bbc00b9a905d490ebeb2e675d857ef4f1bd4d5877c065,10406.303456,41.301
e572651326f1337845b6b98e94175d4dc9ec1338a73d1ab7ac61170ccaf88297,d92f8485c6246b3992a693f22bcc446a2f3d552d1b0cecc3fe637dec8f61e1ac,10407.335473,74.500
739faf50968804bd83adaade1c616b404ad02f354b6bb167295319b0ae5d9899,ca74b92087483a16a012c94b147c899e246570904c23a537cb8daeb2096ce52d,10412.713288,1.035
a279432833a21dc66309e252ef3f48f1ddc9eb706839d037a00b3f9f545c5e2d,96b2b81126ccc77b62f8e30b2d3ae9fd295c3bf035deab650d5cf4c57cf49796,10425.310800,0.053
e572651326f1337845b6b98e94175d4dc9ec1338a73d1ab7ac61170ccaf88297,d92f8485c6246b3992a693f22bcc446a2f3d552d1b0cecc3fe637dec8f61e1ac,10431.855582,42.005
b34e792718773cd207a3d3bb54979d4952f301dd15d6f091f57008f075958309,2f796c78515eb95a2d835ebf50326db182a91dce43f6d21d5785e80565851355,10457.905930,1.472
e572651326f1337845b6b98e94175d4dc9ec1338a73d1ab7ac61170ccaf88297,d92f8485c6246b3992a693f22bcc446a2f3d552d1b0cecc3fe637dec8f61e1ac,10460.951702,56.537
e572651326f1337845b6b98e94175d4dc9ec1338a73d1ab7ac61170ccaf88297,d92f8485c6246b3992a693f22bcc446a2f3d552d1b0cecc3fe637dec8f61e1ac,10462.248110,85.141
eddb92315799e0eaf5d18b84bc5948186fbc33c0190b04c815d75765a979435c,110010ce3452fe8d402b60888cc981d5c1f099fa94092e745a629835ecdb9f51,10469.740336,0.063
739faf50968804bd83adaade1c616b404ad02f354b6bb167295319b0ae5d9899,ca74b92087483a16a012c94b147c899e246570904c23a537cb8daeb2096ce52d,10470.769920,0.852
d9c9a39425c8044015e05eaf8330a6e48bad0e3edf1ec032098fb2c8b045c0b9,55b5c6b8e25e560a5244c522674fa8ad6f8dec1b83a702650726d57f2547c47c,10474.286074,0.075
739faf50968804bd83adaade1c616b404ad02f354b6bb167295319b0ae5d9899,ca74b92087483a16a012c94b147c899e246570904c23a537cb8daeb2096ce52d,10475.075244,1.110
739faf50968804bd83adaade1c616b404ad02f354b6bb167295319b0ae5d9899,ca74b92087483a16a012c94b147c899e246570904c23a537cb8daeb2096ce52d,10477.511382,0.265
739faf50968804bd83adaade1c616b404ad02f354b6bb167295319b0ae5d9899,ca74b92087483a16a012c94b147c899e246570904c23a537cb8daeb2096ce52d,10477.865425,0.906
b34e792718773cd207a3d3bb54979d4952f301dd15d6f091f57008f075958309,2f796c78515eb95a2d835ebf50326db182a91dce43f6d21d5785e80565851355,10481.454038,1.969
aa09fd0de23af2f42704ea3f7a832860e356cb21fbe99fb4c513e0ac64da3ce9,a7220d0ede28b7b3aa0f0607ca44f14e871e76cab8c30bfd0134e64230326622,10485.970940,0.096
e572651326f1337845b6b98e94175d4dc9ec1338a73d1ab7ac61170ccaf88297,5d5cbd388a16ee5f19e2c8c5df4ac7a74ad36fdc9b8a8b0489074a41d61b6884,10486.355113,11.973
e572651326f1337845b6b98e94175d4dc9ec1338a73d1ab7ac61170ccaf88297,d92f8485c6246b3992a693f22bcc446a2f3d552d1b0cecc3fe637dec8f61e1ac,10496.297952,40.925
739faf50968804bd83adaade1c616b404ad02f354b6bb167295319b0ae5d9899,ca74b92087483a16a012c94b147c899e246570904c23a537cb8daeb2096ce52d,10503.020089,2.122
a12f22a3f771308d969fd56d18df65bf6960a4101a3daa4cef878997a2e1978b,664c8bd366fc401f874d793373a2aafc5a5a506e2e04d325d5d83557d6df7502,10505.866009,0.034
739faf50968804bd83adaade1c616b404ad02f354b6bb167295319b0ae5d9899,ca74b92087483a16a012c94b147c899e246570904c23a537cb8daeb2096ce52d,10509.829169,0.697
b34e792718773cd207a3d3bb54979d4952f301dd15d6f091f57008f075958309,541379714c2250706dfd8b76765ae74953f871377238b361a8666f510afeba58,10536.683551,29.666
99ae030b60cf247520cab75889c7e2f4c8be9422fce8cc2dc30c53820d8e487b,68b7a052a1a75027d0ba4031c39237121a4d32fa66b59c585684af85c61349ac,10540.192428,0.220
a12f22a3f771308d969fd56d18df65bf6960a4101a3daa4cef878997a2e1978b,664c8bd366fc401f874d793373a2aafc5a5a506e2e04d325d5d83557d6df7502,10542.744943,0.084
e572651326f1337845b6b98e94175d4dc9ec1338a73d1ab7ac61170ccaf88297,d92f8485c6246b3992a693f22bcc446a2f3d552d1b0cecc3fe637dec8f61e1ac,10547.127504,108.788
e572651326f1337845b6b98e94175d4dc9ec1338a73d1ab7ac61170ccaf88297,518cd8f12974202d11b5a16a5437a6a560186fbe9584862c601084cbc18761c6,10610.493319,0.156
b2446308f35282348f1c6388346d932f610301eaa65bd0c283d8fb949d15e7cc,db87b76b1f5c22aeb78e8ddae62a3f5b78f28580d14b2d7f7f773702f2da3a3b,10612.838379,0.063
cf54d1572c1d632986590f22a8313559a433bd667a10d3d3dae5912dcba6ea78,b259c1e9f9b5415e24c8b3e31485942012cde025f7115eb6c3b87d91de9ef892,10612.970941,0.057
b2446308f35282348f1c6388346d932f610301eaa65bd0c283d8fb949d15e7cc,db87b76b1f5c22aeb78e8ddae62a3f5b78f28580d14b2d7f7f773702f2da3a3b,10613.765653,0.032
e572651326f1337845b6b98e94175d4dc9ec1338a73d1ab7ac61170ccaf88297,d92f8485c6246b3992a693f22bcc446a2f3d552d1b0cecc3fe637dec8f61e1ac,10633.255396,277.630
e572651326f1337845b6b98e94175d4dc9ec1338a73d1ab7ac61170ccaf88297,518cd8f12974202d11b5a16a5437a6a560186fbe9584862c601084cbc18761c6,10641.255516,0.552
e572651326f1337845b6b98e94175d4dc9ec1338a73d1ab7ac61170ccaf88297,5d5cbd388a16ee5f19e2c8c5df4ac7a74ad36fdc9b8a8b0489074a41d61b6884,10644.634013,16.827
739faf50968804bd83adaade1c616b404ad02f354b6bb167295319b0ae5d9899,ca74b92087483a16a012c94b147c899e246570904c23a537cb8daeb2096ce52d,10654.473108,1.447
f7b8083a0342944f477b97a321506ae52fc6e2e76bf6042f2280c281f43ee10d,4b2c05f30bc5080fb3ff505c4051509a4406f733b9ccd3386fa0900f3ae0d9bf,10656.837960,0.013
739faf50968804bd83adaade1c616b404ad02f354b6bb167295319b0ae5d9899,ca74b92087483a16a012c94b147c899e246570904c23a537cb8daeb2096ce52d,10659.356771,0.343
eddb92315799e0eaf5d18b84bc5948186fbc33c0190b04c815d75765a979435c,110010ce3452fe8d402b60888cc981d5c1f099fa94092e745a629835ecdb9f51,10660.554139,0.051
aa09fd0de23af2f42704ea3f7a832860e356cb21fbe99fb4c513e0ac64da3ce9,a7220d0ede28b7b3aa0f0607ca44f14e871e76cab8c30bfd0134e64230326622,10672.996727,0.067
87b8ec9b41644a8b32cf64798ee6e0d8d7e5948575669ae9c5a8435a10813266,13220cb8f5b7112c02f2481c968497db0f96a9b6d45bc7204086d9914d5596b5,10675.139904,22.406
e572651326f1337845b6b98e94175d4dc9ec1338a73d1ab7ac61170ccaf88297,5d5cbd388a16ee5f19e2c8c5df4ac7a74ad36fdc9b8a8b0489074a41d61b6884,10689.751150,8.817
739faf50968804bd83adaade1c616b404ad02f354b6bb167295319b0ae5d9899,ca74b92087483a16a012c94b147c899e246570904c23a537cb8daeb2096ce52d,10694.338430,0.778
739faf50968804bd83adaade1c616b404ad02f354b6bb167295319b0ae5d9899,ca74b92087483a16a012c94b147c899e246570904c23a537cb8daeb2096ce52d,10695.843067,1.552
f7b8083a0342944f477b97a321506ae52fc6e2e76bf6042f2280c281f43ee10d,d414dfb669aa29482336ef26db33feead9a3bd71190ba5d44412a9f8bedf26de,10696.242987,59.982
cf54d1572c1d632986590f22a8313559a433bd667a10d3d3dae5912dcba6ea78,b259c1e9f9b5415e24c8b3e31485942012cde025f7115eb6c3b87d91de9ef892,10701.386182,0.065
e572651326f1337845b6b98e94175d4dc9ec1338a73d1ab7ac61170ccaf88297,518cd8f12974202d11b5a16a5437a6a560186fbe9584862c601084cbc18761c6,10701.903635,0.680
7475824cc4748c3fc8576d1ba486950f36d81d9cb5336cc1da801ef313b516d8,eac0d7c37985ac4669b288f34505f79c6df5fc76371ca3b80b783133b39adfbd,10704.188290,39.130
e572651326f1337845b6b98e94175d4dc9ec1338a73d1ab7ac61170ccaf88297,5d5cbd388a16ee5f19e2c8c5df4ac7a74ad36fdc9b8a8b0489074a41d61b6884,10704.362249,24.813
e572651326f1337845b6b98e94175d4dc9ec1338a73d1ab7ac61170ccaf88297,5d5cbd388a16ee5f19e2c8c5df4ac7a74ad36fdc9b8a8b0489074a41d61b6884,10724.082292,32.247
e572651326f1337845b6b98e94175d4dc9ec1338a73d1ab7ac61170ccaf88297,518cd8f12974202d11b5a16a5437a6a560186fbe9584862c601084cbc18761c6,10726.633377,0.434
e572651326f1337845b6b98e94175d4dc9ec1338a73d1ab7ac61170ccaf88297,d92f8485c6246b3992a693f22bcc446a2f3d552d1b0cecc3fe637dec8f61e1ac,10729.260110,109.526
b34e792718773cd207a3d3bb54979d4952f301dd15d6f091f57008f075958309,541379714c2250706dfd8b76765ae74953f871377238b361a8666f510afeba58,10731.143801,170.759
739faf50968804bd83adaade1c616b404ad02f354b6bb167295319b0ae5d9899,ca74b92087483a16a012c94b147c899e246570904c23a537cb8daeb2096ce52d,10731.893096,1.433
739faf50968804bd83adaade1c616b404ad02f354b6bb167295319b0ae5d9899,ca74b92087483a16a012c94b147c899e246570904c23a537cb8daeb2096ce52d,10734.815279,0.689
d9c9a39425c8044015e05eaf8330a6e48bad0e3edf1ec032098fb2c8b045c0b9,7fd157a7b694ec9235842e5191f04eb673f536c6f3bb37a9dc868eaeb977de9b,10756.981915,1.224
739faf50968804bd83adaade1c616b404ad02f354b6bb167295319b0ae5d9899,ca74b92087483a16a012c94b147c899e246570904c23a537cb8daeb2096ce52d,10758.136102,0.532
739faf50968804bd83adaade1c616b404ad02f354b6bb167295319b0ae5d9899,ca74b92087483a16a012c94b147c899e246570904c23a537cb8daeb2096ce52d,10761.199348,0.912
739faf50968804bd83adaade1c616b404ad02f354b6bb167295319b0ae5d9899,ca74b92087483a16a012c94b147c899e246570904c23a537cb8daeb2096ce52d,10765.680240,0.615
e572651326f1337845b6b98e94175d4dc9ec1338a73d1ab7ac61170ccaf88297,5d5cbd388a16ee5f19e2c8c5df4ac7a74ad36fdc9b8a8b0489074a41d61b6884,10771.502985,28.329
b2446308f35282348f1c6388346d932f610301eaa65bd0c283d8fb949d15e7cc,d206b500d8a622c7c6e606402b6f218d95ee19d6805d57bd7d6698351eea831a,10778.323377,45.743
739faf50968804bd83adaade1c616b404ad02f354b6bb167295319b0ae5d9899,ca74b92087483a16a012c94b147c899e246570904c23a537cb8daeb2096ce52d,10787.900450,1.244
cf54d1572c1d632986590f22a8313559a433bd667a10d3d3dae5912dcba6ea78,b259c1e9f9b5415e24c8b3e31485942012cde025f7115eb6c3b87d91de9ef892,10789.670912,0.048
a12f22a3f771308d969fd56d18df65bf6960a4101a3daa4cef878997a2e1978b,664c8bd366fc401f874d793373a2aafc5a5a506e2e04d325d5d83557d6df7502,10791.335904,0.038
a279432833a21dc66309e252ef3f48f1ddc9eb706839d037a00b3f9f545c5e2d,96b2b81126ccc77b62f8e30b2d3ae9fd295c3bf035deab650d5cf4c57cf49796,10802.129245,0.028
4bd219625127e9d2e12f7eb21015642ad64f42ea61a16f5577db0c2e7a54d4cf,97c31670ec24a392969c8bc769ded28f0ea827f99e77c918ebe894b02f4511dd,10805.730291,10.795
e572651326f1337845b6b98e94175d4dc9ec1338a73d1ab7ac61170ccaf88297,d92f8485c6246b3992a693f22bcc446a2f3d552d1b0cecc3fe637dec8f61e1ac,10810.468983,14.791
cf54d1572c1d632986590f22a8313559a433bd667a10d3d3dae5912dcba6ea78,b259c1e9f9b5415e24c8b3e31485942012cde025f7115eb6c3b87d91de9ef892,10811.421106,0.044
739faf50968804bd83adaade1c616b404ad02f354b6bb167295319b0ae5d9899,ca74b92087483a16a012c94b147c899e246570904c23a537cb8daeb2096ce52d,10813.637923,0.890
e572651326f1337845b6b98e94175d4dc9ec1338a73d1ab7ac61170ccaf88297,d92f8485c6246b3992a693f22bcc446a2f3d552d1b0cecc3fe637dec8f61e1ac,10814.166143,29.552
e572651326f1337845b6b98e94175d4dc9ec1338a73d1ab7ac61170ccaf88297,5d5cbd388a16ee5f19e2c8c5df4ac7a74ad36fdc9b8a8b0489074a41d61b6884,10816.965839,6.074
e572651326f1337845b6b98e94175d4dc9ec1338a73d1ab7ac61170ccaf88297,5d5cbd388a16ee5f19e2c8c5df4ac7a74ad36fdc9b8a8b0489074a41d61b6884,10822.536848,16.202
d9c9a39425c8044015e05eaf8330a6e48bad0e3edf1ec032098fb2c8b045c0b9,55b5c6b8e25e560a5244c522674fa8ad6f8dec1b83a702650726d57f2547c47c,10822.570353,0.018
739faf50968804bd83adaade1c616b404ad02f354b6bb167295319b0ae5d9899,ca74b92087483a16a012c94b147c899e246570904c23a537cb8daeb2096ce52d,10823.666628,1.026
739faf50968804bd83adaade1c616b404ad02f354b6bb167295319b0ae5d9899,ca74b92087483a16a012c94b147c899e246570904c23a537cb8daeb2096ce52d,10831.990718,1.112
e572651326f1337845b6b98e94175d4dc9ec1338a73d1ab7ac61170ccaf88297,518cd8f12974202d11b5a16a5437a6a560186fbe9584862c601084cbc18761c6,10834.269353,0.181
e572651326f1337845b6b98e94175d4dc9ec1338a73d1ab7ac61170ccaf88297,518cd8f12974202d11b5a16a5437a6a560186fbe9584862c601084cbc18761c6,10834.462284,0.181
a12f22a3f771308d969fd56d18df65bf6960a4101a3daa4cef878997a2e1978b,5c9849d631846bbec88a0601bf6b0ba43d9e757dbe6f64ca8e4875ba49f7b794,10841.306502,22.003
e572651326f1337845b6b98e94175d4dc9ec1338a73d1ab7ac61170ccaf88297,518cd8f12974202d11b5a16a5437a6a560186fbe9584862c601084cbc18761c6,10843.027996,0.332
a12f22a3f771308d969fd56d18df65bf6960a4101a3daa4cef878997a2e1978b,5c9849d631846bbec88a0601bf6b0ba43d9e757dbe6f64ca8e4875ba49f7b794,10844.700627,13.933
f7b8083a0342944f477b97a321506ae52fc6e2e76bf6042f2280c281f43ee10d,4b2c05f30bc5080fb3ff505c4051509a4406f733b9ccd3386fa0900f3ae0d9bf,10846.194053,0.033
cf54d1572c1d632986590f22a8313559a433bd667a10d3d3dae5912dcba6ea78,b259c1e9f9b5415e24c8b3e31485942012cde025f7115eb6c3b87d91de9ef892,10850.028682,0.063
cf54d1572c1d632986590f22a8313559a433bd667a10d3d3dae5912dcba6ea78,b259c1e9f9b5415e24c8b3e31485942012cde025f7115eb6c3b87d91de9ef892,10857.917103,0.036
efcdd56913d0ce6927045a6f4e8bc025d4bc3a901c3f657e7c0c0d52a157e940,d3001621518a70a020141bf2f78060d34d8b1d6a417c7d5ad0650366921617ac,10861.320480,0.286
e572651326f1337845b6b98e94175d4dc9ec1338a73d1ab7ac61170ccaf88297,d92f8485c6246b3992a693f22bcc446a2f3d552d1b0cecc3fe637dec8f61e1ac,10864.181071,109.786
b2446308f35282348f1c6388346d932f610301eaa65bd0c283d8fb949d15e7cc,d206b500d8a622c7c6e606402b6f218d95ee19d6805d57bd7d6698351eea831a,10868.434180,62.389
36918b2e6c7d7af242c355afc840cf4665e3ea068cf464571367b9c37779bf80,7256bfbb7f3fd68f57187fc7395b4cbcb317c2abb99ee066d02f0844dbcb8ee7,10869.122235,3.243
739faf50968804bd83adaade1c616b404ad02f354b6bb167295319b0ae5d9899,ca74b92087483a16a012c94b147c899e246570904c23a537cb8daeb2096ce52d,10884.661289,0.289
cf54d1572c1d632986590f22a8313559a433bd667a10d3d3dae5912dcba6ea78,b259c1e9f9b5415e24c8b3e31485942012cde025f7115eb6c3b87d91de9ef892,10888.433548,0.166
a12f22a3f771308d969fd56d18df65bf6960a4101a3daa4cef878997a2e1978b,664c8bd366fc401f874d793373a2aafc5a5a506e2e04d325d5d83557d6df7502,10890.228617,0.056
87b8ec9b41644a8b32cf64798ee6e0d8d7e5948575669ae9c5a8435a10813266,9d4311638952a6ecefb68603a4ade3f6aedf1ff5a2f359c67bbef939d6a2e6dc,10891.211306,0.102
739faf50968804bd83adaade1c616b404ad02f354b6bb167295319b0ae5d9899,ca74b92087483a16a012c94b147c899e246570904c23a537cb8daeb2096ce52d,10892.806822,1.610
cf54d1572c1d632986590f22a8313559a433bd667a10d3d3dae5912dcba6ea78,b259c1e9f9b5415e24c8b3e31485942012cde025f7115eb6c3b87d91de9ef892,10903.401376,0.046
e572651326f1337845b6b98e94175d4dc9ec1338a73d1ab7ac61170ccaf88297,5d5cbd388a16ee5f19e2c8c5df4ac7a74ad36fdc9b8a8b0489074a41d61b6884,10912.003284,8.821
87b8ec9b41644a8b32cf64798ee6e0d8d7e5948575669ae9c5a8435a10813266,9d4311638952a6ecefb68603a4ade3f6aedf1ff5a2f359c67bbef939d6a2e6dc,10915.547920,0.270
739faf50968804bd83adaade1c616b404ad02f354b6bb167295319b0ae5d9899,ca74b92087483a16a012c94b147c899e246570904c23a537cb8daeb2096ce52d,10917.190301,0.794
e572651326f1337845b6b98e94175d4dc9ec1338a73d1ab7ac61170ccaf88297,d92f8485c6246b3992a693f22bcc446a2f3d552d1b0cecc3fe637dec8f61e1ac,10924.343810,40.329
f7b8083a0342944f477b97a321506ae52fc6e2e76bf6042f2280c281f43ee10d,4b2c05f30bc5080fb3ff505c4051509a4406f733b9ccd3386fa0900f3ae0d9bf,10935.403421,0.029
efcdd56913d0ce6927045a6f4e8bc025d4bc3a901c3f657e7c0c0d52a157e940,d3001621518a70a020141bf2f78060d34d8b1d6a417c7d5ad0650366921617ac,10945.595458,0.126
b34e792718773cd207a3d3bb54979d4952f301dd15d6f091f57008f075958309,541379714c2250706dfd8b76765ae74953f871377238b361a8666f510afeba58,10946.797362,35.104
cf54d1572c1d632986590f22a8313559a433bd667a10d3d3dae5912dcba6ea78,b259c1e9f9b5415e24c8b3e31485942012cde025f7115eb6c3b87d91de9ef892,10949.596898,0.033
739faf50968804bd83adaade1c616b404ad02f354b6bb167295319b0ae5d9899,ca74b92087483a16a012c94b147c899e246570904c23a537cb8daeb2096ce52d,10955.802159,0.724
739faf50968804bd83adaade1c616b404ad02f354b6bb167295319b0ae5d9899,ca74b92087483a16a012c94b147c899e246570904c23a537cb8daeb2096ce52d,10966.920040,0.685
a279432833a21dc66309e252ef3f48f1ddc9eb706839d037a00b3f9f545c5e2d,96b2b81126ccc77b62f8e30b2d3ae9fd295c3bf035deab650d5cf4c57cf49796,10967.422322,0.109
36918b2e6c7d7af242c355afc840cf4665e3ea068cf464571367b9c37779bf80,7256bfbb7f3fd68f57187fc7395b4cbcb317c2abb99ee066d02f0844dbcb8ee7,10968.063935,1.610
739faf50968804bd83adaade1c616b404ad02f354b6bb167295319b0ae5d9899,ca74b92087483a16a012c94b147c899e246570904c23a537cb8daeb2096ce52d,10969.394144,2.614
e572651326f1337845b6b98e94175d4dc9ec1338a73d1ab7ac61170ccaf88297,d92f8485c6246b3992a693f22bcc446a2f3d552d1b0cecc3fe637dec8f61e1ac,10975.369406,27.088
739faf50968804bd83adaade1c616b404ad02f354b6bb167295319b0ae5d9899,ca74b92087483a16a012c94b147c899e246570904c23a537cb8daeb2096ce52d,10975.600565,0.549
64db848c9bc5db515c94ab30eee3c35decfe835ca8a6c40b0821fe30aaa04cdb,f219acf93580c06f4504a74e90b2f826094f3544ca2f60a49b929ab5d1f80d31,10982.294354,2.922
e572651326f1337845b6b98e94175d4dc9ec1338a73d1ab7ac61170ccaf88297,d92f8485c6246b3992a693f22bcc446a2f3d552d1b0cecc3fe637dec8f61e1ac,10982.955276,98.284
cf54d1572c1d632986590f22a8313559a433bd667a10d3d3dae5912dcba6ea78,b259c1e9f9b5415e24c8b3e31485942012cde025f7115eb6c3b87d91de9ef892,10983.406983,0.038
739faf50968804bd83adaade1c616b404ad02f354b6bb167295319b0ae5d9899,ca74b92087483a16a012c94b147c899e246570904c23a537cb8daeb2096ce52d,10983.696967,0.375
64db848c9bc5db515c94ab30eee3c35decfe835ca8a6c40b0821fe30aaa04cdb,f219acf93580c06f4504a74e90b2f826094f3544ca2f60a49b929ab5d1f80d31,10988.781340,7.271
e572651326f1337845b6b98e94175d4dc9ec1338a73d1ab7ac61170ccaf88297,d92f8485c6246b3992a693f22bcc446a2f3d552d1b0cecc3fe637dec8f61e1ac,10991.521776,42.025
a7cf2f4bb45576518350fb91bb84800146f1dc257896e3b46b901095987e2a1c,6a144e613e2220f49247934c6e896484265f3763008c3235599da7133c320b63,10992.492458,0.185
e572651326f1337845b6b98e94175d4dc9ec1338a73d1ab7ac61170ccaf88297,d92f8485c6246b3992a693f22bcc446a2f3d552d1b0cecc3fe637dec8f61e1ac,11001.569750,75.674
b34e792718773cd207a3d3bb54979d4952f301dd15d6f091f57008f075958309,2f796c78515eb95a2d835ebf50326db182a91dce43f6d21d5785e80565851355,11011.532800,1.867
739faf50968804bd83adaade1c616b404ad02f354b6bb167295319b0ae5d9899,ca74b92087483a16a012c94b147c899e246570904c23a537cb8daeb2096ce52d,11023.720116,1.005
87b8ec9b41644a8b32cf64798ee6e0d8d7e5948575669ae9c5a8435a10813266,9d4311638952a6ecefb68603a4ade3f6aedf1ff5a2f359c67bbef939d6a2e6dc,11027.099069,0.545
e572651326f1337845b6b98e94175d4dc9ec1338a73d1ab7ac61170ccaf88297,518cd8f12974202d11b5a16a5437a6a560186fbe9584862c601084cbc18761c6,11032.119350,0.193
f7b8083a0342944f477b97a321506ae52fc6e2e76bf6042f2280c281f43ee10d,4b2c05f30bc5080fb3ff505c4051509a4406f733b9ccd3386fa0900f3ae0d9bf,11032.119723,0.050
e572651326f1337845b6b98e94175d4dc9ec1338a73d1ab7ac61170ccaf88297,d92f8485c6246b3992a693f22bcc446a2f3d552d1b0cecc3fe637dec8f61e1ac,11041.634869,57.182
d9c9a39425c8044015e05eaf8330a6e48bad0e3edf1ec032098fb2c8b045c0b9,7fd157a7b694ec9235842e5191f04eb673f536c6f3bb37a9dc868eaeb977de9b,11042.597050,1.417
87b8ec9b41644a8b32cf64798ee6e0d8d7e5948575669ae9c5a8435a10813266,b85146d6fb2fb1b37a7b668f36287a534543da7a2bc393eac28fd9e974908af0,11044.352018,7.612
e572651326f1337845b6b98e94175d4dc9ec1338a73d1ab7ac61170ccaf88297,518cd8f12974202d11b5a16a5437a6a560186fbe9584862c601084cbc18761c6,11055.271078,0.206
739faf50968804bd83adaade1c616b404ad02f354b6bb167295319b0ae5d9899,ca74b92087483a16a012c94b147c899e246570904c23a537cb8daeb2096ce52d,11059.339131,0.386
e572651326f1337845b6b98e94175d4dc9ec1338a73d1ab7ac61170ccaf88297,5d5cbd388a16ee5f19e2c8c5df4ac7a74ad36fdc9b8a8b0489074a41d61b6884,11065.130411,4.548
aa09fd0de23af2f42704ea3f7a832860e356cb21fbe99fb4c513e0ac64da3ce9,a7220d0ede28b7b3aa0f0607ca44f14e871e76cab8c30bfd0134e64230326622,11067.719329,0.061
739faf50968804bd83adaade1c616b404ad02f354b6bb167295319b0ae5d9899,ca74b92087483a16a012c94b147c899e246570904c23a537cb8daeb2096ce52d,11068.571362,1.391
739faf50968804bd83adaade1c616b404ad02f354b6bb167295319b0ae5d9899,ca74b92087483a16a012c94b147c899e246570904c23a537cb8daeb2096ce52d,11073.846566,0.608
efcdd56913d0ce6927045a6f4e8bc025d4bc3a901c3f657e7c0c0d52a157e940,d3001621518a70a020141bf2f78060d34d8b1d6a417c7d5ad0650366921617ac,11085.394102,0.125
739faf50968804bd83adaade1c616b404ad02f354b6bb167295319b0ae5d9899,ca74b92087483a16a012c94b147c899e246570904c23a537cb8daeb2096ce52d,11098.025781,2.016
87b8ec9b41644a8b32cf64798ee6e0d8d7e5948575669ae9c5a8435a10813266,13220cb8f5b7112c02f2481c968497db0f96a9b6d45bc7204086d9914d5596b5,11100.566820,105.356
eddb92315799e0eaf5d18b84bc5948186fbc33c0190b04c815d75765a979435c,78ec164daacd5c9e215e76ca4dfb2d1ef3a94743f8b329a281a0e9782a09f749,11108.260150,134.640
a12f22a3f771308d969fd56d18df65bf6960a4101a3daa4cef878997a2e1978b,664c8bd366fc401f874d793373a2aafc5a5a506e2e04d325d5d83557d6df7502,11108.578927,0.049
e572651326f1337845b6b98e94175d4dc9ec1338a73d1ab7ac61170ccaf88297,d92f8485c6246b3992a693f22bcc446a2f3d552d1b0cecc3fe637dec8f61e1ac,11109.796215,50.025
739faf50968804bd83adaade1c616b404ad02f354b6bb167295319b0ae5d9899,ca74b92087483a16a012c94b147c899e246570904c23a537cb8daeb2096ce52d,11111.611985,1.474
739faf50968804bd83adaade1c616b404ad02f354b6bb167295319b0ae5d9899,ca74b92087483a16a012c94b147c899e246570904c23a537cb8daeb2096ce52d,11115.552002,1.310
739faf50968804bd83adaade1c616b404ad02f354b6bb167295319b0ae5d9899,ca74b92087483a16a012c94b147c899e246570904c23a537cb8daeb2096ce52d,11129.760045,0.811
cf54d1572c1d632986590f22a8313559a433bd667a10d3d3dae5912dcba6ea78,b259c1e9f9b5415e24c8b3e31485942012cde025f7115eb6c3b87d91de9ef892,11132.912648,0.040
d9c9a39425c8044015e05eaf8330a6e48bad0e3edf1ec032098fb2c8b045c0b9,7fd157a7b694ec9235842e5191f04eb673f536c6f3bb37a9dc868eaeb977de9b,11135.084739,0.510
e572651326f1337845b6b98e94175d4dc9ec1338a73d1ab7ac61170ccaf88297,d92f8485c6246b3992a693f22bcc446a2f3d552d1b0cecc3fe637dec8f61e1ac,11135.583794,149.326
b34e792718773cd207a3d3bb54979d4952f301dd15d6f091f57008f075958309,541379714c2250706dfd8b76765ae74953f871377238b361a8666f510afeba58,11141.382838,42.141
739faf50968804bd83adaade1c616b404ad02f354b6bb167295319b0ae5d9899,ca74b92087483a16a012c94b147c899e246570904c23a537cb8daeb2096ce52d,11141.791362,1.030
e572651326f1337845b6b98e94175d4dc9ec1338a73d1ab7ac61170ccaf88297,d92f8485c6246b3992a693f22bcc446a2f3d552d1b0cecc3fe637dec8f61e1ac,11141.931153,16.726
739faf50968804bd83adaade1c616b404ad02f354b6bb167295319b0ae5d9899,ca74b92087483a16a012c94b147c899e246570904c23a537cb8daeb2096ce52d,11147.131742,0.689
7475824cc4748c3fc8576d1ba486950f36d81d9cb5336cc1da801ef313b516d8,c8d99a8658319d5874fe33684bea9d87fab76b5593481d4d66145bec971607b3,11147.460610,0.111
739faf50968804bd83adaade1c616b404ad02f354b6bb167295319b0ae5d9899,ca74b92087483a16a012c94b147c899e246570904c23a537cb8daeb2096ce52d,11157.712313,1.196
739faf50968804bd83adaade1c616b404ad02f354b6bb167295319b0ae5d9899,ca74b92087483a16a012c94b147c899e246570904c23a537cb8daeb2096ce52d,11168.851638,0.736
a12f22a3f771308d969fd56d18df65bf6960a4101a3daa4cef878997a2e1978b,5c9849d631846bbec88a0601bf6b0ba43d9e757dbe6f64ca8e4875ba49f7b794,11172.981154,10.659
a12f22a3f771308d969fd56d18df65bf6960a4101a3daa4cef878997a2e1978b,664c8bd366fc401f874d793373a2aafc5a5a506e2e04d325d5d83557d6df7502,11173.859881,0.056
739faf50968804bd83adaade1c616b404ad02f354b6bb167295319b0ae5d9899,ca74b92087483a16a012c94b147c899e246570904c23a537cb8daeb2096ce52d,11180.705630,0.770
e572651326f1337845b6b98e94175d4dc9ec1338a73d1ab7ac61170ccaf88297,5d5cbd388a16ee5f19e2c8c5df4ac7a74ad36fdc9b8a8b0489074a41d61b6884,11203.351415,10.235
e572651326f1337845b6b98e94175d4dc9ec1338a73d1ab7ac61170ccaf88297,518cd8f12974202d11b5a16a5437a6a560186fbe9584862c601084cbc18761c6,11203.767871,0.184
d9c9a39425c8044015e05eaf8330a6e48bad0e3edf1ec032098fb2c8b045c0b9,7fd157a7b694ec9235842e5191f04eb673f536c6f3bb37a9dc868eaeb977de9b,11204.432185,0.796
e572651326f1337845b6b98e94175d4dc9ec1338a73d1ab7ac61170ccaf88297,d92f8485c6246b3992a693f22bcc446a2f3d552d1b0cecc3fe637dec8f61e1ac,11216.515057,83.902
e572651326f1337845b6b98e94175d4dc9ec1338a73d1ab7ac61170ccaf88297,5d5cbd388a16ee5f19e2c8c5df4ac7a74ad36fdc9b8a8b0489074a41d61b6884,11226.425486,8.126
b2446308f35282348f1c6388346d932f610301eaa65bd0c283d8fb949d15e7cc,db87b76b1f5c22aeb78e8ddae62a3f5b78f28580d14b2d7f7f773702f2da3a3b,11231.803267,0.104
739faf50968804bd83adaade1c616b404ad02f354b6bb167295319b0ae5d9899,ca74b92087483a16a012c94b147c899e246570904c23a537cb8daeb2096ce52d,11234.081031,0.321
e572651326f1337845b6b98e94175d4dc9ec1338a73d1ab7ac61170ccaf88297,518cd8f12974202d11b5a16a5437a6a560186fbe9584862c601084cbc18761c6,11237.535667,0.364
87b8ec9b41644a8b32cf64798ee6e0d8d7e5948575669ae9c5a8435a10813266,13220cb8f5b7112c02f2481c968497db0f96a9b6d45bc7204086d9914d5596b5,11247.900770,22.681
739faf50968804bd83adaade1c616b404ad02f354b6bb167295319b0ae5d9899,ca74b92087483a16a012c94b147c899e246570904c23a537cb8daeb2096ce52d,11248.412608,0.372
739faf50968804bd83adaade1c616b404ad02f354b6bb167295319b0ae5d9899,ca74b92087483a16a012c94b147c899e246570904c23a537cb8daeb2096ce52d,11253.096382,1.307
739faf50968804bd83adaade1c616b404ad02f354b6bb167295319b0ae5d9899,ca74b92087483a16a012c94b147c899e246570904c23a537cb8daeb2096ce52d,11256.508877,1.073
739faf50968804bd83adaade1c616b404ad02f354b6bb167295319b0ae5d9899,ca74b92087483a16a012c94b147c899e246570904c23a537cb8daeb2096ce52d,11258.729354,1.615
cf54d1572c1d632986590f22a8313559a433bd667a10d3d3dae5912dcba6ea78,b259c1e9f9b5415e24c8b3e31485942012cde025f7115eb6c3b87d91de9ef892,11266.787402,0.079
e572651326f1337845b6b98e94175d4dc9ec1338a73d1ab7ac61170ccaf88297,5d5cbd388a16ee5f19e2c8c5df4ac7a74ad36fdc9b8a8b0489074a41d61b6884,11268.253640,6.742
eddb92315799e0eaf5d18b84bc5948186fbc33c0190b04c815d75765a979435c,78ec164daacd5c9e215e76ca4dfb2d1ef3a94743f8b329a281a0e9782a09f749,11269.217222,16.642
e572651326f1337845b6b98e94175d4dc9ec1338a73d1ab7ac61170ccaf88297,5d5cbd388a16ee5f19e2c8c5df4ac7a74ad36fdc9b8a8b0489074a41d61b6884,11271.619477,10.527
739faf50968804bd83adaade1c616b404ad02f354b6bb167295319b0ae5d9899,ca74b92087483a16a012c94b147c899e246570904c23a537cb8daeb2096ce52d,11274.076696,0.677
d9c9a39425c8044015e05eaf8330a6e48bad0e3edf1ec032098fb2c8b045c0b9,55b5c6b8e25e560a5244c522674fa8ad6f8dec1b83a702650726d57f2547c47c,11280.501061,0.031
739faf50968804bd83adaade1c616b404ad02f354b6bb167295319b0ae5d9899,ca74b92087483a16a012c94b147c899e246570904c23a537cb8daeb2096ce52d,11281.635781,0.553
aa09fd0de23af2f42704ea3f7a832860e356cb21fbe99fb4c513e0ac64da3ce9,a7220d0ede28b7b3aa0f0607ca44f14e871e76cab8c30bfd0134e64230326622,11297.101916,0.018
99ae030b60cf247520cab75889c7e2f4c8be9422fce8cc2dc30c53820d8e487b,68b7a052a1a75027d0ba4031c39237121a4d32fa66b59c585684af85c61349ac,11298.146613,0.223
99ae030b60cf247520cab75889c7e2f4c8be9422fce8cc2dc30c53820d8e487b,68b7a052a1a75027d0ba4031c39237121a4d32fa66b59c585684af85c61349ac,11304.537838,0.183
e572651326f1337845b6b98e94175d4dc9ec1338a73d1ab7ac61170ccaf88297,d92f8485c6246b3992a693f22bcc446a2f3d552d1b0cecc3fe637dec8f61e1ac,11313.392165,34.101
e572651326f1337845b6b98e94175d4dc9ec1338a73d1ab7ac61170ccaf88297,d92f8485c6246b3992a693f22bcc446a2f3d552d1b0cecc3fe637dec8f61e1ac,11316.665874,43.376
a12f22a3f771308d969fd56d18df65bf6960a4101a3daa4cef878997a2e1978b,5c9849d631846bbec88a0601bf6b0ba43d9e757dbe6f64ca8e4875ba49f7b794,11327.096002,10.137
aa09fd0de23af2f42704ea3f7a832860e356cb21fbe99fb4c513e0ac64da3ce9,a7220d0ede28b7b3aa0f0607ca44f14e871e76cab8c30bfd0134e64230326622,11328.211516,0.070
efcdd56913d0ce6927045a6f4e8bc025d4bc3a901c3f657e7c0c0d52a157e940,d3001621518a70a020141bf2f78060d34d8b1d6a417c7d5ad0650366921617ac,11329.749864,0.054
739faf50968804bd83adaade1c616b404ad02f354b6bb167295319b0ae5d9899,ca74b92087483a16a012c94b147c899e246570904c23a537cb8daeb2096ce52d,11332.045280,0.463
a12f22a3f771308d969fd56d18df65bf6960a4101a3daa4cef878997a2e1978b,664c8bd366fc401f874d793373a2aafc5a5a506e2e04d325d5d83557d6df7502,11342.876821,0.048
739faf50968804bd83adaade1c616b404ad02f354b6bb167295319b0ae5d9899,ca74b92087483a16a012c94b147c899e246570904c23a537cb8daeb2096ce52d,11347.379859,0.238
e572651326f1337845b6b98e94175d4dc9ec1338a73d1ab7ac61170ccaf88297,d92f8485c6246b3992a693f22bcc446a2f3d552d1b0cecc3fe637dec8f61e1ac,11348.453930,41.361
739faf50968804bd83adaade1c616b404ad02f354b6bb167295319b0ae5d9899,ca74b92087483a16a012c94b147c899e246570904c23a537cb8daeb2096ce52d,11350.043338,1.487
aa09fd0de23af2f42704ea3f7a832860e356cb21fbe99fb4c513e0ac64da3ce9,a7220d0ede28b7b3aa0f0607ca44f14e871e76cab8c30bfd0134e64230326622,11351.906306,0.076
739faf50968804bd83adaade1c616b404ad02f354b6bb167295319b0ae5d9899,ca74b92087483a16a012c94b147c899e246570904c23a537cb8daeb2096ce52d,11353.686341,1.948
eddb92315799e0eaf5d18b84bc5948186fbc33c0190b04c815d75765a979435c,9ecd2766ee6bd299d23bbc00b9a905d490ebeb2e675d857ef4f1bd4d5877c065,11364.965609,11.490
b2446308f35282348f1c6388346d932f610301eaa65bd0c283d8fb949d15e7cc,d206b500d8a622c7c6e606402b6f218d95ee19d6805d57bd7d6698351eea831a,11367.765071,19.029
e572651326f1337845b6b98e94175d4dc9ec1338a73d1ab7ac61170ccaf88297,518cd8f12974202d11b5a16a5437a6a560186fbe9584862c601084cbc18761c6,11373.115307,0.277
e572651326f1337845b6b98e94175d4dc9ec1338a73d1ab7ac61170ccaf88297,5d5cbd388a16ee5f19e2c8c5df4ac7a74ad36fdc9b8a8b0489074a41d61b6884,11375.858471,11.485
739faf50968804bd83adaade1c616b404ad02f354b6bb167295319b0ae5d9899,ca74b92087483a16a012c94b147c899e246570904c23a537cb8daeb2096ce52d,11376.259300,0.206
d9c9a39425c8044015e05eaf8330a6e48bad0e3edf1ec032098fb2c8b045c0b9,7fd157a7b694ec9235842e5191f04eb673f536c6f3bb37a9dc868eaeb977de9b,11377.548209,1.219
a12f22a3f771308d969fd56d18df65bf6960a4101a3daa4cef878997a2e1978b,664c8bd366fc401f874d793373a2aafc5a5a506e2e04d325d5d83557d6df7502,11380.687842,0.060
e572651326f1337845b6b98e94175d4dc9ec1338a73d1ab7ac61170ccaf88297,d92f8485c6246b3992a693f22bcc446a2f3d552d1b0cecc3fe637dec8f61e1ac,11381.668631,68.343
64db848c9bc5db515c94ab30eee3c35decfe835ca8a6c40b0821fe30aaa04cdb,f219acf93580c06f4504a74e90b2f826094f3544ca2f60a49b929ab5d1f80d31,11383.722057,2.056
e572651326f1337845b6b98e94175d4dc9ec1338a73d1ab7ac61170ccaf88297,d92f8485c6246b3992a693f22bcc446a2f3d552d1b0cecc3fe637dec8f61e1ac,11386.184135,103.704
739faf50968804bd83adaade1c616b404ad02f354b6bb167295319b0ae5d9899,ca74b92087483a16a012c94b147c899e246570904c23a537cb8daeb2096ce52d,11391.916722,0.500
87b8ec9b41644a8b32cf64798ee6e0d8d7e5948575669ae9c5a8435a10813266,b85146d6fb2fb1b37a7b668f36287a534543da7a2bc393eac28fd9e974908af0,11401.748326,2.313
87b8ec9b41644a8b32cf64798ee6e0d8d7e5948575669ae9c5a8435a10813266,b85146d6fb2fb1b37a7b668f36287a534543da7a2bc393eac28fd9e974908af0,11405.540233,3.413
739faf50968804bd83adaade1c616b404ad02f354b6bb167295319b0ae5d9899,ca74b92087483a16a012c94b147c899e246570904c23a537cb8daeb2096ce52d,11409.424398,0.579
f4930f068e300bc29cc1ba31414e01d1eaf55b1607c65985536c868ec9323990,f98b902a5d78635ca9426bf7b222c0f2e63e8316254891c86ab6c55292b5c8b2,11426.418766,0.222
b2446308f35282348f1c6388346d932f610301eaa65bd0c283d8fb949d15e7cc,d206b500d8a622c7c6e606402b6f218d95ee19d6805d57bd7d6698351eea831a,11445.200601,39.062
efcdd56913d0ce6927045a6f4e8bc025d4bc3a901c3f657e7c0c0d52a157e940,d3001621518a70a020141bf2f78060d34d8b1d6a417c7d5ad0650366921617ac,11450.167424,0.210
739faf50968804bd83adaade1c616b404ad02f354b6bb167295319b0ae5d9899,ca74b92087483a16a012c94b147c899e246570904c23a537cb8daeb2096ce52d,11457.844737,0.825
d9c9a39425c8044015e05eaf8330a6e48bad0e3edf1ec032098fb2c8b045c0b9,7fd157a7b694ec9235842e5191f04eb673f536c6f3bb37a9dc868eaeb977de9b,11458.690137,0.990
e572651326f1337845b6b98e94175d4dc9ec1338a73d1ab7ac61170ccaf88297,d92f8485c6246b3992a693f22bcc446a2f3d552d1b0cecc3fe637dec8f61e1ac,11465.626049,53.059
d9c9a39425c8044015e05eaf8330a6e48bad0e3edf1ec032098fb2c8b045c0b9,7fd157a7b694ec9235842e5191f04eb673f536c6f3bb37a9dc868eaeb977de9b,11469.309325,0.656
739faf50968804bd83adaade1c616b404ad02f354b6bb167295319b0ae5d9899,ca74b92087483a16a012c94b147c899e246570904c23a537cb8daeb2096ce52d,11496.864361,0.960
87b8ec9b41644a8b32cf64798ee6e0d8d7e5948575669ae9c5a8435a10813266,13220cb8f5b7112c02f2481c968497db0f96a9b6d45bc7204086d9914d5596b5,11497.693986,50.565
739faf50968804bd83adaade1c616b404ad02f354b6bb167295319b0ae5d9899,ca74b92087483a16a012c94b147c899e246570904c23a537cb8daeb2096ce52d,11511.314878,0.865
87b8ec9b41644a8b32cf64798ee6e0d8d7e5948575669ae9c5a8435a10813266,13220cb8f5b7112c02f2481c968497db0f96a9b6d45bc7204086d9914d5596b5,11512.634512,34.752
d9c9a39425c8044015e05eaf8330a6e48bad0e3edf1ec032098fb2c8b045c0b9,55b5c6b8e25e560a5244c522674fa8ad6f8dec1b83a702650726d57f2547c47c,11522.000986,0.113
739faf50968804bd83adaade1c616b404ad02f354b6bb167295319b0ae5d9899,ca74b92087483a16a012c94b147c899e246570904c23a537cb8daeb2096ce52d,11527.148546,1.085
eddb92315799e0eaf5d18b84bc5948186fbc33c0190b04c815d75765a979435c,78ec164daacd5c9e215e76ca4dfb2d1ef3a94743f8b329a281a0e9782a09f749,11534.132018,40.159
e572651326f1337845b6b98e94175d4dc9ec1338a73d1ab7ac61170ccaf88297,5d5cbd388a16ee5f19e2c8c5df4ac7a74ad36fdc9b8a8b0489074a41d61b6884,11537.208309,8.747
e572651326f1337845b6b98e94175d4dc9ec1338a73d1ab7ac61170ccaf88297,5d5cbd388a16ee5f19e2c8c5df4ac7a74ad36fdc9b8a8b0489074a41d61b6884,11545.839219,24.622
739faf50968804bd83adaade1c616b404ad02f354b6bb167295319b0ae5d9899,ca74b92087483a16a012c94b147c899e246570904c23a537cb8daeb2096ce52d,11547.989159,0.489
d9c9a39425c8044015e05eaf8330a6e48bad0e3edf1ec032098fb2c8b045c0b9,7fd157a7b694ec9235842e5191f04eb673f536c6f3bb37a9dc868eaeb977de9b,11549.318201,0.681
739faf50968804bd83adaade1c616b404ad02f354b6bb167295319b0ae5d9899,ca74b92087483a16a012c94b147c899e246570904c23a537cb8daeb2096ce52d,11550.292387,0.368
e572651326f1337845b6b98e94175d4dc9ec1338a73d1ab7ac61170ccaf88297,5d5cbd388a16ee5f19e2c8c5df4ac7a74ad36fdc9b8a8b0489074a41d61b6884,11559.085616,20.332
e572651326f1337845b6b98e94175d4dc9ec1338a73d1ab7ac61170ccaf88297,518cd8f12974202d11b5a16a5437a6a560186fbe9584862c601084cbc18761c6,11559.963971,0.162
d9c9a39425c8044015e05eaf8330a6e48bad0e3edf1ec032098fb2c8b045c0b9,7fd157a7b694ec9235842e5191f04eb673f536c6f3bb37a9dc868eaeb977de9b,11563.948635,0.326
efcdd56913d0ce6927045a6f4e8bc025d4bc3a901c3f657e7c0c0d52a157e940,d3001621518a70a020141bf2f78060d34d8b1d6a417c7d5ad0650366921617ac,11566.212906,0.119
739faf50968804bd83adaade1c616b404ad02f354b6bb167295319b0ae5d9899,ca74b92087483a16a012c94b147c899e246570904c23a537cb8daeb2096ce52d,11572.400199,0.314
a7cf2f4bb45576518350fb91bb84800146f1dc257896e3b46b901095987e2a1c,6a144e613e2220f49247934c6e896484265f3763008c3235599da7133c320b63,11573.420202,0.187
d9c9a39425c8044015e05eaf8330a6e48bad0e3edf1ec032098fb2c8b045c0b9,55b5c6b8e25e560a5244c522674fa8ad6f8dec1b83a702650726d57f2547c47c,11574.292971,0.067
cf54d1572c1d632986590f22a8313559a433bd667a10d3d3dae5912dcba6ea78,b259c1e9f9b5415e24c8b3e31485942012cde025f7115eb6c3b87d91de9ef892,11588.653854,0.031
d9c9a39425c8044015e05eaf8330a6e48bad0e3edf1ec032098fb2c8b045c0b9,55b5c6b8e25e560a5244c522674fa8ad6f8dec1b83a702650726d57f2547c47c,11593.901446,0.015
7475824cc4748c3fc8576d1ba486950f36d81d9cb5336cc1da801ef313b516d8,eac0d7c37985ac4669b288f34505f79c6df5fc76371ca3b80b783133b39adfbd,11596.076729,66.886
739faf50968804bd83adaade1c616b404ad02f354b6bb167295319b0ae5d9899,ca74b92087483a16a012c94b147c899e246570904c23a537cb8daeb2096ce52d,11600.323024,0.802
4bd219625127e9d2e12f7eb21015642ad64f42ea61a16f5577db0c2e7a54d4cf,97c31670ec24a392969c8bc769ded28f0ea827f99e77c918ebe894b02f4511dd,11607.413035,9.292
a12f22a3f771308d969fd56d18df65bf6960a4101a3daa4cef878997a2e1978b,664c8bd366fc401f874d793373a2aafc5a5a506e2e04d325d5d83557d6df7502,11609.772380,0.054
d9c9a39425c8044015e05eaf8330a6e48bad0e3edf1ec032098fb2c8b045c0b9,55b5c6b8e25e560a5244c522674fa8ad6f8dec1b83a702650726d57f2547c47c,11613.522530,0.165
e572651326f1337845b6b98e94175d4dc9ec1338a73d1ab7ac61170ccaf88297,d92f8485c6246b3992a693f22bcc446a2f3d552d1b0cecc3fe637dec8f61e1ac,11616.127372,55.034
739faf50968804bd83adaade1c616b404ad02f354b6bb167295319b0ae5d9899,ca74b92087483a16a012c94b147c899e246570904c23a537cb8daeb2096ce52d,11618.170585,0.235
e572651326f1337845b6b98e94175d4dc9ec1338a73d1ab7ac61170ccaf88297,518cd8f12974202d11b5a16a5437a6a560186fbe9584862c601084cbc18761c6,11623.461616,0.211
e572651326f1337845b6b98e94175d4dc9ec1338a73d1ab7ac61170ccaf88297,d92f8485c6246b3992a693f22bcc446a2f3d552d1b0cecc3fe637dec8f61e1ac,11627.166545,72.611
cf54d1572c1d632986590f22a8313559a433bd667a10d3d3dae5912dcba6ea78,b259c1e9f9b5415e24c8b3e31485942012cde025f7115eb6c3b87d91de9ef892,11627.757237,0.057
739faf50968804bd83adaade1c616b404ad02f354b6bb167295319b0ae5d9899,ca74b92087483a16a012c94b147c899e246570904c23a537cb8daeb2096ce52d,11630.303675,0.927
e572651326f1337845b6b98e94175d4dc9ec1338a73d1ab7ac61170ccaf88297,518cd8f12974202d11b5a16a5437a6a560186fbe9584862c601084cbc18761c6,11631.471208,0.103
739faf50968804bd83adaade1c616b404ad02f354b6bb167295319b0ae5d9899,ca74b92087483a16a012c94b147c899e246570904c23a537cb8daeb2096ce52d,11639.921849,1.290
739faf50968804bd83adaade1c616b404ad02f354b6bb167295319b0ae5d9899,ca74b92087483a16a012c94b147c899e246570904c23a537cb8daeb2096ce52d,11642.373567,0.669
739faf50968804bd83adaade1c616b404ad02f354b6bb167295319b0ae5d9899,ca74b92087483a16a012c94b147c899e246570904c23a537cb8daeb2096ce52d,11644.928210,0.646
b2446308f35282348f1c6388346d932f610301eaa65bd0c283d8fb949d15e7cc,d206b500d8a622c7c6e606402b6f218d95ee19d6805d57bd7d6698351eea831a,11654.406898,198.133
e572651326f1337845b6b98e94175d4dc9ec1338a73d1ab7ac61170ccaf88297,d92f8485c6246b3992a693f22bcc446a2f3d552d1b0cecc3fe637dec8f61e1ac,11665.473465,39.995
e572651326f1337845b6b98e94175d4dc9ec1338a73d1ab7ac61170ccaf88297,d92f8485c6246b3992a693f22bcc446a2f3d552d1b0cecc3fe637dec8f61e1ac,11666.279469,76.112
87b8ec9b41644a8b32cf64798ee6e0d8d7e5948575669ae9c5a8435a10813266,9d4311638952a6ecefb68603a4ade3f6aedf1ff5a2f359c67bbef939d6a2e6dc,11666.435128,0.417
cf54d1572c1d632986590f22a8313559a433bd667a10d3d3dae5912dcba6ea78,b259c1e9f9b5415e24c8b3e31485942012cde025f7115eb6c3b87d91de9ef892,11669.276898,0.057
efcdd56913d0ce6927045a6f4e8bc025d4bc3a901c3f657e7c0c0d52a157e940,d3001621518a70a020141bf2f78060d34d8b1d6a417c7d5ad0650366921617ac,11671.339940,0.319
d9c9a39425c8044015e05eaf8330a6e48bad0e3edf1ec032098fb2c8b045c0b9,55b5c6b8e25e560a5244c522674fa8ad6f8dec1b83a702650726d57f2547c47c,11673.061268,0.019
739faf50968804bd83adaade1c616b404ad02f354b6bb167295319b0ae5d9899,ca74b92087483a16a012c94b147c899e246570904c23a537cb8daeb2096ce52d,11673.827619,0.921
739faf50968804bd83adaade1c616b404ad02f354b6bb167295319b0ae5d9899,ca74b92087483a16a012c94b147c899e246570904c23a537cb8daeb2096ce52d,11675.699495,0.361
e572651326f1337845b6b98e94175d4dc9ec1338a73d1ab7ac61170ccaf88297,5d5cbd388a16ee5f19e2c8c5df4ac7a74ad36fdc9b8a8b0489074a41d61b6884,11682.494546,11.756
cf54d1572c1d632986590f22a8313559a433bd667a10d3d3dae5912dcba6ea78,b259c1e9f9b5415e24c8b3e31485942012cde025f7115eb6c3b87d91de9ef892,11683.971336,0.067
e572651326f1337845b6b98e94175d4dc9ec1338a73d1ab7ac61170ccaf88297,d92f8485c6246b3992a693f22bcc446a2f3d552d1b0cecc3fe637dec8f61e1ac,11684.768154,84.610
cf54d1572c1d632986590f22a8313559a433bd667a10d3d3dae5912dcba6ea78,b259c1e9f9b5415e24c8b3e31485942012cde025f7115eb6c3b87d91de9ef892,11684.864656,0.231
a12f22a3f771308d969fd56d18df65bf6960a4101a3daa4cef878997a2e1978b,5c9849d631846bbec88a0601bf6b0ba43d9e757dbe6f64ca8e4875ba49f7b794,11686.035767,34.559
e572651326f1337845b6b98e94175d4dc9ec1338a73d1ab7ac61170ccaf88297,5d5cbd388a16ee5f19e2c8c5df4ac7a74ad36fdc9b8a8b0489074a41d61b6884,11687.865833,5.532
739faf50968804bd83adaade1c616b404ad02f354b6bb167295319b0ae5d9899,ca74b92087483a16a012c94b147c899e246570904c23a537cb8daeb2096ce52d,11688.856620,0.594
e572651326f1337845b6b98e94175d4dc9ec1338a73d1ab7ac61170ccaf88297,d92f8485c6246b3992a693f22bcc446a2f3d552d1b0cecc3fe637dec8f61e1ac,11689.376947,53.065
4bd219625127e9d2e12f7eb21015642ad64f42ea61a16f5577db0c2e7a54d4cf,97c31670ec24a392969c8bc769ded28f0ea827f99e77c918ebe894b02f4511dd,11689.422311,37.146
e572651326f1337845b6b98e94175d4dc9ec1338a73d1ab7ac61170ccaf88297,d92f8485c6246b3992a693f22bcc446a2f3d552d1b0cecc3fe637dec8f61e1ac,11689.584320,33.812
739faf50968804bd83adaade1c616b404ad02f354b6bb167295319b0ae5d9899,ca74b92087483a16a012c94b147c899e246570904c23a537cb8daeb2096ce52d,11699.223770,0.615
efcdd56913d0ce6927045a6f4e8bc025d4bc3a901c3f657e7c0c0d52a157e940,d3001621518a70a020141bf2f78060d34d8b1d6a417c7d5ad0650366921617ac,11701.528141,0.187
a7cf2f4bb45576518350fb91bb84800146f1dc257896e3b46b901095987e2a1c,0e0238481987246e775d487dc915a41e718967ef61dc0c3dbf5c2983b02dea84,11705.219886,74.206
87b8ec9b41644a8b32cf64798ee6e0d8d7e5948575669ae9c5a8435a10813266,b85146d6fb2fb1b37a7b668f36287a534543da7a2bc393eac28fd9e974908af0,11705.576746,1.444
cf54d1572c1d632986590f22a8313559a433bd667a10d3d3dae5912dcba6ea78,b259c1e9f9b5415e24c8b3e31485942012cde025f7115eb6c3b87d91de9ef892,11706.903056,0.014
99ae030b60cf247520cab75889c7e2f4c8be9422fce8cc2dc30c53820d8e487b,68b7a052a1a75027d0ba4031c39237121a4d32fa66b59c585684af85c61349ac,11707.181778,0.237
e572651326f1337845b6b98e94175d4dc9ec1338a73d1ab7ac61170ccaf88297,518cd8f12974202d11b5a16a5437a6a560186fbe9584862c601084cbc18761c6,11711.605152,0.321
739faf50968804bd83adaade1c616b404ad02f354b6bb167295319b0ae5d9899,ca74b92087483a16a012c94b147c899e246570904c23a537cb8daeb2096ce52d,11718.844874,2.121
d9c9a39425c8044015e05eaf8330a6e48bad0e3edf1ec032098fb2c8b045c0b9,55b5c6b8e25e560a5244c522674fa8ad6f8dec1b83a702650726d57f2547c47c,11721.336142,0.058
739faf50968804bd83adaade1c616b404ad02f354b6bb167295319b0ae5d9899,ca74b92087483a16a012c94b147c899e246570904c23a537cb8daeb2096ce52d,11731.120371,0.545
87b8ec9b41644a8b32cf64798ee6e0d8d7e5948575669ae9c5a8435a10813266,13220cb8f5b7112c02f2481c968497db0f96a9b6d45bc7204086d9914d5596b5,11732.345354,31.426
739faf50968804bd83adaade1c616b404ad02f354b6bb167295319b0ae5d9899,ca74b92087483a16a012c94b147c899e246570904c23a537cb8daeb2096ce52d,11740.604390,0.647
e572651326f1337845b6b98e94175d4dc9ec1338a73d1ab7ac61170ccaf88297,d92f8485c6246b3992a693f22bcc446a2f3d552d1b0cecc3fe637dec8f61e1ac,11744.820659,152.524
e572651326f1337845b6b98e94175d4dc9ec1338a73d1ab7ac61170ccaf88297,d92f8485c6246b3992a693f22bcc446a2f3d552d1b0cecc3fe637dec8f61e1ac,11746.693901,137.729
e572651326f1337845b6b98e94175d4dc9ec1338a73d1ab7ac61170ccaf88297,d92f8485c6246b3992a693f22bcc446a2f3d552d1b0cecc3fe637dec8f61e1ac,11748.685660,34.154
739faf50968804bd83adaade1c616b404ad02f354b6bb167295319b0ae5d9899,ca74b92087483a16a012c94b147c899e246570904c23a537cb8daeb2096ce52d,11748.863586,0.588
e572651326f1337845b6b98e94175d4dc9ec1338a73d1ab7ac61170ccaf88297,518cd8f12974202d11b5a16a5437a6a560186fbe9584862c601084cbc18761c6,11750.435052,0.207
e572651326f1337845b6b98e94175d4dc9ec1338a73d1ab7ac61170ccaf88297,518cd8f12974202d11b5a16a5437a6a560186fbe9584862c601084cbc18761c6,11750.638659,0.070
739faf50968804bd83adaade1c616b404ad02f354b6bb167295319b0ae5d9899,ca74b92087483a16a012c94b147c899e246570904c23a537cb8daeb2096ce52d,11752.965290,2.290
d9c9a39425c8044015e05eaf8330a6e48bad0e3edf1ec032098fb2c8b045c0b9,55b5c6b8e25e560a5244c522674fa8ad6f8dec1b83a702650726d57f2547c47c,11754.764266,0.067
b2446308f35282348f1c6388346d932f610301eaa65bd0c283d8fb949d15e7cc,d206b500d8a622c7c6e606402b6f218d95ee19d6805d57bd7d6698351eea831a,11754.932316,119.169
739faf50968804bd83adaade1c616b404ad02f354b6bb167295319b0ae5d9899,ca74b92087483a16a012c94b147c899e246570904c23a537cb8daeb2096ce52d,11757.144027,0.520
cf54d1572c1d632986590f22a8313559a433bd667a10d3d3dae5912dcba6ea78,b259c1e9f9b5415e24c8b3e31485942012cde025f7115eb6c3b87d91de9ef892,11757.392728,0.030
e572651326f1337845b6b98e94175d4dc9ec1338a73d1ab7ac61170ccaf88297,5d5cbd388a16ee5f19e2c8c5df4ac7a74ad36fdc9b8a8b0489074a41d61b6884,11757.978168,10.098
739faf50968804bd83adaade1c616b404ad02f354b6bb167295319b0ae5d9899,ca74b92087483a16a012c94b147c899e246570904c23a537cb8daeb2096ce52d,11764.760456,2.839
739faf50968804bd83adaade1c616b404ad02f354b6bb167295319b0ae5d9899,ca74b92087483a16a012c94b147c899e246570904c23a537cb8daeb2096ce52d,11767.272533,0.591
739faf50968804bd83adaade1c616b404ad02f354b6bb167295319b0ae5d9899,ca74b92087483a16a012c94b147c899e246570904c23a537cb8daeb2096ce52d,11770.800357,1.102
e572651326f1337845b6b98e94175d4dc9ec1338a73d1ab7ac61170ccaf88297,518cd8f12974202d11b5a16a5437a6a560186fbe9584862c601084cbc18761c6,11771.382627,0.106
a279432833a21dc66309e252ef3f48f1ddc9eb706839d037a00b3f9f545c5e2d,9bfe15fe1c84832456da5d671ec99cfd73e0514bf91abfae306da2457af04221,11772.933943,4.711
a12f22a3f771308d969fd56d18df65bf6960a4101a3daa4cef878997a2e1978b,664c8bd366fc401f874d793373a2aafc5a5a506e2e04d325d5d83557d6df7502,11788.823615,0.016
e572651326f1337845b6b98e94175d4dc9ec1338a73d1ab7ac61170ccaf88297,d92f8485c6246b3992a693f22bcc446a2f3d552d1b0cecc3fe637dec8f61e1ac,11804.410548,80.035
739faf50968804bd83adaade1c616b404ad02f354b6bb167295319b0ae5d9899,ca74b92087483a16a012c94b147c899e246570904c23a537cb8daeb2096ce52d,11808.248757,1.380
e572651326f1337845b6b98e94175d4dc9ec1338a73d1ab7ac61170ccaf88297,d92f8485c6246b3992a693f22bcc446a2f3d552d1b0cecc3fe637dec8f61e1ac,11808.408333,21.080
e572651326f1337845b6b98e94175d4dc9ec1338a73d1ab7ac61170ccaf88297,5d5cbd388a16ee5f19e2c8c5df4ac7a74ad36fdc9b8a8b0489074a41d61b6884,11826.922558,35.003
a12f22a3f771308d969fd56d18df65bf6960a4101a3daa4cef878997a2e1978b,664c8bd366fc401f874d793373a2aafc5a5a506e2e04d325d5d83557d6df7502,11827.841664,0.059
739faf50968804bd83adaade1c616b404ad02f354b6bb167295319b0ae5d9899,ca74b92087483a16a012c94b147c899e246570904c23a537cb8daeb2096ce52d,11829.442262,0.465
eddb92315799e0eaf5d18b84bc5948186fbc33c0190b04c815d75765a979435c,78ec164daacd5c9e215e76ca4dfb2d1ef3a94743f8b329a281a0e9782a09f749,11833.320357,106.395
e572651326f1337845b6b98e94175d4dc9ec1338a73d1ab7ac61170ccaf88297,518cd8f12974202d11b5a16a5437a6a560186fbe9584862c601084cbc18761c6,11837.470581,0.113
e572651326f1337845b6b98e94175d4dc9ec1338a73d1ab7ac61170ccaf88297,d92f8485c6246b3992a693f22bcc446a2f3d552d1b0cecc3fe637dec8f61e1ac,11840.395556,74.763
a279432833a21dc66309e252ef3f48f1ddc9eb706839d037a00b3f9f545c5e2d,9bfe15fe1c84832456da5d671ec99cfd73e0514bf91abfae306da2457af04221,11843.459971,3.945
a279432833a21dc66309e252ef3f48f1ddc9eb706839d037a00b3f9f545c5e2d,7f0b52256911bed19622812b8483c07daf2e9103a269f567068ed939e33a2785,11845.219125,1.469
7475824cc4748c3fc8576d1ba486950f36d81d9cb5336cc1da801ef313b516d8,c8d99a8658319d5874fe33684bea9d87fab76b5593481d4d66145bec971607b3,11846.357869,0.123
e572651326f1337845b6b98e94175d4dc9ec1338a73d1ab7ac61170ccaf88297,d92f8485c6246b3992a693f22bcc446a2f3d552d1b0cecc3fe637dec8f61e1ac,11847.511620,141.328
d9c9a39425c8044015e05eaf8330a6e48bad0e3edf1ec032098fb2c8b045c0b9,7fd157a7b694ec9235842e5191f04eb673f536c6f3bb37a9dc868eaeb977de9b,11852.069606,0.578
739faf50968804bd83adaade1c616b404ad02f354b6bb167295319b0ae5d9899,ca74b92087483a16a012c94b147c899e246570904c23a537cb8daeb2096ce52d,11855.573529,1.520
739faf50968804bd83adaade1c616b404ad02f354b6bb167295319b0ae5d9899,ca74b92087483a16a012c94b147c899e246570904c23a537cb8daeb2096ce52d,11858.830826,0.287
e572651326f1337845b6b98e94175d4dc9ec1338a73d1ab7ac61170ccaf88297,d92f8485c6246b3992a693f22bcc446a2f3d552d1b0cecc3fe637dec8f61e1ac,11860.941248,20.822
a12f22a3f771308d969fd56d18df65bf6960a4101a3daa4cef878997a2e1978b,664c8bd366fc401f874d793373a2aafc5a5a506e2e04d325d5d83557d6df7502,11868.443964,0.053
739faf50968804bd83adaade1c616b404ad02f354b6bb167295319b0ae5d9899,ca74b92087483a16a012c94b147c899e246570904c23a537cb8daeb2096ce52d,11868.975692,0.747
e572651326f1337845b6b98e94175d4dc9ec1338a73d1ab7ac61170ccaf88297,5d5cbd388a16ee5f19e2c8c5df4ac7a74ad36fdc9b8a8b0489074a41d61b6884,11869.126818,12.734
e572651326f1337845b6b98e94175d4dc9ec1338a73d1ab7ac61170ccaf88297,d92f8485c6246b3992a693f22bcc446a2f3d552d1b0cecc3fe637dec8f61e1ac,11875.328257,104.127
e572651326f1337845b6b98e94175d4dc9ec1338a73d1ab7ac61170ccaf88297,518cd8f12974202d11b5a16a5437a6a560186fbe9584862c601084cbc18761c6,11875.817676,0.223
e572651326f1337845b6b98e94175d4dc9ec1338a73d1ab7ac61170ccaf88297,d92f8485c6246b3992a693f22bcc446a2f3d552d1b0cecc3fe637dec8f61e1ac,11879.157463,58.077
b2446308f35282348f1c6388346d932f610301eaa65bd0c283d8fb949d15e7cc,db87b76b1f5c22aeb78e8ddae62a3f5b78f28580d14b2d7f7f773702f2da3a3b,11894.499862,0.022
e572651326f1337845b6b98e94175d4dc9ec1338a73d1ab7ac61170ccaf88297,518cd8f12974202d11b5a16a5437a6a560186fbe9584862c601084cbc18761c6,11909.652995,0.225
cf54d1572c1d632986590f22a8313559a433bd667a10d3d3dae5912dcba6ea78,b259c1e9f9b5415e24c8b3e31485942012cde025f7115eb6c3b87d91de9ef892,11909.791992,0.053
e572651326f1337845b6b98e94175d4dc9ec1338a73d1ab7ac61170ccaf88297,d92f8485c6246b3992a693f22bcc446a2f3d552d1b0cecc3fe637dec8f61e1ac,11910.795438,24.226
d9c9a39425c8044015e05eaf8330a6e48bad0e3edf1ec032098fb2c8b045c0b9,7fd157a7b694ec9235842e5191f04eb673f536c6f3bb37a9dc868eaeb977de9b,11913.482477,0.564
e572651326f1337845b6b98e94175d4dc9ec1338a73d1ab7ac61170ccaf88297,5d5cbd388a16ee5f19e2c8c5df4ac7a74ad36fdc9b8a8b0489074a41d61b6884,11916.952945,11.139
739faf50968804bd83adaade1c616b404ad02f354b6bb167295319b0ae5d9899,ca74b92087483a16a012c94b147c899e246570904c23a537cb8daeb2096ce52d,11926.446965,1.036
a12f22a3f771308d969fd56d18df65bf6960a4101a3daa4cef878997a2e1978b,5c9849d631846bbec88a0601bf6b0ba43d9e757dbe6f64ca8e4875ba49f7b794,11937.379002,17.117
739faf50968804bd83adaade1c616b404ad02f354b6bb167295319b0ae5d9899,ca74b92087483a16a012c94b147c899e246570904c23a537cb8daeb2096ce52d,11938.604022,1.026
739faf50968804bd83adaade1c616b404ad02f354b6bb167295319b0ae5d9899,ca74b92087483a16a012c94b147c899e246570904c23a537cb8daeb2096ce52d,11939.552505,1.948
d9c9a39425c8044015e05eaf8330a6e48bad0e3edf1ec032098fb2c8b045c0b9,7fd157a7b694ec9235842e5191f04eb673f536c6f3bb37a9dc868eaeb977de9b,11946.365220,0.488
e572651326f1337845b6b98e94175d4dc9ec1338a73d1ab7ac61170ccaf88297,518cd8f12974202d11b5a16a5437a6a560186fbe9584862c601084cbc18761c6,11947.815297,0.210
aa09fd0de23af2f42704ea3f7a832860e356cb21fbe99fb4c513e0ac64da3ce9,a7220d0ede28b7b3aa0f0607ca44f14e871e76cab8c30bfd0134e64230326622,11949.035744,0.042
e572651326f1337845b6b98e94175d4dc9ec1338a73d1ab7ac61170ccaf88297,5d5cbd388a16ee5f19e2c8c5df4ac7a74ad36fdc9b8a8b0489074a41d61b6884,11951.093677,9.446
d9c9a39425c8044015e05eaf8330a6e48bad0e3edf1ec032098fb2c8b045c0b9,55b5c6b8e25e560a5244c522674fa8ad6f8dec1b83a702650726d57f2547c47c,11953.503715,0.051
739faf50968804bd83adaade1c616b404ad02f354b6bb167295319b0ae5d9899,ca74b92087483a16a012c94b147c899e246570904c23a537cb8daeb2096ce52d,11953.760653,0.366
739faf50968804bd83adaade1c616b404ad02f354b6bb167295319b0ae5d9899,ca74b92087483a16a012c94b147c899e246570904c23a537cb8daeb2096ce52d,11954.611113,0.446
e572651326f1337845b6b98e94175d4dc9ec1338a73d1ab7ac61170ccaf88297,518cd8f12974202d11b5a16a5437a6a560186fbe9584862c601084cbc18761c6,11958.856887,0.144
e572651326f1337845b6b98e94175d4dc9ec1338a73d1ab7ac61170ccaf88297,5d5cbd388a16ee5f19e2c8c5df4ac7a74ad36fdc9b8a8b0489074a41d61b6884,11961.751410,30.933
a12f22a3f771308d969fd56d18df65bf6960a4101a3daa4cef878997a2e1978b,664c8bd366fc401f874d793373a2aafc5a5a506e2e04d325d5d83557d6df7502,11961.786197,0.067
739faf50968804bd83adaade1c616b404ad02f354b6bb167295319b0ae5d9899,ca74b92087483a16a012c94b147c899e246570904c23a537cb8daeb2096ce52d,11965.833814,0.455
aa09fd0de23af2f42704ea3f7a832860e356cb21fbe99fb4c513e0ac64da3ce9,a7220d0ede28b7b3aa0f0607ca44f14e871e76cab8c30bfd0134e64230326622,11970.054583,0.084
739faf50968804bd83adaade1c616b404ad02f354b6bb167295319b0ae5d9899,ca74b92087483a16a012c94b147c899e246570904c23a537cb8daeb2096ce52d,11972.369469,0.925
7475824cc4748c3fc8576d1ba486950f36d81d9cb5336cc1da801ef313b516d8,eac0d7c37985ac4669b288f34505f79c6df5fc76371ca3b80b783133b39adfbd,11972.392229,43.907
e572651326f1337845b6b98e94175d4dc9ec1338a73d1ab7ac61170ccaf88297,d92f8485c6246b3992a693f22bcc446a2f3d552d1b0cecc3fe637dec8f61e1ac,11976.204096,48.687
d9c9a39425c8044015e05eaf8330a6e48bad0e3edf1ec032098fb2c8b045c0b9,55b5c6b8e25e560a5244c522674fa8ad6f8dec1b83a702650726d57f2547c47c,11978.222060,0.070
a12f22a3f771308d969fd56d18df65bf6960a4101a3daa4cef878997a2e1978b,5c9849d631846bbec88a0601bf6b0ba43d9e757dbe6f64ca8e4875ba49f7b794,11982.525180,10.244
739faf50968804bd83adaade1c616b404ad02f354b6bb167295319b0ae5d9899,ca74b92087483a16a012c94b147c899e246570904c23a537cb8daeb2096ce52d,11983.439324,2.072
e572651326f1337845b6b98e94175d4dc9ec1338a73d1ab7ac61170ccaf88297,d92f8485c6246b3992a693f22bcc446a2f3d552d1b0cecc3fe637dec8f61e1ac,11994.608629,92.658
7475824cc4748c3fc8576d1ba486950f36d81d9cb5336cc1da801ef313b516d8,eac0d7c37985ac4669b288f34505f79c6df5fc76371ca3b80b783133b39adfbd,11995.298773,69.442
e572651326f1337845b6b98e94175d4dc9ec1338a73d1ab7ac61170ccaf88297,d92f8485c6246b3992a693f22bcc446a2f3d552d1b0cecc3fe637dec8f61e1ac,12000.759300,53.544
739faf50968804bd83adaade1c616b404ad02f354b6bb167295319b0ae5d9899,ca74b92087483a16a012c94b147c899e246570904c23a537cb8daeb2096ce52d,12002.885074,0.567
f7b8083a0342944f477b97a321506ae52fc6e2e76bf6042f2280c281f43ee10d,4b2c05f30bc5080fb3ff505c4051509a4406f733b9ccd3386fa0900f3ae0d9bf,12009.820486,0.067
d9c9a39425c8044015e05eaf8330a6e48bad0e3edf1ec032098fb2c8b045c0b9,55b5c6b8e25e560a5244c522674fa8ad6f8dec1b83a702650726d57f2547c47c,12011.626991,0.034
d9c9a39425c8044015e05eaf8330a6e48bad0e3edf1ec032098fb2c8b045c0b9,7fd157a7b694ec9235842e5191f04eb673f536c6f3bb37a9dc868eaeb977de9b,12011.892814,0.173
e572651326f1337845b6b98e94175d4dc9ec1338a73d1ab7ac61170ccaf88297,d92f8485c6246b3992a693f22bcc446a2f3d552d1b0cecc3fe637dec8f61e1ac,12020.690611,26.423
eddb92315799e0eaf5d18b84bc5948186fbc33c0190b04c815d75765a979435c,9ecd2766ee6bd299d23bbc00b9a905d490ebeb2e675d857ef4f1bd4d5877c065,12026.053233,6.831
87b8ec9b41644a8b32cf64798ee6e0d8d7e5948575669ae9c5a8435a10813266,13220cb8f5b7112c02f2481c968497db0f96a9b6d45bc7204086d9914d5596b5,12029.192570,31.123
739faf50968804bd83adaade1c616b404ad02f354b6bb167295319b0ae5d9899,ca74b92087483a16a012c94b147c899e246570904c23a537cb8daeb2096ce52d,12035.647967,0.614
e572651326f1337845b6b98e94175d4dc9ec1338a73d1ab7ac61170ccaf88297,5d5cbd388a16ee5f19e2c8c5df4ac7a74ad36fdc9b8a8b0489074a41d61b6884,12037.315958,11.929
eddb92315799e0eaf5d18b84bc5948186fbc33c0190b04c815d75765a979435c,9ecd2766ee6bd299d23bbc00b9a905d490ebeb2e675d857ef4f1bd4d5877c065,12039.348819,8.213
e572651326f1337845b6b98e94175d4dc9ec1338a73d1ab7ac61170ccaf88297,d92f8485c6246b3992a693f22bcc446a2f3d552d1b0cecc3fe637dec8f61e1ac,12040.358460,46.601
e572651326f1337845b6b98e94175d4dc9ec1338a73d1ab7ac61170ccaf88297,d92f8485c6246b3992a693f22bcc446a2f3d552d1b0cecc3fe637dec8f61e1ac,12046.368297,51.903
cf54d1572c1d632986590f22a8313559a433bd667a10d3d3dae5912dcba6ea78,b259c1e9f9b5415e24c8b3e31485942012cde025f7115eb6c3b87d91de9ef892,12046.683080,0.046
739faf50968804bd83adaade1c616b404ad02f354b6bb167295319b0ae5d9899,ca74b92087483a16a012c94b147c899e246570904c23a537cb8daeb2096ce52d,12054.469509,0.943
e572651326f1337845b6b98e94175d4dc9ec1338a73d1ab7ac61170ccaf88297,d92f8485c6246b3992a693f22bcc446a2f3d552d1b0cecc3fe637dec8f61e1ac,12056.885257,20.831
e572651326f1337845b6b98e94175d4dc9ec1338a73d1ab7ac61170ccaf88297,518cd8f12974202d11b5a16a5437a6a560186fbe9584862c601084cbc18761c6,12059.402538,0.264
e572651326f1337845b6b98e94175d4dc9ec1338a73d1ab7ac61170ccaf88297,5d5cbd388a16ee5f19e2c8c5df4ac7a74ad36fdc9b8a8b0489074a41d61b6884,12065.309522,22.619
739faf50968804bd83adaade1c616b404ad02f354b6bb167295319b0ae5d9899,ca74b92087483a16a012c94b147c899e246570904c23a537cb8daeb2096ce52d,12065.638413,0.435
eddb92315799e0eaf5d18b84bc5948186fbc33c0190b04c815d75765a979435c,9ecd2766ee6bd299d23bbc00b9a905d490ebeb2e675d857ef4f1bd4d5877c065,12071.181539,9.505
e572651326f1337845b6b98e94175d4dc9ec1338a73d1ab7ac61170ccaf88297,d92f8485c6246b3992a693f22bcc446a2f3d552d1b0cecc3fe637dec8f61e1ac,12072.620542,30.371
a12f22a3f771308d969fd56d18df65bf6960a4101a3daa4cef878997a2e1978b,664c8bd366fc401f874d793373a2aafc5a5a506e2e04d325d5d83557d6df7502,12074.149780,0.046
739faf50968804bd83adaade1c616b404ad02f354b6bb167295319b0ae5d9899,ca74b92087483a16a012c94b147c899e246570904c23a537cb8daeb2096ce52d,12076.034844,1.086
b2446308f35282348f1c6388346d932f610301eaa65bd0c283d8fb949d15e7cc,db87b76b1f5c22aeb78e8ddae62a3f5b78f28580d14b2d7f7f773702f2da3a3b,12078.774242,0.117
e572651326f1337845b6b98e94175d4dc9ec1338a73d1ab7ac61170ccaf88297,518cd8f12974202d11b5a16a5437a6a560186fbe9584862c601084cbc18761c6,12081.782202,0.062
e572651326f1337845b6b98e94175d4dc9ec1338a73d1ab7ac61170ccaf88297,d92f8485c6246b3992a693f22bcc446a2f3d552d1b0cecc3fe637dec8f61e1ac,12083.225623,43.494
739faf50968804bd83adaade1c616b404ad02f354b6bb167295319b0ae5d9899,ca74b92087483a16a012c94b147c899e246570904c23a537cb8daeb2096ce52d,12083.445353,3.514
739faf50968804bd83adaade1c616b404ad02f354b6bb167295319b0ae5d9899,ca74b92087483a16a012c94b147c899e246570904c23a537cb8daeb2096ce52d,12085.216028,0.393
739faf50968804bd83adaade1c616b404ad02f354b6bb167295319b0ae5d9899,ca74b92087483a16a012c94b147c899e246570904c23a537cb8daeb2096ce52d,12093.777302,0.648
f4930f068e300bc29cc1ba31414e01d1eaf55b1607c65985536c868ec9323990,f98b902a5d78635ca9426bf7b222c0f2e63e8316254891c86ab6c55292b5c8b2,12096.129767,0.216
d9c9a39425c8044015e05eaf8330a6e48bad0e3edf1ec032098fb2c8b045c0b9,7fd157a7b694ec9235842e5191f04eb673f536c6f3bb37a9dc868eaeb977de9b,12102.383753,0.820
739faf50968804bd83adaade1c616b404ad02f354b6bb167295319b0ae5d9899,ca74b92087483a16a012c94b147c899e246570904c23a537cb8daeb2096ce52d,12104.470628,0.751
e572651326f1337845b6b98e94175d4dc9ec1338a73d1ab7ac61170ccaf88297,518cd8f12974202d11b5a16a5437a6a560186fbe9584862c601084cbc18761c6,12104.904542,0.104
d9c9a39425c8044015e05eaf8330a6e48bad0e3edf1ec032098fb2c8b045c0b9,55b5c6b8e25e560a5244c522674fa8ad6f8dec1b83a702650726d57f2547c47c,12106.300826,0.025
b2446308f35282348f1c6388346d932f610301eaa65bd0c283d8fb949d15e7cc,d206b500d8a622c7c6e606402b6f218d95ee19d6805d57bd7d6698351eea831a,12108.945275,133.987
739faf50968804bd83adaade1c616b404ad02f354b6bb167295319b0ae5d9899,ca74b92087483a16a012c94b147c899e246570904c23a537cb8daeb2096ce52d,12115.217273,0.872
739faf50968804bd83adaade1c616b404ad02f354b6bb167295319b0ae5d9899,ca74b92087483a16a012c94b147c899e246570904c23a537cb8daeb2096ce52d,12119.969818,1.405
e572651326f1337845b6b98e94175d4dc9ec1338a73d1ab7ac61170ccaf88297,d92f8485c6246b3992a693f22bcc446a2f3d552d1b0cecc3fe637dec8f61e1ac,12121.281068,131.334
739faf50968804bd83adaade1c616b404ad02f354b6bb167295319b0ae5d9899,ca74b92087483a16a012c94b147c899e246570904c23a537cb8daeb2096ce52d,12126.841647,0.405
cf54d1572c1d632986590f22a8313559a433bd667a10d3d3dae5912dcba6ea78,b259c1e9f9b5415e24c8b3e31485942012cde025f7115eb6c3b87d91de9ef892,12132.698190,0.068
739faf50968804bd83adaade1c616b404ad02f354b6bb167295319b0ae5d9899,ca74b92087483a16a012c94b147c899e246570904c23a537cb8daeb2096ce52d,12147.573908,0.672
87b8ec9b41644a8b32cf64798ee6e0d8d7e5948575669ae9c5a8435a10813266,9d4311638952a6ecefb68603a4ade3f6aedf1ff5a2f359c67bbef939d6a2e6dc,12148.322968,0.421
cf54d1572c1d632986590f22a8313559a433bd667a10d3d3dae5912dcba6ea78,b259c1e9f9b5415e24c8b3e31485942012cde025f7115eb6c3b87d91de9ef892,12150.597227,0.033
aa09fd0de23af2f42704ea3f7a832860e356cb21fbe99fb4c513e0ac64da3ce9,a7220d0ede28b7b3aa0f0607ca44f14e871e76cab8c30bfd0134e64230326622,12152.568935,0.043
aa09fd0de23af2f42704ea3f7a832860e356cb21fbe99fb4c513e0ac64da3ce9,a7220d0ede28b7b3aa0f0607ca44f14e871e76cab8c30bfd0134e64230326622,12156.035027,0.084
d9c9a39425c8044015e05eaf8330a6e48bad0e3edf1ec032098fb2c8b045c0b9,7fd157a7b694ec9235842e5191f04eb673f536c6f3bb37a9dc868eaeb977de9b,12159.898967,2.130
739faf50968804bd83adaade1c616b404ad02f354b6bb167295319b0ae5d9899,ca74b92087483a16a012c94b147c899e246570904c23a537cb8daeb2096ce52d,12160.676283,1.455
a7cf2f4bb45576518350fb91bb84800146f1dc257896e3b46b901095987e2a1c,0e0238481987246e775d487dc915a41e718967ef61dc0c3dbf5c2983b02dea84,12166.206890,53.816
e572651326f1337845b6b98e94175d4dc9ec1338a73d1ab7ac61170ccaf88297,518cd8f12974202d11b5a16a5437a6a560186fbe9584862c601084cbc18761c6,12167.024317,0.690
e572651326f1337845b6b98e94175d4dc9ec1338a73d1ab7ac61170ccaf88297,518cd8f12974202d11b5a16a5437a6a560186fbe9584862c601084cbc18761c6,12169.248637,0.108
e572651326f1337845b6b98e94175d4dc9ec1338a73d1ab7ac61170ccaf88297,d92f8485c6246b3992a693f22bcc446a2f3d552d1b0cecc3fe637dec8f61e1ac,12175.035418,135.274
a7cf2f4bb45576518350fb91bb84800146f1dc257896e3b46b901095987e2a1c,0e0238481987246e775d487dc915a41e718967ef61dc0c3dbf5c2983b02dea84,12182.875893,50.472
739faf50968804bd83adaade1c616b404ad02f354b6bb167295319b0ae5d9899,ca74b92087483a16a012c94b147c899e246570904c23a537cb8daeb2096ce52d,12198.734379,1.749
739faf50968804bd83adaade1c616b404ad02f354b6bb167295319b0ae5d9899,ca74b92087483a16a012c94b147c899e246570904c23a537cb8daeb2096ce52d,12199.007773,0.544
b2446308f35282348f1c6388346d932f610301eaa65bd0c283d8fb949d15e7cc,db87b76b1f5c22aeb78e8ddae62a3f5b78f28580d14b2d7f7f773702f2da3a3b,12201.499037,0.044
b2446308f35282348f1c6388346d932f610301eaa65bd0c283d8fb949d15e7cc,d206b500d8a622c7c6e606402b6f218d95ee19d6805d57bd7d6698351eea831a,12204.094672,17.133
e572651326f1337845b6b98e94175d4dc9ec1338a73d1ab7ac61170ccaf88297,5d5cbd388a16ee5f19e2c8c5df4ac7a74ad36fdc9b8a8b0489074a41d61b6884,12207.842546,15.939
87b8ec9b41644a8b32cf64798ee6e0d8d7e5948575669ae9c5a8435a10813266,13220cb8f5b7112c02f2481c968497db0f96a9b6d45bc7204086d9914d5596b5,12209.813143,86.327
739faf50968804bd83adaade1c616b404ad02f354b6bb167295319b0ae5d9899,ca74b92087483a16a012c94b147c899e246570904c23a537cb8daeb2096ce52d,12217.901984,0.164
739faf50968804bd83adaade1c616b404ad02f354b6bb167295319b0ae5d9899,ca74b92087483a16a012c94b147c899e246570904c23a537cb8daeb2096ce52d,12220.087908,0.654
cf54d1572c1d632986590f22a8313559a433bd667a10d3d3dae5912dcba6ea78,b259c1e9f9b5415e24c8b3e31485942012cde025f7115eb6c3b87d91de9ef892,12225.036285,0.039
87b8ec9b41644a8b32cf64798ee6e0d8d7e5948575669ae9c5a8435a10813266,9d4311638952a6ecefb68603a4ade3f6aedf1ff5a2f359c67bbef939d6a2e6dc,12232.316988,0.146
a7cf2f4bb45576518350fb91bb84800146f1dc257896e3b46b901095987e2a1c,6a144e613e2220f49247934c6e896484265f3763008c3235599da7133c320b63,12232.726552,0.143
e572651326f1337845b6b98e94175d4dc9ec1338a73d1ab7ac61170ccaf88297,d92f8485c6246b3992a693f22bcc446a2f3d552d1b0cecc3fe637dec8f61e1ac,12232.903680,44.013
eddb92315799e0eaf5d18b84bc5948186fbc33c0190b04c815d75765a979435c,9ecd2766ee6bd299d23bbc00b9a905d490ebeb2e675d857ef4f1bd4d5877c065,12235.632519,20.170
87b8ec9b41644a8b32cf64798ee6e0d8d7e5948575669ae9c5a8435a10813266,b85146d6fb2fb1b37a7b668f36287a534543da7a2bc393eac28fd9e974908af0,12242.900151,4.209
e572651326f1337845b6b98e94175d4dc9ec1338a73d1ab7ac61170ccaf88297,518cd8f12974202d11b5a16a5437a6a560186fbe9584862c601084cbc18761c6,12243.914849,0.170
87b8ec9b41644a8b32cf64798ee6e0d8d7e5948575669ae9c5a8435a10813266,9d4311638952a6ecefb68603a4ade3f6aedf1ff5a2f359c67bbef939d6a2e6dc,12246.199425,0.069
e572651326f1337845b6b98e94175d4dc9ec1338a73d1ab7ac61170ccaf88297,d92f8485c6246b3992a693f22bcc446a2f3d552d1b0cecc3fe637dec8f61e1ac,12247.873514,45.415
739faf50968804bd83adaade1c616b404ad02f354b6bb167295319b0ae5d9899,ca74b92087483a16a012c94b147c899e246570904c23a537cb8daeb2096ce52d,12256.882592,0.658
e572651326f1337845b6b98e94175d4dc9ec1338a73d1ab7ac61170ccaf88297,d92f8485c6246b3992a693f22bcc446a2f3d552d1b0cecc3fe637dec8f61e1ac,12261.724942,124.388
e572651326f1337845b6b98e94175d4dc9ec1338a73d1ab7ac61170ccaf88297,5d5cbd388a16ee5f19e2c8c5df4ac7a74ad36fdc9b8a8b0489074a41d61b6884,12262.367339,19.547
739faf50968804bd83adaade1c616b404ad02f354b6bb167295319b0ae5d9899,ca74b92087483a16a012c94b147c899e246570904c23a537cb8daeb2096ce52d,12262.988021,0.551
d9c9a39425c8044015e05eaf8330a6e48bad0e3edf1ec032098fb2c8b045c0b9,7fd157a7b694ec9235842e5191f04eb673f536c6f3bb37a9dc868eaeb977de9b,12264.031930,0.572
e572651326f1337845b6b98e94175d4dc9ec1338a73d1ab7ac61170ccaf88297,5d5cbd388a16ee5f19e2c8c5df4ac7a74ad36fdc9b8a8b0489074a41d61b6884,12274.590600,11.463
99ae030b60cf247520cab75889c7e2f4c8be9422fce8cc2dc30c53820d8e487b,68b7a052a1a75027d0ba4031c39237121a4d32fa66b59c585684af85c61349ac,12278.442492,0.255
e572651326f1337845b6b98e94175d4dc9ec1338a73d1ab7ac61170ccaf88297,5d5cbd388a16ee5f19e2c8c5df4ac7a74ad36fdc9b8a8b0489074a41d61b6884,12281.820072,7.991
739faf50968804bd83adaade1c616b404ad02f354b6bb167295319b0ae5d9899,ca74b92087483a16a012c94b147c899e246570904c23a537cb8daeb2096ce52d,12285.301227,0.981
d9c9a39425c8044015e05eaf8330a6e48bad0e3edf1ec032098fb2c8b045c0b9,55b5c6b8e25e560a5244c522674fa8ad6f8dec1b83a702650726d57f2547c47c,12291.043400,0.068
739faf50968804bd83adaade1c616b404ad02f354b6bb167295319b0ae5d9899,ca74b92087483a16a012c94b147c899e246570904c23a537cb8daeb2096ce52d,12299.081337,1.455
64db848c9bc5db515c94ab30eee3c35decfe835ca8a6c40b0821fe30aaa04cdb,f219acf93580c06f4504a74e90b2f826094f3544ca2f60a49b929ab5d1f80d31,12302.580986,3.024
739faf50968804bd83adaade1c616b404ad02f354b6bb167295319b0ae5d9899,ca74b92087483a16a012c94b147c899e246570904c23a537cb8daeb2096ce52d,12303.124132,1.549
b2446308f35282348f1c6388346d932f610301eaa65bd0c283d8fb949d15e7cc,d206b500d8a622c7c6e606402b6f218d95ee19d6805d57bd7d6698351eea831a,12303.237309,121.380
739faf50968804bd83adaade1c616b404ad02f354b6bb167295319b0ae5d9899,ca74b92087483a16a012c94b147c899e246570904c23a537cb8daeb2096ce52d,12305.652821,1.971
739faf50968804bd83adaade1c616b404ad02f354b6bb167295319b0ae5d9899,ca74b92087483a16a012c94b147c899e246570904c23a537cb8daeb2096ce52d,12316.267353,0.675
aa09fd0de23af2f42704ea3f7a832860e356cb21fbe99fb4c513e0ac64da3ce9,a7220d0ede28b7b3aa0f0607ca44f14e871e76cab8c30bfd0134e64230326622,12317.209186,0.036
a12f22a3f771308d969fd56d18df65bf6960a4101a3daa4cef878997a2e1978b,664c8bd366fc401f874d793373a2aafc5a5a506e2e04d325d5d83557d6df7502,12323.806269,0.042
d9c9a39425c8044015e05eaf8330a6e48bad0e3edf1ec032098fb2c8b045c0b9,55b5c6b8e25e560a5244c522674fa8ad6f8dec1b83a702650726d57f2547c47c,12326.410722,0.091
e572651326f1337845b6b98e94175d4dc9ec1338a73d1ab7ac61170ccaf88297,5d5cbd388a16ee5f19e2c8c5df4ac7a74ad36fdc9b8a8b0489074a41d61b6884,12337.436001,8.770
e572651326f1337845b6b98e94175d4dc9ec1338a73d1ab7ac61170ccaf88297,5d5cbd388a16ee5f19e2c8c5df4ac7a74ad36fdc9b8a8b0489074a41d61b6884,12340.017333,14.138
87b8ec9b41644a8b32cf64798ee6e0d8d7e5948575669ae9c5a8435a10813266,b85146d6fb2fb1b37a7b668f36287a534543da7a2bc393eac28fd9e974908af0,12348.571541,1.158
f4930f068e300bc29cc1ba31414e01d1eaf55b1607c65985536c868ec9323990,f98b902a5d78635ca9426bf7b222c0f2e63e8316254891c86ab6c55292b5c8b2,12350.008572,0.198
b2446308f35282348f1c6388346d932f610301eaa65bd0c283d8fb949d15e7cc,d206b500d8a622c7c6e606402b6f218d95ee19d6805d57bd7d6698351eea831a,12364.107641,103.220
739faf50968804bd83adaade1c616b404ad02f354b6bb167295319b0ae5d9899,ca74b92087483a16a012c94b147c899e246570904c23a537cb8daeb2096ce52d,12372.549131,0.413
cf54d1572c1d632986590f22a8313559a433bd667a10d3d3dae5912dcba6ea78,b259c1e9f9b5415e24c8b3e31485942012cde025f7115eb6c3b87d91de9ef892,12384.236581,0.037
e572651326f1337845b6b98e94175d4dc9ec1338a73d1ab7ac61170ccaf88297,518cd8f12974202d11b5a16a5437a6a560186fbe9584862c601084cbc18761c6,12386.337033,0.347
739faf50968804bd83adaade1c616b404ad02f354b6bb167295319b0ae5d9899,ca74b92087483a16a012c94b147c899e246570904c23a537cb8daeb2096ce52d,12389.956420,0.486
739faf50968804bd83adaade1c616b404ad02f354b6bb167295319b0ae5d9899,ca74b92087483a16a012c94b147c899e246570904c23a537cb8daeb2096ce52d,12395.027695,0.613
e572651326f1337845b6b98e94175d4dc9ec1338a73d1ab7ac61170ccaf88297,d92f8485c6246b3992a693f22bcc446a2f3d552d1b0cecc3fe637dec8f61e1ac,12398.262539,66.736
e572651326f1337845b6b98e94175d4dc9ec1338a73d1ab7ac61170ccaf88297,5d5cbd388a16ee5f19e2c8c5df4ac7a74ad36fdc9b8a8b0489074a41d61b6884,12406.667383,13.958
e572651326f1337845b6b98e94175d4dc9ec1338a73d1ab7ac61170ccaf88297,d92f8485c6246b3992a693f22bcc446a2f3d552d1b0cecc3fe637dec8f61e1ac,12418.565196,38.879
7475824cc4748c3fc8576d1ba486950f36d81d9cb5336cc1da801ef313b516d8,eac0d7c37985ac4669b288f34505f79c6df5fc76371ca3b80b783133b39adfbd,12421.917587,64.148
739faf50968804bd83adaade1c616b404ad02f354b6bb167295319b0ae5d9899,ca74b92087483a16a012c94b147c899e246570904c23a537cb8daeb2096ce52d,12447.005225,1.278
e572651326f1337845b6b98e94175d4dc9ec1338a73d1ab7ac61170ccaf88297,d92f8485c6246b3992a693f22bcc446a2f3d552d1b0cecc3fe637dec8f61e1ac,12454.044090,124.194
739faf50968804bd83adaade1c616b404ad02f354b6bb167295319b0ae5d9899,ca74b92087483a16a012c94b147c899e246570904c23a537cb8daeb2096ce52d,12454.227417,1.187
e572651326f1337845b6b98e94175d4dc9ec1338a73d1ab7ac61170ccaf88297,5d5cbd388a16ee5f19e2c8c5df4ac7a74ad36fdc9b8a8b0489074a41d61b6884,12456.078344,17.406
739faf50968804bd83adaade1c616b404ad02f354b6bb167295319b0ae5d9899,ca74b92087483a16a012c94b147c899e246570904c23a537cb8daeb2096ce52d,12461.297233,1.324
e572651326f1337845b6b98e94175d4dc9ec1338a73d1ab7ac61170ccaf88297,518cd8f12974202d11b5a16a5437a6a560186fbe9584862c601084cbc18761c6,12472.097358,0.126
e572651326f1337845b6b98e94175d4dc9ec1338a73d1ab7ac61170ccaf88297,518cd8f12974202d11b5a16a5437a6a560186fbe9584862c601084cbc18761c6,12476.689739,0.233
efcdd56913d0ce6927045a6f4e8bc025d4bc3a901c3f657e7c0c0d52a157e940,d3001621518a70a020141bf2f78060d34d8b1d6a417c7d5ad0650366921617ac,12492.197692,0.473
b2446308f35282348f1c6388346d932f610301eaa65bd0c283d8fb949d15e7cc,db87b76b1f5c22aeb78e8ddae62a3f5b78f28580d14b2d7f7f773702f2da3a3b,12492.775005,0.298
e572651326f1337845b6b98e94175d4dc9ec1338a73d1ab7ac61170ccaf88297,d92f8485c6246b3992a693f22bcc446a2f3d552d1b0cecc3fe637dec8f61e1ac,12493.224268,75.262
eddb92315799e0eaf5d18b84bc5948186fbc33c0190b04c815d75765a979435c,110010ce3452fe8d402b60888cc981d5c1f099fa94092e745a629835ecdb9f51,12497.204781,0.040
739faf50968804bd83adaade1c616b404ad02f354b6bb167295319b0ae5d9899,ca74b92087483a16a012c94b147c899e246570904c23a537cb8daeb2096ce52d,12504.036235,0.524
a12f22a3f771308d969fd56d18df65bf6960a4101a3daa4cef878997a2e1978b,664c8bd366fc401f874d793373a2aafc5a5a506e2e04d325d5d83557d6df7502,12505.188380,0.065
739faf50968804bd83adaade1c616b404ad02f354b6bb167295319b0ae5d9899,ca74b92087483a16a012c94b147c899e246570904c23a537cb8daeb2096ce52d,12515.605444,0.782
d9c9a39425c8044015e05eaf8330a6e48bad0e3edf1ec032098fb2c8b045c0b9,7fd157a7b694ec9235842e5191f04eb673f536c6f3bb37a9dc868eaeb977de9b,12524.963508,1.060
e572651326f1337845b6b98e94175d4dc9ec1338a73d1ab7ac61170ccaf88297,d92f8485c6246b3992a693f22bcc446a2f3d552d1b0cecc3fe637dec8f61e1ac,12526.508200,99.927
739faf50968804bd83adaade1c616b404ad02f354b6bb167295319b0ae5d9899,ca74b92087483a16a012c94b147c899e246570904c23a537cb8daeb2096ce52d,12530.784484,0.622
f7b8083a0342944f477b97a321506ae52fc6e2e76bf6042f2280c281f43ee10d,4b2c05f30bc5080fb3ff505c4051509a4406f733b9ccd3386fa0900f3ae0d9bf,12541.111041,0.019
739faf50968804bd83adaade1c616b404ad02f354b6bb167295319b0ae5d9899,ca74b92087483a16a012c94b147c899e246570904c23a537cb8daeb2096ce52d,12554.681239,0.366
739faf50968804bd83adaade1c616b404ad02f354b6bb167295319b0ae5d9899,ca74b92087483a16a012c94b147c899e246570904c23a537cb8daeb2096ce52d,12567.158732,0.674
e572651326f1337845b6b98e94175d4dc9ec1338a73d1ab7ac61170ccaf88297,518cd8f12974202d11b5a16a5437a6a560186fbe9584862c601084cbc18761c6,12573.058607,0.079
739faf50968804bd83adaade1c616b404ad02f354b6bb167295319b0ae5d9899,ca74b92087483a16a012c94b147c899e246570904c23a537cb8daeb2096ce52d,12574.992932,0.441
739faf50968804bd83adaade1c616b404ad02f354b6bb167295319b0ae5d9899,ca74b92087483a16a012c94b147c899e246570904c23a537cb8daeb2096ce52d,12578.918974,1.900
739faf50968804bd83adaade1c616b404ad02f354b6bb167295319b0ae5d9899,ca74b92087483a16a012c94b147c899e246570904c23a537cb8daeb2096ce52d,12580.961881,1.645
d9c9a39425c8044015e05eaf8330a6e48bad0e3edf1ec032098fb2c8b045c0b9,7fd157a7b694ec9235842e5191f04eb673f536c6f3bb37a9dc868eaeb977de9b,12588.325138,1.036
739faf50968804bd83adaade1c616b404ad02f354b6bb167295319b0ae5d9899,ca74b92087483a16a012c94b147c899e246570904c23a537cb8daeb2096ce52d,12593.354865,1.093
739faf50968804bd83adaade1c616b404ad02f354b6bb167295319b0ae5d9899,ca74b92087483a16a012c94b147c899e246570904c23a537cb8daeb2096ce52d,12593.845354,1.031
e572651326f1337845b6b98e94175d4dc9ec1338a73d1ab7ac61170ccaf88297,d92f8485c6246b3992a693f22bcc446a2f3d552d1b0cecc3fe637dec8f61e1ac,12595.297240,172.503
e572651326f1337845b6b98e94175d4dc9ec1338a73d1ab7ac61170ccaf88297,d92f8485c6246b3992a693f22bcc446a2f3d552d1b0cecc3fe637dec8f61e1ac,12602.446956,39.075
d9c9a39425c8044015e05eaf8330a6e48bad0e3edf1ec032098fb2c8b045c0b9,7fd157a7b694ec9235842e5191f04eb673f536c6f3bb37a9dc868eaeb977de9b,12615.261409,1.407
b2446308f35282348f1c6388346d932f610301eaa65bd0c283d8fb949d15e7cc,db87b76b1f5c22aeb78e8ddae62a3f5b78f28580d14b2d7f7f773702f2da3a3b,12621.652881,0.038
87b8ec9b41644a8b32cf64798ee6e0d8d7e5948575669ae9c5a8435a10813266,9d4311638952a6ecefb68603a4ade3f6aedf1ff5a2f359c67bbef939d6a2e6dc,12622.400012,0.294
87b8ec9b41644a8b32cf64798ee6e0d8d7e5948575669ae9c5a8435a10813266,b85146d6fb2fb1b37a7b668f36287a534543da7a2bc393eac28fd9e974908af0,12622.400026,2.835
cf54d1572c1d632986590f22a8313559a433bd667a10d3d3dae5912dcba6ea78,b259c1e9f9b5415e24c8b3e31485942012cde025f7115eb6c3b87d91de9ef892,12622.833504,0.035
efcdd56913d0ce6927045a6f4e8bc025d4bc3a901c3f657e7c0c0d52a157e940,d3001621518a70a020141bf2f78060d34d8b1d6a417c7d5ad0650366921617ac,12628.616647,0.088
739faf50968804bd83adaade1c616b404ad02f354b6bb167295319b0ae5d9899,ca74b92087483a16a012c94b147c899e246570904c23a537cb8daeb2096ce52d,12629.614541,0.232
b2446308f35282348f1c6388346d932f610301eaa65bd0c283d8fb949d15e7cc,d206b500d8a622c7c6e606402b6f218d95ee19d6805d57bd7d6698351eea831a,12647.651348,36.882
e572651326f1337845b6b98e94175d4dc9ec1338a73d1ab7ac61170ccaf88297,518cd8f12974202d11b5a16a5437a6a560186fbe9584862c601084cbc18761c6,12648.781377,0.152
b34e792718773cd207a3d3bb54979d4952f301dd15d6f091f57008f075958309,541379714c2250706dfd8b76765ae74953f871377238b361a8666f510afeba58,12650.895937,282.377
aa09fd0de23af2f42704ea3f7a832860e356cb21fbe99fb4c513e0ac64da3ce9,a7220d0ede28b7b3aa0f0607ca44f14e871e76cab8c30bfd0134e64230326622,12655.881855,0.191
e572651326f1337845b6b98e94175d4dc9ec1338a73d1ab7ac61170ccaf88297,d92f8485c6246b3992a693f22bcc446a2f3d552d1b0cecc3fe637dec8f61e1ac,12656.361487,73.081
e572651326f1337845b6b98e94175d4dc9ec1338a73d1ab7ac61170ccaf88297,5d5cbd388a16ee5f19e2c8c5df4ac7a74ad36fdc9b8a8b0489074a41d61b6884,12661.373330,16.120
739faf50968804bd83adaade1c616b404ad02f354b6bb167295319b0ae5d9899,ca74b92087483a16a012c94b147c899e246570904c23a537cb8daeb2096ce52d,12662.710099,1.026
a12f22a3f771308d969fd56d18df65bf6960a4101a3daa4cef878997a2e1978b,664c8bd366fc401f874d793373a2aafc5a5a506e2e04d325d5d83557d6df7502,12672.114781,0.059
739faf50968804bd83adaade1c616b404ad02f354b6bb167295319b0ae5d9899,ca74b92087483a16a012c94b147c899e246570904c23a537cb8daeb2096ce52d,12673.563578,0.321
4bd219625127e9d2e12f7eb21015642ad64f42ea61a16f5577db0c2e7a54d4cf,1b9ff14203f132f3ca0342f8491d5b4e61000dbca9a88d6ef78132611cf99466,12675.013324,2.607
739faf50968804bd83adaade1c616b404ad02f354b6bb167295319b0ae5d9899,ca74b92087483a16a012c94b147c899e246570904c23a537cb8daeb2096ce52d,12676.885856,0.432
739faf50968804bd83adaade1c616b404ad02f354b6bb167295319b0ae5d9899,ca74b92087483a16a012c94b147c899e246570904c23a537cb8daeb2096ce52d,12681.450995,1.563
f7b8083a0342944f477b97a321506ae52fc6e2e76bf6042f2280c281f43ee10d,4b2c05f30bc5080fb3ff505c4051509a4406f733b9ccd3386fa0900f3ae0d9bf,12687.147101,0.130
b2446308f35282348f1c6388346d932f610301eaa65bd0c283d8fb949d15e7cc,db87b76b1f5c22aeb78e8ddae62a3f5b78f28580d14b2d7f7f773702f2da3a3b,12687.326703,0.069
a7cf2f4bb45576518350fb91bb84800146f1dc257896e3b46b901095987e2a1c,6a144e613e2220f49247934c6e896484265f3763008c3235599da7133c320b63,12706.721988,0.589
cf54d1572c1d632986590f22a8313559a433bd667a10d3d3dae5912dcba6ea78,b259c1e9f9b5415e24c8b3e31485942012cde025f7115eb6c3b87d91de9ef892,12708.242720,0.039
87b8ec9b41644a8b32cf64798ee6e0d8d7e5948575669ae9c5a8435a10813266,9d4311638952a6ecefb68603a4ade3f6aedf1ff5a2f359c67bbef939d6a2e6dc,12712.079579,0.313
739faf50968804bd83adaade1c616b404ad02f354b6bb167295319b0ae5d9899,ca74b92087483a16a012c94b147c899e246570904c23a537cb8daeb2096ce52d,12716.529904,1.441
739faf50968804bd83adaade1c616b404ad02f354b6bb167295319b0ae5d9899,ca74b92087483a16a012c94b147c899e246570904c23a537cb8daeb2096ce52d,12724.272633,0.609
739faf50968804bd83adaade1c616b404ad02f354b6bb167295319b0ae5d9899,ca74b92087483a16a012c94b147c899e246570904c23a537cb8daeb2096ce52d,12725.038959,0.845
b2446308f35282348f1c6388346d932f610301eaa65bd0c283d8fb949d15e7cc,d206b500d8a622c7c6e606402b6f218d95ee19d6805d57bd7d6698351eea831a,12726.301428,138.382
739faf50968804bd83adaade1c616b404ad02f354b6bb167295319b0ae5d9899,ca74b92087483a16a012c94b147c899e246570904c23a537cb8daeb2096ce52d,12733.168703,0.595
b34e792718773cd207a3d3bb54979d4952f301dd15d6f091f57008f075958309,2f796c78515eb95a2d835ebf50326db182a91dce43f6d21d5785e80565851355,12736.063563,0.726
739faf50968804bd83adaade1c616b404ad02f354b6bb167295319b0ae5d9899,ca74b92087483a16a012c94b147c899e246570904c23a537cb8daeb2096ce52d,12739.914479,0.590
87b8ec9b41644a8b32cf64798ee6e0d8d7e5948575669ae9c5a8435a10813266,9d4311638952a6ecefb68603a4ade3f6aedf1ff5a2f359c67bbef939d6a2e6dc,12740.916053,0.129
e572651326f1337845b6b98e94175d4dc9ec1338a73d1ab7ac61170ccaf88297,5d5cbd388a16ee5f19e2c8c5df4ac7a74ad36fdc9b8a8b0489074a41d61b6884,12741.742708,18.829
e572651326f1337845b6b98e94175d4dc9ec1338a73d1ab7ac61170ccaf88297,518cd8f12974202d11b5a16a5437a6a560186fbe9584862c601084cbc18761c6,12741.904982,0.200
a12f22a3f771308d969fd56d18df65bf6960a4101a3daa4cef878997a2e1978b,664c8bd366fc401f874d793373a2aafc5a5a506e2e04d325d5d83557d6df7502,12744.519121,0.054
b34e792718773cd207a3d3bb54979d4952f301dd15d6f091f57008f075958309,2f796c78515eb95a2d835ebf50326db182a91dce43f6d21d5785e80565851355,12746.104046,6.627
a279432833a21dc66309e252ef3f48f1ddc9eb706839d037a00b3f9f545c5e2d,9bfe15fe1c84832456da5d671ec99cfd73e0514bf91abfae306da2457af04221,12754.068776,1.505
eddb92315799e0eaf5d18b84bc5948186fbc33c0190b04c815d75765a979435c,9ecd2766ee6bd299d23bbc00b9a905d490ebeb2e675d857ef4f1bd4d5877c065,12756.008713,20.595
739faf50968804bd83adaade1c616b404ad02f354b6bb167295319b0ae5d9899,ca74b92087483a16a012c94b147c899e246570904c23a537cb8daeb2096ce52d,12758.232601,0.366
739faf50968804bd83adaade1c616b404ad02f354b6bb167295319b0ae5d9899,ca74b92087483a16a012c94b147c899e246570904c23a537cb8daeb2096ce52d,12762.331714,0.863
aa09fd0de23af2f42704ea3f7a832860e356cb21fbe99fb4c513e0ac64da3ce9,a7220d0ede28b7b3aa0f0607ca44f14e871e76cab8c30bfd0134e64230326622,12765.738598,0.022
739faf50968804bd83adaade1c616b404ad02f354b6bb167295319b0ae5d9899,ca74b92087483a16a012c94b147c899e246570904c23a537cb8daeb2096ce52d,12779.208821,1.070
99ae030b60cf247520cab75889c7e2f4c8be9422fce8cc2dc30c53820d8e487b,68b7a052a1a75027d0ba4031c39237121a4d32fa66b59c585684af85c61349ac,12779.259575,0.339
a7cf2f4bb45576518350fb91bb84800146f1dc257896e3b46b901095987e2a1c,6a144e613e2220f49247934c6e896484265f3763008c3235599da7133c320b63,12783.622064,0.318
e572651326f1337845b6b98e94175d4dc9ec1338a73d1ab7ac61170ccaf88297,5d5cbd388a16ee5f19e2c8c5df4ac7a74ad36fdc9b8a8b0489074a41d61b6884,12784.512646,7.683
739faf50968804bd83adaade1c616b404ad02f354b6bb167295319b0ae5d9899,ca74b92087483a16a012c94b147c899e246570904c23a537cb8daeb2096ce52d,12785.249019,1.219
d9c9a39425c8044015e05eaf8330a6e48bad0e3edf1ec032098fb2c8b045c0b9,7fd157a7b694ec9235842e5191f04eb673f536c6f3bb37a9dc868eaeb977de9b,12785.429420,1.907
a279432833a21dc66309e252ef3f48f1ddc9eb706839d037a00b3f9f545c5e2d,96b2b81126ccc77b62f8e30b2d3ae9fd295c3bf035deab650d5cf4c57cf49796,12786.165189,0.054
e572651326f1337845b6b98e94175d4dc9ec1338a73d1ab7ac61170ccaf88297,d92f8485c6246b3992a693f22bcc446a2f3d552d1b0cecc3fe637dec8f61e1ac,12793.676119,35.891
a7cf2f4bb45576518350fb91bb84800146f1dc257896e3b46b901095987e2a1c,0e0238481987246e775d487dc915a41e718967ef61dc0c3dbf5c2983b02dea84,12794.197692,19.936
739faf50968804bd83adaade1c616b404ad02f354b6bb167295319b0ae5d9899,ca74b92087483a16a012c94b147c899e246570904c23a537cb8daeb2096ce52d,12804.208942,0.787
e572651326f1337845b6b98e94175d4dc9ec1338a73d1ab7ac61170ccaf88297,d92f8485c6246b3992a693f22bcc446a2f3d552d1b0cecc3fe637dec8f61e1ac,12809.251504,38.261
e572651326f1337845b6b98e94175d4dc9ec1338a73d1ab7ac61170ccaf88297,518cd8f12974202d11b5a16a5437a6a560186fbe9584862c601084cbc18761c6,12810.970002,0.676
e572651326f1337845b6b98e94175d4dc9ec1338a73d1ab7ac61170ccaf88297,d92f8485c6246b3992a693f22bcc446a2f3d552d1b0cecc3fe637dec8f61e1ac,12814.079036,65.440
99ae030b60cf247520cab75889c7e2f4c8be9422fce8cc2dc30c53820d8e487b,68b7a052a1a75027d0ba4031c39237121a4d32fa66b59c585684af85c61349ac,12814.180406,0.350
36918b2e6c7d7af242c355afc840cf4665e3ea068cf464571367b9c37779bf80,7256bfbb7f3fd68f57187fc7395b4cbcb317c2abb99ee066d02f0844dbcb8ee7,12816.292560,1.290
e572651326f1337845b6b98e94175d4dc9ec1338a73d1ab7ac61170ccaf88297,518cd8f12974202d11b5a16a5437a6a560186fbe9584862c601084cbc18761c6,12817.818359,0.485
739faf50968804bd83adaade1c616b404ad02f354b6bb167295319b0ae5d9899,ca74b92087483a16a012c94b147c899e246570904c23a537cb8daeb2096ce52d,12818.936329,0.382
cf54d1572c1d632986590f22a8313559a433bd667a10d3d3dae5912dcba6ea78,b259c1e9f9b5415e24c8b3e31485942012cde025f7115eb6c3b87d91de9ef892,12841.849939,0.135
e572651326f1337845b6b98e94175d4dc9ec1338a73d1ab7ac61170ccaf88297,5d5cbd388a16ee5f19e2c8c5df4ac7a74ad36fdc9b8a8b0489074a41d61b6884,12844.003166,10.696
739faf50968804bd83adaade1c616b404ad02f354b6bb167295319b0ae5d9899,ca74b92087483a16a012c94b147c899e246570904c23a537cb8daeb2096ce52d,12847.966510,0.687
e572651326f1337845b6b98e94175d4dc9ec1338a73d1ab7ac61170ccaf88297,518cd8f12974202d11b5a16a5437a6a560186fbe9584862c601084cbc18761c6,12851.415242,0.134
739faf50968804bd83adaade1c616b404ad02f354b6bb167295319b0ae5d9899,ca74b92087483a16a012c94b147c899e246570904c23a537cb8daeb2096ce52d,12861.373354,0.192
e572651326f1337845b6b98e94175d4dc9ec1338a73d1ab7ac61170ccaf88297,d92f8485c6246b3992a693f22bcc446a2f3d552d1b0cecc3fe637dec8f61e1ac,12868.090724,67.275
e572651326f1337845b6b98e94175d4dc9ec1338a73d1ab7ac61170ccaf88297,518cd8f12974202d11b5a16a5437a6a560186fbe9584862c601084cbc18761c6,12869.476078,0.119
cf54d1572c1d632986590f22a8313559a433bd667a10d3d3dae5912dcba6ea78,b259c1e9f9b5415e24c8b3e31485942012cde025f7115eb6c3b87d91de9ef892,12872.828490,0.038
4bd219625127e9d2e12f7eb21015642ad64f42ea61a16f5577db0c2e7a54d4cf,97c31670ec24a392969c8bc769ded28f0ea827f99e77c918ebe894b02f4511dd,12872.986344,14.436
87b8ec9b41644a8b32cf64798ee6e0d8d7e5948575669ae9c5a8435a10813266,b85146d6fb2fb1b37a7b668f36287a534543da7a2bc393eac28fd9e974908af0,12873.450874,2.459
739faf50968804bd83adaade1c616b404ad02f354b6bb167295319b0ae5d9899,ca74b92087483a16a012c94b147c899e246570904c23a537cb8daeb2096ce52d,12877.062942,2.525
b2446308f35282348f1c6388346d932f610301eaa65bd0c283d8fb949d15e7cc,d206b500d8a622c7c6e606402b6f218d95ee19d6805d57bd7d6698351eea831a,12881.343918,38.463
739faf50968804bd83adaade1c616b404ad02f354b6bb167295319b0ae5d9899,ca74b92087483a16a012c94b147c899e246570904c23a537cb8daeb2096ce52d,12887.709344,0.571
e572651326f1337845b6b98e94175d4dc9ec1338a73d1ab7ac61170ccaf88297,5d5cbd388a16ee5f19e2c8c5df4ac7a74ad36fdc9b8a8b0489074a41d61b6884,12904.579487,19.232
739faf50968804bd83adaade1c616b404ad02f354b6bb167295319b0ae5d9899,ca74b92087483a16a012c94b147c899e246570904c23a537cb8daeb2096ce52d,12922.180462,0.889
739faf50968804bd83adaade1c616b404ad02f354b6bb167295319b0ae5d9899,ca74b92087483a16a012c94b147c899e246570904c23a537cb8daeb2096ce52d,12922.457064,1.122
87b8ec9b41644a8b32cf64798ee6e0d8d7e5948575669ae9c5a8435a10813266,13220cb8f5b7112c02f2481c968497db0f96a9b6d45bc7204086d9914d5596b5,12922.523018,28.917
739faf50968804bd83adaade1c616b404ad02f354b6bb167295319b0ae5d9899,ca74b92087483a16a012c94b147c899e246570904c23a537cb8daeb2096ce52d,12923.943397,0.984
739faf50968804bd83adaade1c616b404ad02f354b6bb167295319b0ae5d9899,ca74b92087483a16a012c94b147c899e246570904c23a537cb8daeb2096ce52d,12924.637700,0.499
87b8ec9b41644a8b32cf64798ee6e0d8d7e5948575669ae9c5a8435a10813266,13220cb8f5b7112c02f2481c968497db0f96a9b6d45bc7204086d9914d5596b5,12925.532844,80.754
87b8ec9b41644a8b32cf64798ee6e0d8d7e5948575669ae9c5a8435a10813266,b85146d6fb2fb1b37a7b668f36287a534543da7a2bc393eac28fd9e974908af0,12926.503215,4.077
b2446308f35282348f1c6388346d932f610301eaa65bd0c283d8fb949d15e7cc,db87b76b1f5c22aeb78e8ddae62a3f5b78f28580d14b2d7f7f773702f2da3a3b,12928.062304,0.022
b34e792718773cd207a3d3bb54979d4952f301dd15d6f091f57008f075958309,2f796c78515eb95a2d835ebf50326db182a91dce43f6d21d5785e80565851355,12929.772694,0.900
739faf50968804bd83adaade1c616b404ad02f354b6bb167295319b0ae5d9899,ca74b92087483a16a012c94b147c899e246570904c23a537cb8daeb2096ce52d,12933.134273,1.029
e572651326f1337845b6b98e94175d4dc9ec1338a73d1ab7ac61170ccaf88297,5d5cbd388a16ee5f19e2c8c5df4ac7a74ad36fdc9b8a8b0489074a41d61b6884,12935.297655,4.504
d9c9a39425c8044015e05eaf8330a6e48bad0e3edf1ec032098fb2c8b045c0b9,55b5c6b8e25e560a5244c522674fa8ad6f8dec1b83a702650726d57f2547c47c,12940.201287,0.042
739faf50968804bd83adaade1c616b404ad02f354b6bb167295319b0ae5d9899,ca74b92087483a16a012c94b147c899e246570904c23a537cb8daeb2096ce52d,12951.183203,1.011
d9c9a39425c8044015e05eaf8330a6e48bad0e3edf1ec032098fb2c8b045c0b9,55b5c6b8e25e560a5244c522674fa8ad6f8dec1b83a702650726d57f2547c47c,12952.059264,0.173
e572651326f1337845b6b98e94175d4dc9ec1338a73d1ab7ac61170ccaf88297,518cd8f12974202d11b5a16a5437a6a560186fbe9584862c601084cbc18761c6,12952.966292,0.681
f7b8083a0342944f477b97a321506ae52fc6e2e76bf6042f2280c281f43ee10d,d414dfb669aa29482336ef26db33feead9a3bd71190ba5d44412a9f8bedf26de,12958.386166,11.914
e572651326f1337845b6b98e94175d4dc9ec1338a73d1ab7ac61170ccaf88297,518cd8f12974202d11b5a16a5437a6a560186fbe9584862c601084cbc18761c6,12960.977628,0.120
87b8ec9b41644a8b32cf64798ee6e0d8d7e5948575669ae9c5a8435a10813266,13220cb8f5b7112c02f2481c968497db0f96a9b6d45bc7204086d9914d5596b5,12963.685737,29.502
e572651326f1337845b6b98e94175d4dc9ec1338a73d1ab7ac61170ccaf88297,d92f8485c6246b3992a693f22bcc446a2f3d552d1b0cecc3fe637dec8f61e1ac,12965.465902,55.324
e572651326f1337845b6b98e94175d4dc9ec1338a73d1ab7ac61170ccaf88297,d92f8485c6246b3992a693f22bcc446a2f3d552d1b0cecc3fe637dec8f61e1ac,12965.544007,186.248
87b8ec9b41644a8b32cf64798ee6e0d8d7e5948575669ae9c5a8435a10813266,b85146d6fb2fb1b37a7b668f36287a534543da7a2bc393eac28fd9e974908af0,12967.411372,2.230
cf54d1572c1d632986590f22a8313559a433bd667a10d3d3dae5912dcba6ea78,b259c1e9f9b5415e24c8b3e31485942012cde025f7115eb6c3b87d91de9ef892,12969.350595,0.027
e572651326f1337845b6b98e94175d4dc9ec1338a73d1ab7ac61170ccaf88297,5d5cbd388a16ee5f19e2c8c5df4ac7a74ad36fdc9b8a8b0489074a41d61b6884,12969.407886,37.605
a12f22a3f771308d969fd56d18df65bf6960a4101a3daa4cef878997a2e1978b,664c8bd366fc401f874d793373a2aafc5a5a506e2e04d325d5d83557d6df7502,12975.924514,0.057
a12f22a3f771308d969fd56d18df65bf6960a4101a3daa4cef878997a2e1978b,664c8bd366fc401f874d793373a2aafc5a5a506e2e04d325d5d83557d6df7502,12979.419626,0.027
739faf50968804bd83adaade1c616b404ad02f354b6bb167295319b0ae5d9899,ca74b92087483a16a012c94b147c899e246570904c23a537cb8daeb2096ce52d,12982.106469,0.393
e572651326f1337845b6b98e94175d4dc9ec1338a73d1ab7ac61170ccaf88297,d92f8485c6246b3992a693f22bcc446a2f3d552d1b0cecc3fe637dec8f61e1ac,12987.589648,48.555
f7b8083a0342944f477b97a321506ae52fc6e2e76bf6042f2280c281f43ee10d,d414dfb669aa29482336ef26db33feead9a3bd71190ba5d44412a9f8bedf26de,12988.826590,10.510
eddb92315799e0eaf5d18b84bc5948186fbc33c0190b04c815d75765a979435c,9ecd2766ee6bd299d23bbc00b9a905d490ebeb2e675d857ef4f1bd4d5877c065,12992.417526,15.834
739faf50968804bd83adaade1c616b404ad02f354b6bb167295319b0ae5d9899,ca74b92087483a16a012c94b147c899e246570904c23a537cb8daeb2096ce52d,12993.212141,0.412
739faf50968804bd83adaade1c616b404ad02f354b6bb167295319b0ae5d9899,ca74b92087483a16a012c94b147c899e246570904c23a537cb8daeb2096ce52d,13008.261794,0.435
e572651326f1337845b6b98e94175d4dc9ec1338a73d1ab7ac61170ccaf88297,d92f8485c6246b3992a693f22bcc446a2f3d552d1b0cecc3fe637dec8f61e1ac,13012.366911,98.937
4bd219625127e9d2e12f7eb21015642ad64f42ea61a16f5577db0c2e7a54d4cf,1b9ff14203f132f3ca0342f8491d5b4e61000dbca9a88d6ef78132611cf99466,13022.613704,3.159
739faf50968804bd83adaade1c616b404ad02f354b6bb167295319b0ae5d9899,ca74b92087483a16a012c94b147c899e246570904c23a537cb8daeb2096ce52d,13023.793593,0.740
739faf50968804bd83adaade1c616b404ad02f354b6bb167295319b0ae5d9899,ca74b92087483a16a012c94b147c899e246570904c23a537cb8daeb2096ce52d,13026.081806,1.081
b2446308f35282348f1c6388346d932f610301eaa65bd0c283d8fb949d15e7cc,db87b76b1f5c22aeb78e8ddae62a3f5b78f28580d14b2d7f7f773702f2da3a3b,13026.425394,0.055
e572651326f1337845b6b98e94175d4dc9ec1338a73d1ab7ac61170ccaf88297,518cd8f12974202d11b5a16a5437a6a560186fbe9584862c601084cbc18761c6,13028.718657,0.156
739faf50968804bd83adaade1c616b404ad02f354b6bb167295319b0ae5d9899,ca74b92087483a16a012c94b147c899e246570904c23a537cb8daeb2096ce52d,13030.333585,2.283
f7b8083a0342944f477b97a321506ae52fc6e2e76bf6042f2280c281f43ee10d,4b2c05f30bc5080fb3ff505c4051509a4406f733b9ccd3386fa0900f3ae0d9bf,13031.518430,0.103
e572651326f1337845b6b98e94175d4dc9ec1338a73d1ab7ac61170ccaf88297,5d5cbd388a16ee5f19e2c8c5df4ac7a74ad36fdc9b8a8b0489074a41d61b6884,13041.872404,27.216
739faf50968804bd83adaade1c616b404ad02f354b6bb167295319b0ae5d9899,ca74b92087483a16a012c94b147c899e246570904c23a537cb8daeb2096ce52d,13042.988546,0.573
b2446308f35282348f1c6388346d932f610301eaa65bd0c283d8fb949d15e7cc,d206b500d8a622c7c6e606402b6f218d95ee19d6805d57bd7d6698351eea831a,13048.788057,37.403
f7b8083a0342944f477b97a321506ae52fc6e2e76bf6042f2280c281f43ee10d,d414dfb669aa29482336ef26db33feead9a3bd71190ba5d44412a9f8bedf26de,13052.522455,6.500
b2446308f35282348f1c6388346d932f610301eaa65bd0c283d8fb949d15e7cc,db87b76b1f5c22aeb78e8ddae62a3f5b78f28580d14b2d7f7f773702f2da3a3b,13053.101508,0.019
739faf50968804bd83adaade1c616b404ad02f354b6bb167295319b0ae5d9899,ca74b92087483a16a012c94b147c899e246570904c23a537cb8daeb2096ce52d,13054.082864,0.752
739faf50968804bd83adaade1c616b404ad02f354b6bb167295319b0ae5d9899,ca74b92087483a16a012c94b147c899e246570904c23a537cb8daeb2096ce52d,13057.444715,1.083
aa09fd0de23af2f42704ea3f7a832860e356cb21fbe99fb4c513e0ac64da3ce9,a7220d0ede28b7b3aa0f0607ca44f14e871e76cab8c30bfd0134e64230326622,13067.902912,0.034
b2446308f35282348f1c6388346d932f610301eaa65bd0c283d8fb949d15e7cc,d206b500d8a622c7c6e606402b6f218d95ee19d6805d57bd7d6698351eea831a,13070.601005,91.960
36918b2e6c7d7af242c355afc840cf4665e3ea068cf464571367b9c37779bf80,7256bfbb7f3fd68f57187fc7395b4cbcb317c2abb99ee066d02f0844dbcb8ee7,13079.039550,3.467
d9c9a39425c8044015e05eaf8330a6e48bad0e3edf1ec032098fb2c8b045c0b9,7fd157a7b694ec9235842e5191f04eb673f536c6f3bb37a9dc868eaeb977de9b,13082.790861,1.236
e572651326f1337845b6b98e94175d4dc9ec1338a73d1ab7ac61170ccaf88297,518cd8f12974202d11b5a16a5437a6a560186fbe9584862c601084cbc18761c6,13084.912929,0.084
e572651326f1337845b6b98e94175d4dc9ec1338a73d1ab7ac61170ccaf88297,d92f8485c6246b3992a693f22bcc446a2f3d552d1b0cecc3fe637dec8f61e1ac,13086.956335,69.671
87b8ec9b41644a8b32cf64798ee6e0d8d7e5948575669ae9c5a8435a10813266,9d4311638952a6ecefb68603a4ade3f6aedf1ff5a2f359c67bbef939d6a2e6dc,13087.245533,0.235
739faf50968804bd83adaade1c616b404ad02f354b6bb167295319b0ae5d9899,ca74b92087483a16a012c94b147c899e246570904c23a537cb8daeb2096ce52d,13087.540401,0.607
739faf50968804bd83adaade1c616b404ad02f354b6bb167295319b0ae5d9899,ca74b92087483a16a012c94b147c899e246570904c23a537cb8daeb2096ce52d,13095.842778,0.864
e572651326f1337845b6b98e94175d4dc9ec1338a73d1ab7ac61170ccaf88297,518cd8f12974202d11b5a16a5437a6a560186fbe9584862c601084cbc18761c6,13107.591390,0.181
87b8ec9b41644a8b32cf64798ee6e0d8d7e5948575669ae9c5a8435a10813266,13220cb8f5b7112c02f2481c968497db0f96a9b6d45bc7204086d9914d5596b5,13107.634884,129.045
87b8ec9b41644a8b32cf64798ee6e0d8d7e5948575669ae9c5a8435a10813266,b85146d6fb2fb1b37a7b668f36287a534543da7a2bc393eac28fd9e974908af0,13115.697501,1.922
a279432833a21dc66309e252ef3f48f1ddc9eb706839d037a00b3f9f545c5e2d,7f0b52256911bed19622812b8483c07daf2e9103a269f567068ed939e33a2785,13121.670499,1.030
739faf50968804bd83adaade1c616b404ad02f354b6bb167295319b0ae5d9899,ca74b92087483a16a012c94b147c899e246570904c23a537cb8daeb2096ce52d,13122.728312,0.963
e572651326f1337845b6b98e94175d4dc9ec1338a73d1ab7ac61170ccaf88297,518cd8f12974202d11b5a16a5437a6a560186fbe9584862c601084cbc18761c6,13123.863768,0.095
e572651326f1337845b6b98e94175d4dc9ec1338a73d1ab7ac61170ccaf88297,d92f8485c6246b3992a693f22bcc446a2f3d552d1b0cecc3fe637dec8f61e1ac,13126.464457,137.736
a12f22a3f771308d969fd56d18df65bf6960a4101a3daa4cef878997a2e1978b,664c8bd366fc401f874d793373a2aafc5a5a506e2e04d325d5d83557d6df7502,13128.443305,0.016
a7cf2f4bb45576518350fb91bb84800146f1dc257896e3b46b901095987e2a1c,6a144e613e2220f49247934c6e896484265f3763008c3235599da7133c320b63,13131.285313,0.107
739faf50968804bd83adaade1c616b404ad02f354b6bb167295319b0ae5d9899,ca74b92087483a16a012c94b147c899e246570904c23a537cb8daeb2096ce52d,13132.481886,0.574
cf54d1572c1d632986590f22a8313559a433bd667a10d3d3dae5912dcba6ea78,b259c1e9f9b5415e24c8b3e31485942012cde025f7115eb6c3b87d91de9ef892,13132.853177,0.053
d9c9a39425c8044015e05eaf8330a6e48bad0e3edf1ec032098fb2c8b045c0b9,55b5c6b8e25e560a5244c522674fa8ad6f8dec1b83a702650726d57f2547c47c,13143.477964,0.043
d9c9a39425c8044015e05eaf8330a6e48bad0e3edf1ec032098fb2c8b045c0b9,55b5c6b8e25e560a5244c522674fa8ad6f8dec1b83a702650726d57f2547c47c,13145.771652,0.021
efcdd56913d0ce6927045a6f4e8bc025d4bc3a901c3f657e7c0c0d52a157e940,d3001621518a70a020141bf2f78060d34d8b1d6a417c7d5ad0650366921617ac,13148.680990,0.155
739faf50968804bd83adaade1c616b404ad02f354b6bb167295319b0ae5d9899,ca74b92087483a16a012c94b147c899e246570904c23a537cb8daeb2096ce52d,13152.434354,0.494
d9c9a39425c8044015e05eaf8330a6e48bad0e3edf1ec032098fb2c8b045c0b9,7fd157a7b694ec9235842e5191f04eb673f536c6f3bb37a9dc868eaeb977de9b,13157.074425,0.567
87b8ec9b41644a8b32cf64798ee6e0d8d7e5948575669ae9c5a8435a10813266,13220cb8f5b7112c02f2481c968497db0f96a9b6d45bc7204086d9914d5596b5,13160.215003,87.332
739faf50968804bd83adaade1c616b404ad02f354b6bb167295319b0ae5d9899,ca74b92087483a16a012c94b147c899e246570904c23a537cb8daeb2096ce52d,13168.306404,0.606
e572651326f1337845b6b98e94175d4dc9ec1338a73d1ab7ac61170ccaf88297,5d5cbd388a16ee5f19e2c8c5df4ac7a74ad36fdc9b8a8b0489074a41d61b6884,13169.130311,29.392
e572651326f1337845b6b98e94175d4dc9ec1338a73d1ab7ac61170ccaf88297,d92f8485c6246b3992a693f22bcc446a2f3d552d1b0cecc3fe637dec8f61e1ac,13176.012758,92.198
f4930f068e300bc29cc1ba31414e01d1eaf55b1607c65985536c868ec9323990,f98b902a5d78635ca9426bf7b222c0f2e63e8316254891c86ab6c55292b5c8b2,13186.074422,0.154
f4930f068e300bc29cc1ba31414e01d1eaf55b1607c65985536c868ec9323990,f98b902a5d78635ca9426bf7b222c0f2e63e8316254891c86ab6c55292b5c8b2,13190.250290,0.131
e572651326f1337845b6b98e94175d4dc9ec1338a73d1ab7ac61170ccaf88297,d92f8485c6246b3992a693f22bcc446a2f3d552d1b0cecc3fe637dec8f61e1ac,13203.898472,58.934
739faf50968804bd83adaade1c616b404ad02f354b6bb167295319b0ae5d9899,ca74b92087483a16a012c94b147c899e246570904c23a537cb8daeb2096ce52d,13206.259515,0.699
e572651326f1337845b6b98e94175d4dc9ec1338a73d1ab7ac61170ccaf88297,518cd8f12974202d11b5a16a5437a6a560186fbe9584862c601084cbc18761c6,13216.683307,0.238
b2446308f35282348f1c6388346d932f610301eaa65bd0c283d8fb949d15e7cc,db87b76b1f5c22aeb78e8ddae62a3f5b78f28580d14b2d7f7f773702f2da3a3b,13218.481721,0.053
e572651326f1337845b6b98e94175d4dc9ec1338a73d1ab7ac61170ccaf88297,d92f8485c6246b3992a693f22bcc446a2f3d552d1b0cecc3fe637dec8f61e1ac,13232.845424,36.696
e572651326f1337845b6b98e94175d4dc9ec1338a73d1ab7ac61170ccaf88297,d92f8485c6246b3992a693f22bcc446a2f3d552d1b0cecc3fe637dec8f61e1ac,13236.819669,55.160
b2446308f35282348f1c6388346d932f610301eaa65bd0c283d8fb949d15e7cc,db87b76b1f5c22aeb78e8ddae62a3f5b78f28580d14b2d7f7f773702f2da3a3b,13238.983590,0.031
b34e792718773cd207a3d3bb54979d4952f301dd15d6f091f57008f075958309,541379714c2250706dfd8b76765ae74953f871377238b361a8666f510afeba58,13240.748222,201.173
e572651326f1337845b6b98e94175d4dc9ec1338a73d1ab7ac61170ccaf88297,5d5cbd388a16ee5f19e2c8c5df4ac7a74ad36fdc9b8a8b0489074a41d61b6884,13243.625738,26.579
a279432833a21dc66309e252ef3f48f1ddc9eb706839d037a00b3f9f545c5e2d,96b2b81126ccc77b62f8e30b2d3ae9fd295c3bf035deab650d5cf4c57cf49796,13244.683856,0.018
d9c9a39425c8044015e05eaf8330a6e48bad0e3edf1ec032098fb2c8b045c0b9,7fd157a7b694ec9235842e5191f04eb673f536c6f3bb37a9dc868eaeb977de9b,13247.315300,2.299
87b8ec9b41644a8b32cf64798ee6e0d8d7e5948575669ae9c5a8435a10813266,13220cb8f5b7112c02f2481c968497db0f96a9b6d45bc7204086d9914d5596b5,13248.926050,55.281
739faf50968804bd83adaade1c616b404ad02f354b6bb167295319b0ae5d9899,ca74b92087483a16a012c94b147c899e246570904c23a537cb8daeb2096ce52d,13251.185172,0.929
739faf50968804bd83adaade1c616b404ad02f354b6bb167295319b0ae5d9899,ca74b92087483a16a012c94b147c899e246570904c23a537cb8daeb2096ce52d,13252.507746,0.620
f4930f068e300bc29cc1ba31414e01d1eaf55b1607c65985536c868ec9323990,f98b902a5d78635ca9426bf7b222c0f2e63e8316254891c86ab6c55292b5c8b2,13253.230214,0.667
739faf50968804bd83adaade1c616b404ad02f354b6bb167295319b0ae5d9899,ca74b92087483a16a012c94b147c899e246570904c23a537cb8daeb2096ce52d,13254.182244,1.219
a12f22a3f771308d969fd56d18df65bf6960a4101a3daa4cef878997a2e1978b,664c8bd366fc401f874d793373a2aafc5a5a506e2e04d325d5d83557d6df7502,13260.045955,0.044
e572651326f1337845b6b98e94175d4dc9ec1338a73d1ab7ac61170ccaf88297,5d5cbd388a16ee5f19e2c8c5df4ac7a74ad36fdc9b8a8b0489074a41d61b6884,13265.516217,27.415
4bd219625127e9d2e12f7eb21015642ad64f42ea61a16f5577db0c2e7a54d4cf,1b9ff14203f132f3ca0342f8491d5b4e61000dbca9a88d6ef78132611cf99466,13267.276638,1.959
e572651326f1337845b6b98e94175d4dc9ec1338a73d1ab7ac61170ccaf88297,d92f8485c6246b3992a693f22bcc446a2f3d552d1b0cecc3fe637dec8f61e1ac,13276.633783,71.266
d9c9a39425c8044015e05eaf8330a6e48bad0e3edf1ec032098fb2c8b045c0b9,55b5c6b8e25e560a5244c522674fa8ad6f8dec1b83a702650726d57f2547c47c,13279.088673,0.065
739faf50968804bd83adaade1c616b404ad02f354b6bb167295319b0ae5d9899,ca74b92087483a16a012c94b147c899e246570904c23a537cb8daeb2096ce52d,13285.380339,0.711
e572651326f1337845b6b98e94175d4dc9ec1338a73d1ab7ac61170ccaf88297,d92f8485c6246b3992a693f22bcc446a2f3d552d1b0cecc3fe637dec8f61e1ac,13291.461154,79.636
739faf50968804bd83adaade1c616b404ad02f354b6bb167295319b0ae5d9899,ca74b92087483a16a012c94b147c899e246570904c23a537cb8daeb2096ce52d,13292.314584,0.355
e572651326f1337845b6b98e94175d4dc9ec1338a73d1ab7ac61170ccaf88297,d92f8485c6246b3992a693f22bcc446a2f3d552d1b0cecc3fe637dec8f61e1ac,13292.469127,63.659
eddb92315799e0eaf5d18b84bc5948186fbc33c0190b04c815d75765a979435c,110010ce3452fe8d402b60888cc981d5c1f099fa94092e745a629835ecdb9f51,13294.801367,0.055
739faf50968804bd83adaade1c616b404ad02f354b6bb167295319b0ae5d9899,ca74b92087483a16a012c94b147c899e246570904c23a537cb8daeb2096ce52d,13296.603077,0.530
739faf50968804bd83adaade1c616b404ad02f354b6bb167295319b0ae5d9899,ca74b92087483a16a012c94b147c899e246570904c23a537cb8daeb2096ce52d,13298.243930,1.208
d9c9a39425c8044015e05eaf8330a6e48bad0e3edf1ec032098fb2c8b045c0b9,55b5c6b8e25e560a5244c522674fa8ad6f8dec1b83a702650726d57f2547c47c,13301.296795,0.071
e572651326f1337845b6b98e94175d4dc9ec1338a73d1ab7ac61170ccaf88297,518cd8f12974202d11b5a16a5437a6a560186fbe9584862c601084cbc18761c6,13302.966220,0.170
b2446308f35282348f1c6388346d932f610301eaa65bd0c283d8fb949d15e7cc,db87b76b1f5c22aeb78e8ddae62a3f5b78f28580d14b2d7f7f773702f2da3a3b,13306.392333,0.022
739faf50968804bd83adaade1c616b404ad02f354b6bb167295319b0ae5d9899,ca74b92087483a16a012c94b147c899e246570904c23a537cb8daeb2096ce52d,13310.598615,0.828
e572651326f1337845b6b98e94175d4dc9ec1338a73d1ab7ac61170ccaf88297,518cd8f12974202d11b5a16a5437a6a560186fbe9584862c601084cbc18761c6,13310.963962,0.083
cf54d1572c1d632986590f22a8313559a433bd667a10d3d3dae5912dcba6ea78,b259c1e9f9b5415e24c8b3e31485942012cde025f7115eb6c3b87d91de9ef892,13311.273746,0.069
cf54d1572c1d632986590f22a8313559a433bd667a10d3d3dae5912dcba6ea78,b259c1e9f9b5415e24c8b3e31485942012cde025f7115eb6c3b87d91de9ef892,13318.329439,0.036
739faf50968804bd83adaade1c616b404ad02f354b6bb167295319b0ae5d9899,ca74b92087483a16a012c94b147c899e246570904c23a537cb8daeb2096ce52d,13326.207126,1.617
cf54d1572c1d632986590f22a8313559a433bd667a10d3d3dae5912dcba6ea78,b259c1e9f9b5415e24c8b3e31485942012cde025f7115eb6c3b87d91de9ef892,13330.008363,0.101
e572651326f1337845b6b98e94175d4dc9ec1338a73d1ab7ac61170ccaf88297,518cd8f12974202d11b5a16a5437a6a560186fbe9584862c601084cbc18761c6,13330.534890,0.223
a12f22a3f771308d969fd56d18df65bf6960a4101a3daa4cef878997a2e1978b,5c9849d631846bbec88a0601bf6b0ba43d9e757dbe6f64ca8e4875ba49f7b794,13338.148961,26.437
87b8ec9b41644a8b32cf64798ee6e0d8d7e5948575669ae9c5a8435a10813266,b85146d6fb2fb1b37a7b668f36287a534543da7a2bc393eac28fd9e974908af0,13340.987431,2.421
d9c9a39425c8044015e05eaf8330a6e48bad0e3edf1ec032098fb2c8b045c0b9,7fd157a7b694ec9235842e5191f04eb673f536c6f3bb37a9dc868eaeb977de9b,13344.552407,0.578
e572651326f1337845b6b98e94175d4dc9ec1338a73d1ab7ac61170ccaf88297,5d5cbd388a16ee5f19e2c8c5df4ac7a74ad36fdc9b8a8b0489074a41d61b6884,13367.272915,15.882
739faf50968804bd83adaade1c616b404ad02f354b6bb167295319b0ae5d9899,ca74b92087483a16a012c94b147c899e246570904c23a537cb8daeb2096ce52d,13368.997962,2.561
e572651326f1337845b6b98e94175d4dc9ec1338a73d1ab7ac61170ccaf88297,5d5cbd388a16ee5f19e2c8c5df4ac7a74ad36fdc9b8a8b0489074a41d61b6884,13371.394726,39.104
e572651326f1337845b6b98e94175d4dc9ec1338a73d1ab7ac61170ccaf88297,518cd8f12974202d11b5a16a5437a6a560186fbe9584862c601084cbc18761c6,13372.025181,0.090
d9c9a39425c8044015e05eaf8330a6e48bad0e3edf1ec032098fb2c8b045c0b9,55b5c6b8e25e560a5244c522674fa8ad6f8dec1b83a702650726d57f2547c47c,13382.419719,0.034
e572651326f1337845b6b98e94175d4dc9ec1338a73d1ab7ac61170ccaf88297,d92f8485c6246b3992a693f22bcc446a2f3d552d1b0cecc3fe637dec8f61e1ac,13382.839466,71.732
739faf50968804bd83adaade1c616b404ad02f354b6bb167295319b0ae5d9899,ca74b92087483a16a012c94b147c899e246570904c23a537cb8daeb2096ce52d,13386.684680,1.796
b2446308f35282348f1c6388346d932f610301eaa65bd0c283d8fb949d15e7cc,d206b500d8a622c7c6e606402b6f218d95ee19d6805d57bd7d6698351eea831a,13394.535109,42.871
e572651326f1337845b6b98e94175d4dc9ec1338a73d1ab7ac61170ccaf88297,d92f8485c6246b3992a693f22bcc446a2f3d552d1b0cecc3fe637dec8f61e1ac,13397.416541,43.619
eddb92315799e0eaf5d18b84bc5948186fbc33c0190b04c815d75765a979435c,78ec164daacd5c9e215e76ca4dfb2d1ef3a94743f8b329a281a0e9782a09f749,13408.908916,68.611
e572651326f1337845b6b98e94175d4dc9ec1338a73d1ab7ac61170ccaf88297,d92f8485c6246b3992a693f22bcc446a2f3d552d1b0cecc3fe637dec8f61e1ac,13417.000739,45.063
e572651326f1337845b6b98e94175d4dc9ec1338a73d1ab7ac61170ccaf88297,d92f8485c6246b3992a693f22bcc446a2f3d552d1b0cecc3fe637dec8f61e1ac,13419.906816,62.577
a12f22a3f771308d969fd56d18df65bf6960a4101a3daa4cef878997a2e1978b,5c9849d631846bbec88a0601bf6b0ba43d9e757dbe6f64ca8e4875ba49f7b794,13424.014773,39.823
d9c9a39425c8044015e05eaf8330a6e48bad0e3edf1ec032098fb2c8b045c0b9,7fd157a7b694ec9235842e5191f04eb673f536c6f3bb37a9dc868eaeb977de9b,13426.252273,0.439
e572651326f1337845b6b98e94175d4dc9ec1338a73d1ab7ac61170ccaf88297,518cd8f12974202d11b5a16a5437a6a560186fbe9584862c601084cbc18761c6,13432.406712,0.211
cf54d1572c1d632986590f22a8313559a433bd667a10d3d3dae5912dcba6ea78,b259c1e9f9b5415e24c8b3e31485942012cde025f7115eb6c3b87d91de9ef892,13453.166541,0.075
a279432833a21dc66309e252ef3f48f1ddc9eb706839d037a00b3f9f545c5e2d,96b2b81126ccc77b62f8e30b2d3ae9fd295c3bf035deab650d5cf4c57cf49796,13458.391212,0.053
e572651326f1337845b6b98e94175d4dc9ec1338a73d1ab7ac61170ccaf88297,518cd8f12974202d11b5a16a5437a6a560186fbe9584862c601084cbc18761c6,13460.590509,0.177
b2446308f35282348f1c6388346d932f610301eaa65bd0c283d8fb949d15e7cc,db87b76b1f5c22aeb78e8ddae62a3f5b78f28580d14b2d7f7f773702f2da3a3b,13466.094249,0.065
b34e792718773cd207a3d3bb54979d4952f301dd15d6f091f57008f075958309,2f796c78515eb95a2d835ebf50326db182a91dce43f6d21d5785e80565851355,13471.825393,12.925
b34e792718773cd207a3d3bb54979d4952f301dd15d6f091f57008f075958309,541379714c2250706dfd8b76765ae74953f871377238b361a8666f510afeba58,13471.834857,130.067
eddb92315799e0eaf5d18b84bc5948186fbc33c0190b04c815d75765a979435c,78ec164daacd5c9e215e76ca4dfb2d1ef3a94743f8b329a281a0e9782a09f749,13478.937745,20.217
87b8ec9b41644a8b32cf64798ee6e0d8d7e5948575669ae9c5a8435a10813266,13220cb8f5b7112c02f2481c968497db0f96a9b6d45bc7204086d9914d5596b5,13480.730499,123.818
e572651326f1337845b6b98e94175d4dc9ec1338a73d1ab7ac61170ccaf88297,5d5cbd388a16ee5f19e2c8c5df4ac7a74ad36fdc9b8a8b0489074a41d61b6884,13485.944411,18.572
e572651326f1337845b6b98e94175d4dc9ec1338a73d1ab7ac61170ccaf88297,d92f8485c6246b3992a693f22bcc446a2f3d552d1b0cecc3fe637dec8f61e1ac,13486.146844,52.665
739faf50968804bd83adaade1c616b404ad02f354b6bb167295319b0ae5d9899,ca74b92087483a16a012c94b147c899e246570904c23a537cb8daeb2096ce52d,13496.398532,0.674
739faf50968804bd83adaade1c616b404ad02f354b6bb167295319b0ae5d9899,ca74b92087483a16a012c94b147c899e246570904c23a537cb8daeb2096ce52d,13497.634660,0.880
e572651326f1337845b6b98e94175d4dc9ec1338a73d1ab7ac61170ccaf88297,5d5cbd388a16ee5f19e2c8c5df4ac7a74ad36fdc9b8a8b0489074a41d61b6884,13497.769438,23.467
739faf50968804bd83adaade1c616b404ad02f354b6bb167295319b0ae5d9899,ca74b92087483a16a012c94b147c899e246570904c23a537cb8daeb2096ce52d,13508.701186,0.559
739faf50968804bd83adaade1c616b404ad02f354b6bb167295319b0ae5d9899,ca74b92087483a16a012c94b147c899e246570904c23a537cb8daeb2096ce52d,13509.864047,1.658
e572651326f1337845b6b98e94175d4dc9ec1338a73d1ab7ac61170ccaf88297,5d5cbd388a16ee5f19e2c8c5df4ac7a74ad36fdc9b8a8b0489074a41d61b6884,13514.692117,24.640
e572651326f1337845b6b98e94175d4dc9ec1338a73d1ab7ac61170ccaf88297,518cd8f12974202d11b5a16a5437a6a560186fbe9584862c601084cbc18761c6,13536.628163,0.357
e572651326f1337845b6b98e94175d4dc9ec1338a73d1ab7ac61170ccaf88297,518cd8f12974202d11b5a16a5437a6a560186fbe9584862c601084cbc18761c6,13538.042327,0.240
99ae030b60cf247520cab75889c7e2f4c8be9422fce8cc2dc30c53820d8e487b,68b7a052a1a75027d0ba4031c39237121a4d32fa66b59c585684af85c61349ac,13548.303226,0.215
e572651326f1337845b6b98e94175d4dc9ec1338a73d1ab7ac61170ccaf88297,5d5cbd388a16ee5f19e2c8c5df4ac7a74ad36fdc9b8a8b0489074a41d61b6884,13549.185637,5.853
b34e792718773cd207a3d3bb54979d4952f301dd15d6f091f57008f075958309,2f796c78515eb95a2d835ebf50326db182a91dce43f6d21d5785e80565851355,13555.622597,2.613
e572651326f1337845b6b98e94175d4dc9ec1338a73d1ab7ac61170ccaf88297,d92f8485c6246b3992a693f22bcc446a2f3d552d1b0cecc3fe637dec8f61e1ac,13559.030872,121.221
e572651326f1337845b6b98e94175d4dc9ec1338a73d1ab7ac61170ccaf88297,d92f8485c6246b3992a693f22bcc446a2f3d552d1b0cecc3fe637dec8f61e1ac,13561.046255,20.705
e572651326f1337845b6b98e94175d4dc9ec1338a73d1ab7ac61170ccaf88297,5d5cbd388a16ee5f19e2c8c5df4ac7a74ad36fdc9b8a8b0489074a41d61b6884,13569.912911,29.581
739faf50968804bd83adaade1c616b404ad02f354b6bb167295319b0ae5d9899,ca74b92087483a16a012c94b147c899e246570904c23a537cb8daeb2096ce52d,13572.260648,2.106
d9c9a39425c8044015e05eaf8330a6e48bad0e3edf1ec032098fb2c8b045c0b9,55b5c6b8e25e560a5244c522674fa8ad6f8dec1b83a702650726d57f2547c47c,13573.391413,0.086
4bd219625127e9d2e12f7eb21015642ad64f42ea61a16f5577db0c2e7a54d4cf,1b9ff14203f132f3ca0342f8491d5b4e61000dbca9a88d6ef78132611cf99466,13573.543679,1.350
cf54d1572c1d632986590f22a8313559a433bd667a10d3d3dae5912dcba6ea78,b259c1e9f9b5415e24c8b3e31485942012cde025f7115eb6c3b87d91de9ef892,13575.280708,0.046
b2446308f35282348f1c6388346d932f610301eaa65bd0c283d8fb949d15e7cc,db87b76b1f5c22aeb78e8ddae62a3f5b78f28580d14b2d7f7f773702f2da3a3b,13581.185288,0.057
a12f22a3f771308d969fd56d18df65bf6960a4101a3daa4cef878997a2e1978b,664c8bd366fc401f874d793373a2aafc5a5a506e2e04d325d5d83557d6df7502,13589.174637,0.026
eddb92315799e0eaf5d18b84bc5948186fbc33c0190b04c815d75765a979435c,110010ce3452fe8d402b60888cc981d5c1f099fa94092e745a629835ecdb9f51,13591.247597,0.068
a279432833a21dc66309e252ef3f48f1ddc9eb706839d037a00b3f9f545c5e2d,7f0b52256911bed19622812b8483c07daf2e9103a269f567068ed939e33a2785,13591.490773,0.960
64db848c9bc5db515c94ab30eee3c35decfe835ca8a6c40b0821fe30aaa04cdb,f219acf93580c06f4504a74e90b2f826094f3544ca2f60a49b929ab5d1f80d31,13592.685723,4.316
a12f22a3f771308d969fd56d18df65bf6960a4101a3daa4cef878997a2e1978b,5c9849d631846bbec88a0601bf6b0ba43d9e757dbe6f64ca8e4875ba49f7b794,13607.748323,14.705
739faf50968804bd83adaade1c616b404ad02f354b6bb167295319b0ae5d9899,ca74b92087483a16a012c94b147c899e246570904c23a537cb8daeb2096ce52d,13617.442111,0.740
cf54d1572c1d632986590f22a8313559a433bd667a10d3d3dae5912dcba6ea78,b259c1e9f9b5415e24c8b3e31485942012cde025f7115eb6c3b87d91de9ef892,13621.663810,0.018
739faf50968804bd83adaade1c616b404ad02f354b6bb167295319b0ae5d9899,ca74b92087483a16a012c94b147c899e246570904c23a537cb8daeb2096ce52d,13626.132825,0.252
b34e792718773cd207a3d3bb54979d4952f301dd15d6f091f57008f075958309,2f796c78515eb95a2d835ebf50326db182a91dce43f6d21d5785e80565851355,13630.306334,3.220
739faf50968804bd83adaade1c616b404ad02f354b6bb167295319b0ae5d9899,ca74b92087483a16a012c94b147c899e246570904c23a537cb8daeb2096ce52d,13631.472978,1.904
739faf50968804bd83adaade1c616b404ad02f354b6bb167295319b0ae5d9899,ca74b92087483a16a012c94b147c899e246570904c23a537cb8daeb2096ce52d,13636.208597,0.692
b2446308f35282348f1c6388346d932f610301eaa65bd0c283d8fb949d15e7cc,d206b500d8a622c7c6e606402b6f218d95ee19d6805d57bd7d6698351eea831a,13641.486860,49.276
e572651326f1337845b6b98e94175d4dc9ec1338a73d1ab7ac61170ccaf88297,518cd8f12974202d11b5a16a5437a6a560186fbe9584862c601084cbc18761c6,13645.541197,0.481
36918b2e6c7d7af242c355afc840cf4665e3ea068cf464571367b9c37779bf80,7256bfbb7f3fd68f57187fc7395b4cbcb317c2abb99ee066d02f0844dbcb8ee7,13647.597259,2.169
739faf50968804bd83adaade1c616b404ad02f354b6bb167295319b0ae5d9899,ca74b92087483a16a012c94b147c899e246570904c23a537cb8daeb2096ce52d,13654.022481,0.444
4bd219625127e9d2e12f7eb21015642ad64f42ea61a16f5577db0c2e7a54d4cf,1b9ff14203f132f3ca0342f8491d5b4e61000dbca9a88d6ef78132611cf99466,13658.934954,7.767
e572651326f1337845b6b98e94175d4dc9ec1338a73d1ab7ac61170ccaf88297,d92f8485c6246b3992a693f22bcc446a2f3d552d1b0cecc3fe637dec8f61e1ac,13659.875081,31.401
e572651326f1337845b6b98e94175d4dc9ec1338a73d1ab7ac61170ccaf88297,518cd8f12974202d11b5a16a5437a6a560186fbe9584862c601084cbc18761c6,13661.189042,0.179
eddb92315799e0eaf5d18b84bc5948186fbc33c0190b04c815d75765a979435c,78ec164daacd5c9e215e76ca4dfb2d1ef3a94743f8b329a281a0e9782a09f749,13664.249664,18.184
4bd219625127e9d2e12f7eb21015642ad64f42ea61a16f5577db0c2e7a54d4cf,97c31670ec24a392969c8bc769ded28f0ea827f99e77c918ebe894b02f4511dd,13665.404545,12.876
a279432833a21dc66309e252ef3f48f1ddc9eb706839d037a00b3f9f545c5e2d,7f0b52256911bed19622812b8483c07daf2e9103a269f567068ed939e33a2785,13667.185442,0.738
4bd219625127e9d2e12f7eb21015642ad64f42ea61a16f5577db0c2e7a54d4cf,1b9ff14203f132f3ca0342f8491d5b4e61000dbca9a88d6ef78132611cf99466,13670.119868,3.165
739faf50968804bd83adaade1c616b404ad02f354b6bb167295319b0ae5d9899,ca74b92087483a16a012c94b147c899e246570904c23a537cb8daeb2096ce52d,13676.917470,1.358
99ae030b60cf247520cab75889c7e2f4c8be9422fce8cc2dc30c53820d8e487b,68b7a052a1a75027d0ba4031c39237121a4d32fa66b59c585684af85c61349ac,13677.059816,0.437
eddb92315799e0eaf5d18b84bc5948186fbc33c0190b04c815d75765a979435c,78ec164daacd5c9e215e76ca4dfb2d1ef3a94743f8b329a281a0e9782a09f749,13678.070257,183.650
739faf50968804bd83adaade1c616b404ad02f354b6bb167295319b0ae5d9899,ca74b92087483a16a012c94b147c899e246570904c23a537cb8daeb2096ce52d,13683.638260,0.515
87b8ec9b41644a8b32cf64798ee6e0d8d7e5948575669ae9c5a8435a10813266,13220cb8f5b7112c02f2481c968497db0f96a9b6d45bc7204086d9914d5596b5,13685.157422,61.615
d9c9a39425c8044015e05eaf8330a6e48bad0e3edf1ec032098fb2c8b045c0b9,7fd157a7b694ec9235842e5191f04eb673f536c6f3bb37a9dc868eaeb977de9b,13690.443474,1.821
e572651326f1337845b6b98e94175d4dc9ec1338a73d1ab7ac61170ccaf88297,518cd8f12974202d11b5a16a5437a6a560186fbe9584862c601084cbc18761c6,13699.347430,0.102
739faf50968804bd83adaade1c616b404ad02f354b6bb167295319b0ae5d9899,ca74b92087483a16a012c94b147c899e246570904c23a537cb8daeb2096ce52d,13699.809679,0.326
e572651326f1337845b6b98e94175d4dc9ec1338a73d1ab7ac61170ccaf88297,5d5cbd388a16ee5f19e2c8c5df4ac7a74ad36fdc9b8a8b0489074a41d61b6884,13700.561296,14.355
d9c9a39425c8044015e05eaf8330a6e48bad0e3edf1ec032098fb2c8b045c0b9,7fd157a7b694ec9235842e5191f04eb673f536c6f3bb37a9dc868eaeb977de9b,13701.340592,0.598
e572651326f1337845b6b98e94175d4dc9ec1338a73d1ab7ac61170ccaf88297,518cd8f12974202d11b5a16a5437a6a560186fbe9584862c601084cbc18761c6,13704.361407,0.162
e572651326f1337845b6b98e94175d4dc9ec1338a73d1ab7ac61170ccaf88297,d92f8485c6246b3992a693f22bcc446a2f3d552d1b0cecc3fe637dec8f61e1ac,13705.491549,93.014
e572651326f1337845b6b98e94175d4dc9ec1338a73d1ab7ac61170ccaf88297,518cd8f12974202d11b5a16a5437a6a560186fbe9584862c601084cbc18761c6,13711.033536,0.072
e572651326f1337845b6b98e94175d4dc9ec1338a73d1ab7ac61170ccaf88297,d92f8485c6246b3992a693f22bcc446a2f3d552d1b0cecc3fe637dec8f61e1ac,13711.930732,82.313
b2446308f35282348f1c6388346d932f610301eaa65bd0c283d8fb949d15e7cc,db87b76b1f5c22aeb78e8ddae62a3f5b78f28580d14b2d7f7f773702f2da3a3b,13714.563600,0.051
e572651326f1337845b6b98e94175d4dc9ec1338a73d1ab7ac61170ccaf88297,518cd8f12974202d11b5a16a5437a6a560186fbe9584862c601084cbc18761c6,13722.382262,0.136
d9c9a39425c8044015e05eaf8330a6e48bad0e3edf1ec032098fb2c8b045c0b9,55b5c6b8e25e560a5244c522674fa8ad6f8dec1b83a702650726d57f2547c47c,13731.031662,0.068
f4930f068e300bc29cc1ba31414e01d1eaf55b1607c65985536c868ec9323990,f98b902a5d78635ca9426bf7b222c0f2e63e8316254891c86ab6c55292b5c8b2,13737.069842,0.142
739faf50968804bd83adaade1c616b404ad02f354b6bb167295319b0ae5d9899,ca74b92087483a16a012c94b147c899e246570904c23a537cb8daeb2096ce52d,13738.434012,1.037
efcdd56913d0ce6927045a6f4e8bc025d4bc3a901c3f657e7c0c0d52a157e940,d3001621518a70a020141bf2f78060d34d8b1d6a417c7d5ad0650366921617ac,13741.329937,0.214
739faf50968804bd83adaade1c616b404ad02f354b6bb167295319b0ae5d9899,ca74b92087483a16a012c94b147c899e246570904c23a537cb8daeb2096ce52d,13748.052272,0.821
87b8ec9b41644a8b32cf64798ee6e0d8d7e5948575669ae9c5a8435a10813266,b85146d6fb2fb1b37a7b668f36287a534543da7a2bc393eac28fd9e974908af0,13748.740762,3.753
e572651326f1337845b6b98e94175d4dc9ec1338a73d1ab7ac61170ccaf88297,d92f8485c6246b3992a693f22bcc446a2f3d552d1b0cecc3fe637dec8f61e1ac,13751.935480,26.599
e572651326f1337845b6b98e94175d4dc9ec1338a73d1ab7ac61170ccaf88297,d92f8485c6246b3992a693f22bcc446a2f3d552d1b0cecc3fe637dec8f61e1ac,13753.042460,161.969
739faf50968804bd83adaade1c616b404ad02f354b6bb167295319b0ae5d9899,ca74b92087483a16a012c94b147c899e246570904c23a537cb8daeb2096ce52d,13755.002605,1.434
739faf50968804bd83adaade1c616b404ad02f354b6bb167295319b0ae5d9899,ca74b92087483a16a012c94b147c899e246570904c23a537cb8daeb2096ce52d,13760.116192,0.252
d9c9a39425c8044015e05eaf8330a6e48bad0e3edf1ec032098fb2c8b045c0b9,55b5c6b8e25e560a5244c522674fa8ad6f8dec1b83a702650726d57f2547c47c,13761.808970,0.060
739faf50968804bd83adaade1c616b404ad02f354b6bb167295319b0ae5d9899,ca74b92087483a16a012c94b147c899e246570904c23a537cb8daeb2096ce52d,13762.715531,0.633
e572651326f1337845b6b98e94175d4dc9ec1338a73d1ab7ac61170ccaf88297,518cd8f12974202d11b5a16a5437a6a560186fbe9584862c601084cbc18761c6,13764.161984,0.209
739faf50968804bd83adaade1c616b404ad02f354b6bb167295319b0ae5d9899,ca74b92087483a16a012c94b147c899e246570904c23a537cb8daeb2096ce52d,13764.722044,1.087
cf54d1572c1d632986590f22a8313559a433bd667a10d3d3dae5912dcba6ea78,b259c1e9f9b5415e24c8b3e31485942012cde025f7115eb6c3b87d91de9ef892,13769.281969,0.059
e572651326f1337845b6b98e94175d4dc9ec1338a73d1ab7ac61170ccaf88297,d92f8485c6246b3992a693f22bcc446a2f3d552d1b0cecc3fe637dec8f61e1ac,13772.820044,37.424
739faf50968804bd83adaade1c616b404ad02f354b6bb167295319b0ae5d9899,ca74b92087483a16a012c94b147c899e246570904c23a537cb8daeb2096ce52d,13773.207624,0.556
739faf50968804bd83adaade1c616b404ad02f354b6bb167295319b0ae5d9899,ca74b92087483a16a012c94b147c899e246570904c23a537cb8daeb2096ce52d,13778.910373,1.235
e572651326f1337845b6b98e94175d4dc9ec1338a73d1ab7ac61170ccaf88297,518cd8f12974202d11b5a16a5437a6a560186fbe9584862c601084cbc18761c6,13789.065144,0.423
739faf50968804bd83adaade1c616b404ad02f354b6bb167295319b0ae5d9899,ca74b92087483a16a012c94b147c899e246570904c23a537cb8daeb2096ce52d,13790.981902,0.816
b34e792718773cd207a3d3bb54979d4952f301dd15d6f091f57008f075958309,541379714c2250706dfd8b76765ae74953f871377238b361a8666f510afeba58,13795.620857,76.868
739faf50968804bd83adaade1c616b404ad02f354b6bb167295319b0ae5d9899,ca74b92087483a16a012c94b147c899e246570904c23a537cb8daeb2096ce52d,13805.667702,0.912
739faf50968804bd83adaade1c616b404ad02f354b6bb167295319b0ae5d9899,ca74b92087483a16a012c94b147c899e246570904c23a537cb8daeb2096ce52d,13808.614466,0.573
739faf50968804bd83adaade1c616b404ad02f354b6bb167295319b0ae5d9899,ca74b92087483a16a012c94b147c899e246570904c23a537cb8daeb2096ce52d,13814.390319,1.012
e572651326f1337845b6b98e94175d4dc9ec1338a73d1ab7ac61170ccaf88297,d92f8485c6246b3992a693f22bcc446a2f3d552d1b0cecc3fe637dec8f61e1ac,13815.620599,42.473
e572651326f1337845b6b98e94175d4dc9ec1338a73d1ab7ac61170ccaf88297,5d5cbd388a16ee5f19e2c8c5df4ac7a74ad36fdc9b8a8b0489074a41d61b6884,13816.460458,4.414
aa09fd0de23af2f42704ea3f7a832860e356cb21fbe99fb4c513e0ac64da3ce9,a7220d0ede28b7b3aa0f0607ca44f14e871e76cab8c30bfd0134e64230326622,13825.951555,0.034
eddb92315799e0eaf5d18b84bc5948186fbc33c0190b04c815d75765a979435c,9ecd2766ee6bd299d23bbc00b9a905d490ebeb2e675d857ef4f1bd4d5877c065,13832.963141,13.185
d9c9a39425c8044015e05eaf8330a6e48bad0e3edf1ec032098fb2c8b045c0b9,55b5c6b8e25e560a5244c522674fa8ad6f8dec1b83a702650726d57f2547c47c,13834.140896,0.110
e572651326f1337845b6b98e94175d4dc9ec1338a73d1ab7ac61170ccaf88297,518cd8f12974202d11b5a16a5437a6a560186fbe9584862c601084cbc18761c6,13834.468379,0.179
739faf50968804bd83adaade1c616b404ad02f354b6bb167295319b0ae5d9899,ca74b92087483a16a012c94b147c899e246570904c23a537cb8daeb2096ce52d,13835.674734,0.494
e572651326f1337845b6b98e94175d4dc9ec1338a73d1ab7ac61170ccaf88297,518cd8f12974202d11b5a16a5437a6a560186fbe9584862c601084cbc18761c6,13843.039370,0.266
739faf50968804bd83adaade1c616b404ad02f354b6bb167295319b0ae5d9899,ca74b92087483a16a012c94b147c899e246570904c23a537cb8daeb2096ce52d,13851.997720,1.342
e572651326f1337845b6b98e94175d4dc9ec1338a73d1ab7ac61170ccaf88297,d92f8485c6246b3992a693f22bcc446a2f3d552d1b0cecc3fe637dec8f61e1ac,13854.773138,101.094
739faf50968804bd83adaade1c616b404ad02f354b6bb167295319b0ae5d9899,ca74b92087483a16a012c94b147c899e246570904c23a537cb8daeb2096ce52d,13854.909197,1.426
eddb92315799e0eaf5d18b84bc5948186fbc33c0190b04c815d75765a979435c,110010ce3452fe8d402b60888cc981d5c1f099fa94092e745a629835ecdb9f51,13855.267943,0.154
e572651326f1337845b6b98e94175d4dc9ec1338a73d1ab7ac61170ccaf88297,5d5cbd388a16ee5f19e2c8c5df4ac7a74ad36fdc9b8a8b0489074a41d61b6884,13859.954050,11.396
739faf50968804bd83adaade1c616b404ad02f354b6bb167295319b0ae5d9899,ca74b92087483a16a012c94b147c899e246570904c23a537cb8daeb2096ce52d,13863.943919,1.154
b34e792718773cd207a3d3bb54979d4952f301dd15d6f091f57008f075958309,2f796c78515eb95a2d835ebf50326db182a91dce43f6d21d5785e80565851355,13864.610292,0.872
e572651326f1337845b6b98e94175d4dc9ec1338a73d1ab7ac61170ccaf88297,518cd8f12974202d11b5a16a5437a6a560186fbe9584862c601084cbc18761c6,13866.154366,0.101
739faf50968804bd83adaade1c616b404ad02f354b6bb167295319b0ae5d9899,ca74b92087483a16a012c94b147c899e246570904c23a537cb8daeb2096ce52d,13866.548671,0.700
739faf50968804bd83adaade1c616b404ad02f354b6bb167295319b0ae5d9899,ca74b92087483a16a012c94b147c899e246570904c23a537cb8daeb2096ce52d,13870.977082,0.768
aa09fd0de23af2f42704ea3f7a832860e356cb21fbe99fb4c513e0ac64da3ce9,a7220d0ede28b7b3aa0f0607ca44f14e871e76cab8c30bfd0134e64230326622,13877.465009,0.100
739faf50968804bd83adaade1c616b404ad02f354b6bb167295319b0ae5d9899,ca74b92087483a16a012c94b147c899e246570904c23a537cb8daeb2096ce52d,13877.791822,0.810
739faf50968804bd83adaade1c616b404ad02f354b6bb167295319b0ae5d9899,ca74b92087483a16a012c94b147c899e246570904c23a537cb8daeb2096ce52d,13878.200348,0.315
739faf50968804bd83adaade1c616b404ad02f354b6bb167295319b0ae5d9899,ca74b92087483a16a012c94b147c899e246570904c23a537cb8daeb2096ce52d,13883.448706,1.689
e572651326f1337845b6b98e94175d4dc9ec1338a73d1ab7ac61170ccaf88297,5d5cbd388a16ee5f19e2c8c5df4ac7a74ad36fdc9b8a8b0489074a41d61b6884,13887.072076,12.514
739faf50968804bd83adaade1c616b404ad02f354b6bb167295319b0ae5d9899,ca74b92087483a16a012c94b147c899e246570904c23a537cb8daeb2096ce52d,13890.203944,0.313
f7b8083a0342944f477b97a321506ae52fc6e2e76bf6042f2280c281f43ee10d,d414dfb669aa29482336ef26db33feead9a3bd71190ba5d44412a9f8bedf26de,13890.528605,24.722
7475824cc4748c3fc8576d1ba486950f36d81d9cb5336cc1da801ef313b516d8,c8d99a8658319d5874fe33684bea9d87fab76b5593481d4d66145bec971607b3,13892.615315,0.216
d9c9a39425c8044015e05eaf8330a6e48bad0e3edf1ec032098fb2c8b045c0b9,55b5c6b8e25e560a5244c522674fa8ad6f8dec1b83a702650726d57f2547c47c,13895.139309,0.052
d9c9a39425c8044015e05eaf8330a6e48bad0e3edf1ec032098fb2c8b045c0b9,55b5c6b8e25e560a5244c522674fa8ad6f8dec1b83a702650726d57f2547c47c,13898.972580,0.105
e572651326f1337845b6b98e94175d4dc9ec1338a73d1ab7ac61170ccaf88297,5d5cbd388a16ee5f19e2c8c5df4ac7a74ad36fdc9b8a8b0489074a41d61b6884,13899.093654,8.024
d9c9a39425c8044015e05eaf8330a6e48bad0e3edf1ec032098fb2c8b045c0b9,7fd157a7b694ec9235842e5191f04eb673f536c6f3bb37a9dc868eaeb977de9b,13900.798405,1.884
739faf50968804bd83adaade1c616b404ad02f354b6bb167295319b0ae5d9899,ca74b92087483a16a012c94b147c899e246570904c23a537cb8daeb2096ce52d,13900.973604,0.751
739faf50968804bd83adaade1c616b404ad02f354b6bb167295319b0ae5d9899,ca74b92087483a16a012c94b147c899e246570904c23a537cb8daeb2096ce52d,13901.709843,0.924
eddb92315799e0eaf5d18b84bc5948186fbc33c0190b04c815d75765a979435c,78ec164daacd5c9e215e76ca4dfb2d1ef3a94743f8b329a281a0e9782a09f749,13902.897496,43.991
739faf50968804bd83adaade1c616b404ad02f354b6bb167295319b0ae5d9899,ca74b92087483a16a012c94b147c899e246570904c23a537cb8daeb2096ce52d,13908.598599,0.614
d9c9a39425c8044015e05eaf8330a6e48bad0e3edf1ec032098fb2c8b045c0b9,7fd157a7b694ec9235842e5191f04eb673f536c6f3bb37a9dc868eaeb977de9b,13910.570719,0.677
e572651326f1337845b6b98e94175d4dc9ec1338a73d1ab7ac61170ccaf88297,5d5cbd388a16ee5f19e2c8c5df4ac7a74ad36fdc9b8a8b0489074a41d61b6884,13916.875784,34.076
aa09fd0de23af2f42704ea3f7a832860e356cb21fbe99fb4c513e0ac64da3ce9,a7220d0ede28b7b3aa0f0607ca44f14e871e76cab8c30bfd0134e64230326622,13923.667283,0.043
e572651326f1337845b6b98e94175d4dc9ec1338a73d1ab7ac61170ccaf88297,5d5cbd388a16ee5f19e2c8c5df4ac7a74ad36fdc9b8a8b0489074a41d61b6884,13930.764923,26.053
739faf50968804bd83adaade1c616b404ad02f354b6bb167295319b0ae5d9899,ca74b92087483a16a012c94b147c899e246570904c23a537cb8daeb2096ce52d,13933.807890,0.568
d9c9a39425c8044015e05eaf8330a6e48bad0e3edf1ec032098fb2c8b045c0b9,7fd157a7b694ec9235842e5191f04eb673f536c6f3bb37a9dc868eaeb977de9b,13937.389650,0.843
739faf50968804bd83adaade1c616b404ad02f354b6bb167295319b0ae5d9899,ca74b92087483a16a012c94b147c899e246570904c23a537cb8daeb2096ce52d,13940.664235,2.286
e572651326f1337845b6b98e94175d4dc9ec1338a73d1ab7ac61170ccaf88297,5d5cbd388a16ee5f19e2c8c5df4ac7a74ad36fdc9b8a8b0489074a41d61b6884,13940.718281,33.063
739faf50968804bd83adaade1c616b404ad02f354b6bb167295319b0ae5d9899,ca74b92087483a16a012c94b147c899e246570904c23a537cb8daeb2096ce52d,13941.115074,1.318
739faf50968804bd83adaade1c616b404ad02f354b6bb167295319b0ae5d9899,ca74b92087483a16a012c94b147c899e246570904c23a537cb8daeb2096ce52d,13955.436966,0.472
739faf50968804bd83adaade1c616b404ad02f354b6bb167295319b0ae5d9899,ca74b92087483a16a012c94b147c899e246570904c23a537cb8daeb2096ce52d,13965.490996,0.602
d9c9a39425c8044015e05eaf8330a6e48bad0e3edf1ec032098fb2c8b045c0b9,7fd157a7b694ec9235842e5191f04eb673f536c6f3bb37a9dc868eaeb977de9b,13966.811815,0.713
e572651326f1337845b6b98e94175d4dc9ec1338a73d1ab7ac61170ccaf88297,d92f8485c6246b3992a693f22bcc446a2f3d552d1b0cecc3fe637dec8f61e1ac,13969.420915,77.780
e572651326f1337845b6b98e94175d4dc9ec1338a73d1ab7ac61170ccaf88297,d92f8485c6246b3992a693f22bcc446a2f3d552d1b0cecc3fe637dec8f61e1ac,13970.703589,62.894
739faf50968804bd83adaade1c616b404ad02f354b6bb167295319b0ae5d9899,ca74b92087483a16a012c94b147c899e246570904c23a537cb8daeb2096ce52d,13977.886714,0.786
e572651326f1337845b6b98e94175d4dc9ec1338a73d1ab7ac61170ccaf88297,518cd8f12974202d11b5a16a5437a6a560186fbe9584862c601084cbc18761c6,13982.884851,0.154
87b8ec9b41644a8b32cf64798ee6e0d8d7e5948575669ae9c5a8435a10813266,13220cb8f5b7112c02f2481c968497db0f96a9b6d45bc7204086d9914d5596b5,13982.899444,86.098
e572651326f1337845b6b98e94175d4dc9ec1338a73d1ab7ac61170ccaf88297,518cd8f12974202d11b5a16a5437a6a560186fbe9584862c601084cbc18761c6,13991.715054,0.129
e572651326f1337845b6b98e94175d4dc9ec1338a73d1ab7ac61170ccaf88297,518cd8f12974202d11b5a16a5437a6a560186fbe9584862c601084cbc18761c6,13995.488442,0.122
b34e792718773cd207a3d3bb54979d4952f301dd15d6f091f57008f075958309,541379714c2250706dfd8b76765ae74953f871377238b361a8666f510afeba58,13996.945690,147.178
e572651326f1337845b6b98e94175d4dc9ec1338a73d1ab7ac61170ccaf88297,5d5cbd388a16ee5f19e2c8c5df4ac7a74ad36fdc9b8a8b0489074a41d61b6884,14002.437752,12.804
e572651326f1337845b6b98e94175d4dc9ec1338a73d1ab7ac61170ccaf88297,d92f8485c6246b3992a693f22bcc446a2f3d552d1b0cecc3fe637dec8f61e1ac,14003.240063,141.107
e572651326f1337845b6b98e94175d4dc9ec1338a73d1ab7ac61170ccaf88297,d92f8485c6246b3992a693f22bcc446a2f3d552d1b0cecc3fe637dec8f61e1ac,14007.924229,74.838
739faf50968804bd83adaade1c616b404ad02f354b6bb167295319b0ae5d9899,ca74b92087483a16a012c94b147c899e246570904c23a537cb8daeb2096ce52d,14008.358529,0.620
d9c9a39425c8044015e05eaf8330a6e48bad0e3edf1ec032098fb2c8b045c0b9,55b5c6b8e25e560a5244c522674fa8ad6f8dec1b83a702650726d57f2547c47c,14012.964010,0.063
cf54d1572c1d632986590f22a8313559a433bd667a10d3d3dae5912dcba6ea78,b259c1e9f9b5415e24c8b3e31485942012cde025f7115eb6c3b87d91de9ef892,14016.464156,0.023
e572651326f1337845b6b98e94175d4dc9ec1338a73d1ab7ac61170ccaf88297,5d5cbd388a16ee5f19e2c8c5df4ac7a74ad36fdc9b8a8b0489074a41d61b6884,14017.545687,11.862
739faf50968804bd83adaade1c616b404ad02f354b6bb167295319b0ae5d9899,ca74b92087483a16a012c94b147c899e246570904c23a537cb8daeb2096ce52d,14026.699971,2.452
b2446308f35282348f1c6388346d932f610301eaa65bd0c283d8fb949d15e7cc,db87b76b1f5c22aeb78e8ddae62a3f5b78f28580d14b2d7f7f773702f2da3a3b,14036.925945,0.059
739faf50968804bd83adaade1c616b404ad02f354b6bb167295319b0ae5d9899,ca74b92087483a16a012c94b147c899e246570904c23a537cb8daeb2096ce52d,14040.100456,0.723
e572651326f1337845b6b98e94175d4dc9ec1338a73d1ab7ac61170ccaf88297,d92f8485c6246b3992a693f22bcc446a2f3d552d1b0cecc3fe637dec8f61e1ac,14042.994645,150.336
e572651326f1337845b6b98e94175d4dc9ec1338a73d1ab7ac61170ccaf88297,5d5cbd388a16ee5f19e2c8c5df4ac7a74ad36fdc9b8a8b0489074a41d61b6884,14048.776815,30.060
e572651326f1337845b6b98e94175d4dc9ec1338a73d1ab7ac61170ccaf88297,5d5cbd388a16ee5f19e2c8c5df4ac7a74ad36fdc9b8a8b0489074a41d61b6884,14048.861282,16.119
cf54d1572c1d632986590f22a8313559a433bd667a10d3d3dae5912dcba6ea78,b259c1e9f9b5415e24c8b3e31485942012cde025f7115eb6c3b87d91de9ef892,14050.121867,0.286
739faf50968804bd83adaade1c616b404ad02f354b6bb167295319b0ae5d9899,ca74b92087483a16a012c94b147c899e246570904c23a537cb8daeb2096ce52d,14050.596788,1.051
e572651326f1337845b6b98e94175d4dc9ec1338a73d1ab7ac61170ccaf88297,d92f8485c6246b3992a693f22bcc446a2f3d552d1b0cecc3fe637dec8f61e1ac,14051.718214,61.754
739faf50968804bd83adaade1c616b404ad02f354b6bb167295319b0ae5d9899,ca74b92087483a16a012c94b147c899e246570904c23a537cb8daeb2096ce52d,14054.851727,0.618
e572651326f1337845b6b98e94175d4dc9ec1338a73d1ab7ac61170ccaf88297,d92f8485c6246b3992a693f22bcc446a2f3d552d1b0cecc3fe637dec8f61e1ac,14059.066282,77.981
739faf50968804bd83adaade1c616b404ad02f354b6bb167295319b0ae5d9899,ca74b92087483a16a012c94b147c899e246570904c23a537cb8daeb2096ce52d,14064.721736,1.925
b2446308f35282348f1c6388346d932f610301eaa65bd0c283d8fb949d15e7cc,d206b500d8a622c7c6e606402b6f218d95ee19d6805d57bd7d6698351eea831a,14066.542387,75.598
4bd219625127e9d2e12f7eb21015642ad64f42ea61a16f5577db0c2e7a54d4cf,97c31670ec24a392969c8bc769ded28f0ea827f99e77c918ebe894b02f4511dd,14067.420594,18.310
e572651326f1337845b6b98e94175d4dc9ec1338a73d1ab7ac61170ccaf88297,518cd8f12974202d11b5a16a5437a6a560186fbe9584862c601084cbc18761c6,14071.596716,0.108
aa09fd0de23af2f42704ea3f7a832860e356cb21fbe99fb4c513e0ac64da3ce9,a7220d0ede28b7b3aa0f0607ca44f14e871e76cab8c30bfd0134e64230326622,14071.750024,0.026
739faf50968804bd83adaade1c616b404ad02f354b6bb167295319b0ae5d9899,ca74b92087483a16a012c94b147c899e246570904c23a537cb8daeb2096ce52d,14082.731913,0.432
e572651326f1337845b6b98e94175d4dc9ec1338a73d1ab7ac61170ccaf88297,518cd8f12974202d11b5a16a5437a6a560186fbe9584862c601084cbc18761c6,14083.601230,0.285
739faf50968804bd83adaade1c616b404ad02f354b6bb167295319b0ae5d9899,ca74b92087483a16a012c94b147c899e246570904c23a537cb8daeb2096ce52d,14091.261909,0.431
87b8ec9b41644a8b32cf64798ee6e0d8d7e5948575669ae9c5a8435a10813266,13220cb8f5b7112c02f2481c968497db0f96a9b6d45bc7204086d9914d5596b5,14093.525133,84.841
b2446308f35282348f1c6388346d932f610301eaa65bd0c283d8fb949d15e7cc,d206b500d8a622c7c6e606402b6f218d95ee19d6805d57bd7d6698351eea831a,14094.476974,38.724
739faf50968804bd83adaade1c616b404ad02f354b6bb167295319b0ae5d9899,ca74b92087483a16a012c94b147c899e246570904c23a537cb8daeb2096ce52d,14103.263923,1.370
e572651326f1337845b6b98e94175d4dc9ec1338a73d1ab7ac61170ccaf88297,d92f8485c6246b3992a693f22bcc446a2f3d552d1b0cecc3fe637dec8f61e1ac,14110.491483,68.950
e572651326f1337845b6b98e94175d4dc9ec1338a73d1ab7ac61170ccaf88297,d92f8485c6246b3992a693f22bcc446a2f3d552d1b0cecc3fe637dec8f61e1ac,14122.375287,56.024
99ae030b60cf247520cab75889c7e2f4c8be9422fce8cc2dc30c53820d8e487b,68b7a052a1a75027d0ba4031c39237121a4d32fa66b59c585684af85c61349ac,14132.675960,0.257
aa09fd0de23af2f42704ea3f7a832860e356cb21fbe99fb4c513e0ac64da3ce9,a7220d0ede28b7b3aa0f0607ca44f14e871e76cab8c30bfd0134e64230326622,14134.547378,0.023
cf54d1572c1d632986590f22a8313559a433bd667a10d3d3dae5912dcba6ea78,b259c1e9f9b5415e24c8b3e31485942012cde025f7115eb6c3b87d91de9ef892,14143.261197,0.021
e572651326f1337845b6b98e94175d4dc9ec1338a73d1ab7ac61170ccaf88297,518cd8f12974202d11b5a16a5437a6a560186fbe9584862c601084cbc18761c6,14143.886272,0.114
739faf50968804bd83adaade1c616b404ad02f354b6bb167295319b0ae5d9899,ca74b92087483a16a012c94b147c899e246570904c23a537cb8daeb2096ce52d,14145.660718,1.029
739faf50968804bd83adaade1c616b404ad02f354b6bb167295319b0ae5d9899,ca74b92087483a16a012c94b147c899e246570904c23a537cb8daeb2096ce52d,14145.786245,0.697
f4930f068e300bc29cc1ba31414e01d1eaf55b1607c65985536c868ec9323990,f98b902a5d78635ca9426bf7b222c0f2e63e8316254891c86ab6c55292b5c8b2,14150.530893,0.463
d9c9a39425c8044015e05eaf8330a6e48bad0e3edf1ec032098fb2c8b045c0b9,55b5c6b8e25e560a5244c522674fa8ad6f8dec1b83a702650726d57f2547c47c,14151.235023,0.019
e572651326f1337845b6b98e94175d4dc9ec1338a73d1ab7ac61170ccaf88297,d92f8485c6246b3992a693f22bcc446a2f3d552d1b0cecc3fe637dec8f61e1ac,14154.996685,40.898
739faf50968804bd83adaade1c616b404ad02f354b6bb167295319b0ae5d9899,ca74b92087483a16a012c94b147c899e246570904c23a537cb8daeb2096ce52d,14156.869788,0.939
e572651326f1337845b6b98e94175d4dc9ec1338a73d1ab7ac61170ccaf88297,518cd8f12974202d11b5a16a5437a6a560186fbe9584862c601084cbc18761c6,14157.756949,0.083
e572651326f1337845b6b98e94175d4dc9ec1338a73d1ab7ac61170ccaf88297,d92f8485c6246b3992a693f22bcc446a2f3d552d1b0cecc3fe637dec8f61e1ac,14158.416991,46.915
739faf50968804bd83adaade1c616b404ad02f354b6bb167295319b0ae5d9899,ca74b92087483a16a012c94b147c899e246570904c23a537cb8daeb2096ce52d,14162.517232,0.910
739faf50968804bd83adaade1c616b404ad02f354b6bb167295319b0ae5d9899,ca74b92087483a16a012c94b147c899e246570904c23a537cb8daeb2096ce52d,14182.548752,0.335
739faf50968804bd83adaade1c616b404ad02f354b6bb167295319b0ae5d9899,ca74b92087483a16a012c94b147c899e246570904c23a537cb8daeb2096ce52d,14182.656831,0.287
36918b2e6c7d7af242c355afc840cf4665e3ea068cf464571367b9c37779bf80,7256bfbb7f3fd68f57187fc7395b4cbcb317c2abb99ee066d02f0844dbcb8ee7,14188.061788,5.167
e572651326f1337845b6b98e94175d4dc9ec1338a73d1ab7ac61170ccaf88297,518cd8f12974202d11b5a16a5437a6a560186fbe9584862c601084cbc18761c6,14189.457186,0.102
739faf50968804bd83adaade1c616b404ad02f354b6bb167295319b0ae5d9899,ca74b92087483a16a012c94b147c899e246570904c23a537cb8daeb2096ce52d,14197.215108,0.933
e572651326f1337845b6b98e94175d4dc9ec1338a73d1ab7ac61170ccaf88297,d92f8485c6246b3992a693f22bcc446a2f3d552d1b0cecc3fe637dec8f61e1ac,14199.875587,70.349
a12f22a3f771308d969fd56d18df65bf6960a4101a3daa4cef878997a2e1978b,5c9849d631846bbec88a0601bf6b0ba43d9e757dbe6f64ca8e4875ba49f7b794,14200.519111,18.499
e572651326f1337845b6b98e94175d4dc9ec1338a73d1ab7ac61170ccaf88297,518cd8f12974202d11b5a16a5437a6a560186fbe9584862c601084cbc18761c6,14201.028864,0.153
eddb92315799e0eaf5d18b84bc5948186fbc33c0190b04c815d75765a979435c,110010ce3452fe8d402b60888cc981d5c1f099fa94092e745a629835ecdb9f51,14203.400858,0.050
739faf50968804bd83adaade1c616b404ad02f354b6bb167295319b0ae5d9899,ca74b92087483a16a012c94b147c899e246570904c23a537cb8daeb2096ce52d,14203.711331,0.359
d9c9a39425c8044015e05eaf8330a6e48bad0e3edf1ec032098fb2c8b045c0b9,55b5c6b8e25e560a5244c522674fa8ad6f8dec1b83a702650726d57f2547c47c,14205.609946,0.058
e572651326f1337845b6b98e94175d4dc9ec1338a73d1ab7ac61170ccaf88297,d92f8485c6246b3992a693f22bcc446a2f3d552d1b0cecc3fe637dec8f61e1ac,14210.551547,86.797
739faf50968804bd83adaade1c616b404ad02f354b6bb167295319b0ae5d9899,ca74b92087483a16a012c94b147c899e246570904c23a537cb8daeb2096ce52d,14222.079014,0.490
739faf50968804bd83adaade1c616b404ad02f354b6bb167295319b0ae5d9899,ca74b92087483a16a012c94b147c899e246570904c23a537cb8daeb2096ce52d,14226.203302,0.510
e572651326f1337845b6b98e94175d4dc9ec1338a73d1ab7ac61170ccaf88297,518cd8f12974202d11b5a16a5437a6a560186fbe9584862c601084cbc18761c6,14227.312333,0.401
e572651326f1337845b6b98e94175d4dc9ec1338a73d1ab7ac61170ccaf88297,d92f8485c6246b3992a693f22bcc446a2f3d552d1b0cecc3fe637dec8f61e1ac,14229.905903,26.710
f7b8083a0342944f477b97a321506ae52fc6e2e76bf6042f2280c281f43ee10d,d414dfb669aa29482336ef26db33feead9a3bd71190ba5d44412a9f8bedf26de,14231.326578,27.507
739faf50968804bd83adaade1c616b404ad02f354b6bb167295319b0ae5d9899,ca74b92087483a16a012c94b147c899e246570904c23a537cb8daeb2096ce52d,14233.101261,1.205
739faf50968804bd83adaade1c616b404ad02f354b6bb167295319b0ae5d9899,ca74b92087483a16a012c94b147c899e246570904c23a537cb8daeb2096ce52d,14237.140967,0.793
739faf50968804bd83adaade1c616b404ad02f354b6bb167295319b0ae5d9899,ca74b92087483a16a012c94b147c899e246570904c23a537cb8daeb2096ce52d,14241.723520,0.427
87b8ec9b41644a8b32cf64798ee6e0d8d7e5948575669ae9c5a8435a10813266,13220cb8f5b7112c02f2481c968497db0f96a9b6d45bc7204086d9914d5596b5,14242.004459,27.560
eddb92315799e0eaf5d18b84bc5948186fbc33c0190b04c815d75765a979435c,78ec164daacd5c9e215e76ca4dfb2d1ef3a94743f8b329a281a0e9782a09f749,14242.945675,78.297
7475824cc4748c3fc8576d1ba486950f36d81d9cb5336cc1da801ef313b516d8,eac0d7c37985ac4669b288f34505f79c6df5fc76371ca3b80b783133b39adfbd,14243.040484,11.637
aa09fd0de23af2f42704ea3f7a832860e356cb21fbe99fb4c513e0ac64da3ce9,a7220d0ede28b7b3aa0f0607ca44f14e871e76cab8c30bfd0134e64230326622,14246.130627,0.032
739faf50968804bd83adaade1c616b404ad02f354b6bb167295319b0ae5d9899,ca74b92087483a16a012c94b147c899e246570904c23a537cb8daeb2096ce52d,14251.320692,0.814
739faf50968804bd83adaade1c616b404ad02f354b6bb167295319b0ae5d9899,ca74b92087483a16a012c94b147c899e246570904c23a537cb8daeb2096ce52d,14259.913016,1.086
e572651326f1337845b6b98e94175d4dc9ec1338a73d1ab7ac61170ccaf88297,d92f8485c6246b3992a693f22bcc446a2f3d552d1b0cecc3fe637dec8f61e1ac,14260.844099,130.164
e572651326f1337845b6b98e94175d4dc9ec1338a73d1ab7ac61170ccaf88297,518cd8f12974202d11b5a16a5437a6a560186fbe9584862c601084cbc18761c6,14266.207607,0.288
a279432833a21dc66309e252ef3f48f1ddc9eb706839d037a00b3f9f545c5e2d,96b2b81126ccc77b62f8e30b2d3ae9fd295c3bf035deab650d5cf4c57cf49796,14266.835538,0.051
d9c9a39425c8044015e05eaf8330a6e48bad0e3edf1ec032098fb2c8b045c0b9,55b5c6b8e25e560a5244c522674fa8ad6f8dec1b83a702650726d57f2547c47c,14267.150504,0.031
739faf50968804bd83adaade1c616b404ad02f354b6bb167295319b0ae5d9899,ca74b92087483a16a012c94b147c899e246570904c23a537cb8daeb2096ce52d,14269.698707,0.445
b34e792718773cd207a3d3bb54979d4952f301dd15d6f091f57008f075958309,541379714c2250706dfd8b76765ae74953f871377238b361a8666f510afeba58,14269.709987,155.131
739faf50968804bd83adaade1c616b404ad02f354b6bb167295319b0ae5d9899,ca74b92087483a16a012c94b147c899e246570904c23a537cb8daeb2096ce52d,14271.194681,0.353
e572651326f1337845b6b98e94175d4dc9ec1338a73d1ab7ac61170ccaf88297,d92f8485c6246b3992a693f22bcc446a2f3d552d1b0cecc3fe637dec8f61e1ac,14271.486374,49.432
739faf50968804bd83adaade1c616b404ad02f354b6bb167295319b0ae5d9899,ca74b92087483a16a012c94b147c899e246570904c23a537cb8daeb2096ce52d,14280.424470,0.911
87b8ec9b41644a8b32cf64798ee6e0d8d7e5948575669ae9c5a8435a10813266,b85146d6fb2fb1b37a7b668f36287a534543da7a2bc393eac28fd9e974908af0,14287.984727,4.649
739faf50968804bd83adaade1c616b404ad02f354b6bb167295319b0ae5d9899,ca74b92087483a16a012c94b147c899e246570904c23a537cb8daeb2096ce52d,14288.327170,0.735
87b8ec9b41644a8b32cf64798ee6e0d8d7e5948575669ae9c5a8435a10813266,9d4311638952a6ecefb68603a4ade3f6aedf1ff5a2f359c67bbef939d6a2e6dc,14294.169764,0.757
b2446308f35282348f1c6388346d932f610301eaa65bd0c283d8fb949d15e7cc,d206b500d8a622c7c6e606402b6f218d95ee19d6805d57bd7d6698351eea831a,14300.197172,59.897
aa09fd0de23af2f42704ea3f7a832860e356cb21fbe99fb4c513e0ac64da3ce9,a7220d0ede28b7b3aa0f0607ca44f14e871e76cab8c30bfd0134e64230326622,14305.947984,0.040
99ae030b60cf247520cab75889c7e2f4c8be9422fce8cc2dc30c53820d8e487b,68b7a052a1a75027d0ba4031c39237121a4d32fa66b59c585684af85c61349ac,14306.581893,0.093
739faf50968804bd83adaade1c616b404ad02f354b6bb167295319b0ae5d9899,ca74b92087483a16a012c94b147c899e246570904c23a537cb8daeb2096ce52d,14306.819766,0.929
a12f22a3f771308d969fd56d18df65bf6960a4101a3daa4cef878997a2e1978b,5c9849d631846bbec88a0601bf6b0ba43d9e757dbe6f64ca8e4875ba49f7b794,14312.027538,5.755
739faf50968804bd83adaade1c616b404ad02f354b6bb167295319b0ae5d9899,ca74b92087483a16a012c94b147c899e246570904c23a537cb8daeb2096ce52d,14313.524222,0.505
efcdd56913d0ce6927045a6f4e8bc025d4bc3a901c3f657e7c0c0d52a157e940,d3001621518a70a020141bf2f78060d34d8b1d6a417c7d5ad0650366921617ac,14320.244194,0.202
87b8ec9b41644a8b32cf64798ee6e0d8d7e5948575669ae9c5a8435a10813266,b85146d6fb2fb1b37a7b668f36287a534543da7a2bc393eac28fd9e974908af0,14321.904349,3.128
e572651326f1337845b6b98e94175d4dc9ec1338a73d1ab7ac61170ccaf88297,d92f8485c6246b3992a693f22bcc446a2f3d552d1b0cecc3fe637dec8f61e1ac,14338.799909,97.846
739faf50968804bd83adaade1c616b404ad02f354b6bb167295319b0ae5d9899,ca74b92087483a16a012c94b147c899e246570904c23a537cb8daeb2096ce52d,14343.130601,2.558
e572651326f1337845b6b98e94175d4dc9ec1338a73d1ab7ac61170ccaf88297,518cd8f12974202d11b5a16a5437a6a560186fbe9584862c601084cbc18761c6,14350.509040,0.311
e572651326f1337845b6b98e94175d4dc9ec1338a73d1ab7ac61170ccaf88297,5d5cbd388a16ee5f19e2c8c5df4ac7a74ad36fdc9b8a8b0489074a41d61b6884,14351.285460,27.383
cf54d1572c1d632986590f22a8313559a433bd667a10d3d3dae5912dcba6ea78,b259c1e9f9b5415e24c8b3e31485942012cde025f7115eb6c3b87d91de9ef892,14354.172589,0.045
f7b8083a0342944f477b97a321506ae52fc6e2e76bf6042f2280c281f43ee10d,4b2c05f30bc5080fb3ff505c4051509a4406f733b9ccd3386fa0900f3ae0d9bf,14355.433216,0.023
e572651326f1337845b6b98e94175d4dc9ec1338a73d1ab7ac61170ccaf88297,d92f8485c6246b3992a693f22bcc446a2f3d552d1b0cecc3fe637dec8f61e1ac,14358.502666,96.825
eddb92315799e0eaf5d18b84bc5948186fbc33c0190b04c815d75765a979435c,110010ce3452fe8d402b60888cc981d5c1f099fa94092e745a629835ecdb9f51,14360.815772,0.078
e572651326f1337845b6b98e94175d4dc9ec1338a73d1ab7ac61170ccaf88297,d92f8485c6246b3992a693f22bcc446a2f3d552d1b0cecc3fe637dec8f61e1ac,14365.407057,68.110
87b8ec9b41644a8b32cf64798ee6e0d8d7e5948575669ae9c5a8435a10813266,b85146d6fb2fb1b37a7b668f36287a534543da7a2bc393eac28fd9e974908af0,14369.842745,2.098
b34e792718773cd207a3d3bb54979d4952f301dd15d6f091f57008f075958309,541379714c2250706dfd8b76765ae74953f871377238b361a8666f510afeba58,14374.704445,104.312
739faf50968804bd83adaade1c616b404ad02f354b6bb167295319b0ae5d9899,ca74b92087483a16a012c94b147c899e246570904c23a537cb8daeb2096ce52d,14381.600749,0.579
a12f22a3f771308d969fd56d18df65bf6960a4101a3daa4cef878997a2e1978b,664c8bd366fc401f874d793373a2aafc5a5a506e2e04d325d5d83557d6df7502,14397.460439,0.038
739faf50968804bd83adaade1c616b404ad02f354b6bb167295319b0ae5d9899,ca74b92087483a16a012c94b147c899e246570904c23a537cb8daeb2096ce52d,14411.983649,0.534
a12f22a3f771308d969fd56d18df65bf6960a4101a3daa4cef878997a2e1978b,664c8bd366fc401f874d793373a2aafc5a5a506e2e04d325d5d83557d6df7502,14412.059676,0.077
cf54d1572c1d632986590f22a8313559a433bd667a10d3d3dae5912dcba6ea78,b259c1e9f9b5415e24c8b3e31485942012cde025f7115eb6c3b87d91de9ef892,14412.815917,0.069
99ae030b60cf247520cab75889c7e2f4c8be9422fce8cc2dc30c53820d8e487b,68b7a052a1a75027d0ba4031c39237121a4d32fa66b59c585684af85c61349ac,14419.780508,0.205
b2446308f35282348f1c6388346d932f610301eaa65bd0c283d8fb949d15e7cc,db87b76b1f5c22aeb78e8ddae62a3f5b78f28580d14b2d7f7f773702f2da3a3b,14424.058862,0.038
739faf50968804bd83adaade1c616b404ad02f354b6bb167295319b0ae5d9899,ca74b92087483a16a012c94b147c899e246570904c23a537cb8daeb2096ce52d,14436.800961,1.250
d9c9a39425c8044015e05eaf8330a6e48bad0e3edf1ec032098fb2c8b045c0b9,55b5c6b8e25e560a5244c522674fa8ad6f8dec1b83a702650726d57f2547c47c,14440.264508,0.040
739faf50968804bd83adaade1c616b404ad02f354b6bb167295319b0ae5d9899,ca74b92087483a16a012c94b147c899e246570904c23a537cb8daeb2096ce52d,14450.597371,1.367
739faf50968804bd83adaade1c616b404ad02f354b6bb167295319b0ae5d9899,ca74b92087483a16a012c94b147c899e246570904c23a537cb8daeb2096ce52d,14451.842273,0.656
b2446308f35282348f1c6388346d932f610301eaa65bd0c283d8fb949d15e7cc,db87b76b1f5c22aeb78e8ddae62a3f5b78f28580d14b2d7f7f773702f2da3a3b,14462.272094,0.033
739faf50968804bd83adaade1c616b404ad02f354b6bb167295319b0ae5d9899,ca74b92087483a16a012c94b147c899e246570904c23a537cb8daeb2096ce52d,14466.137179,0.817
739faf50968804bd83adaade1c616b404ad02f354b6bb167295319b0ae5d9899,ca74b92087483a16a012c94b147c899e246570904c23a537cb8daeb2096ce52d,14468.065670,1.948
739faf50968804bd83adaade1c616b404ad02f354b6bb167295319b0ae5d9899,ca74b92087483a16a012c94b147c899e246570904c23a537cb8daeb2096ce52d,14475.728581,1.576
739faf50968804bd83adaade1c616b404ad02f354b6bb167295319b0ae5d9899,ca74b92087483a16a012c94b147c899e246570904c23a537cb8daeb2096ce52d,14477.598222,1.107
87b8ec9b41644a8b32cf64798ee6e0d8d7e5948575669ae9c5a8435a10813266,b85146d6fb2fb1b37a7b668f36287a534543da7a2bc393eac28fd9e974908af0,14480.436730,1.836
7475824cc4748c3fc8576d1ba486950f36d81d9cb5336cc1da801ef313b516d8,c8d99a8658319d5874fe33684bea9d87fab76b5593481d4d66145bec971607b3,14481.199770,0.243
e572651326f1337845b6b98e94175d4dc9ec1338a73d1ab7ac61170ccaf88297,d92f8485c6246b3992a693f22bcc446a2f3d552d1b0cecc3fe637dec8f61e1ac,14482.974002,39.019
d9c9a39425c8044015e05eaf8330a6e48bad0e3edf1ec032098fb2c8b045c0b9,7fd157a7b694ec9235842e5191f04eb673f536c6f3bb37a9dc868eaeb977de9b,14485.238057,1.040
739faf50968804bd83adaade1c616b404ad02f354b6bb167295319b0ae5d9899,ca74b92087483a16a012c94b147c899e246570904c23a537cb8daeb2096ce52d,14486.492382,0.661
e572651326f1337845b6b98e94175d4dc9ec1338a73d1ab7ac61170ccaf88297,d92f8485c6246b3992a693f22bcc446a2f3d552d1b0cecc3fe637dec8f61e1ac,14490.017015,74.406
d9c9a39425c8044015e05eaf8330a6e48bad0e3edf1ec032098fb2c8b045c0b9,7fd157a7b694ec9235842e5191f04eb673f536c6f3bb37a9dc868eaeb977de9b,14490.146588,2.324
a279432833a21dc66309e252ef3f48f1ddc9eb706839d037a00b3f9f545c5e2d,9bfe15fe1c84832456da5d671ec99cfd73e0514bf91abfae306da2457af04221,14490.606775,1.716
e572651326f1337845b6b98e94175d4dc9ec1338a73d1ab7ac61170ccaf88297,518cd8f12974202d11b5a16a5437a6a560186fbe9584862c601084cbc18761c6,14491.728398,0.134
b2446308f35282348f1c6388346d932f610301eaa65bd0c283d8fb949d15e7cc,d206b500d8a622c7c6e606402b6f218d95ee19d6805d57bd7d6698351eea831a,14492.045885,54.253
739faf50968804bd83adaade1c616b404ad02f354b6bb167295319b0ae5d9899,ca74b92087483a16a012c94b147c899e246570904c23a537cb8daeb2096ce52d,14492.439008,0.670
e572651326f1337845b6b98e94175d4dc9ec1338a73d1ab7ac61170ccaf88297,d92f8485c6246b3992a693f22bcc446a2f3d552d1b0cecc3fe637dec8f61e1ac,14493.083593,90.180
b34e792718773cd207a3d3bb54979d4952f301dd15d6f091f57008f075958309,2f796c78515eb95a2d835ebf50326db182a91dce43f6d21d5785e80565851355,14494.379736,2.299
739faf50968804bd83adaade1c616b404ad02f354b6bb167295319b0ae5d9899,ca74b92087483a16a012c94b147c899e246570904c23a537cb8daeb2096ce52d,14496.471418,0.197
a279432833a21dc66309e252ef3f48f1ddc9eb706839d037a00b3f9f545c5e2d,9bfe15fe1c84832456da5d671ec99cfd73e0514bf91abfae306da2457af04221,14506.124622,3.279
e572651326f1337845b6b98e94175d4dc9ec1338a73d1ab7ac61170ccaf88297,d92f8485c6246b3992a693f22bcc446a2f3d552d1b0cecc3fe637dec8f61e1ac,14507.657448,75.312
e572651326f1337845b6b98e94175d4dc9ec1338a73d1ab7ac61170ccaf88297,d92f8485c6246b3992a693f22bcc446a2f3d552d1b0cecc3fe637dec8f61e1ac,14516.182157,154.479
87b8ec9b41644a8b32cf64798ee6e0d8d7e5948575669ae9c5a8435a10813266,13220cb8f5b7112c02f2481c968497db0f96a9b6d45bc7204086d9914d5596b5,14518.224777,64.395
e572651326f1337845b6b98e94175d4dc9ec1338a73d1ab7ac61170ccaf88297,d92f8485c6246b3992a693f22bcc446a2f3d552d1b0cecc3fe637dec8f61e1ac,14519.279433,60.421
e572651326f1337845b6b98e94175d4dc9ec1338a73d1ab7ac61170ccaf88297,5d5cbd388a16ee5f19e2c8c5df4ac7a74ad36fdc9b8a8b0489074a41d61b6884,14519.710982,16.578
4bd219625127e9d2e12f7eb21015642ad64f42ea61a16f5577db0c2e7a54d4cf,1b9ff14203f132f3ca0342f8491d5b4e61000dbca9a88d6ef78132611cf99466,14521.259546,4.924
e572651326f1337845b6b98e94175d4dc9ec1338a73d1ab7ac61170ccaf88297,d92f8485c6246b3992a693f22bcc446a2f3d552d1b0cecc3fe637dec8f61e1ac,14523.461103,70.719
739faf50968804bd83adaade1c616b404ad02f354b6bb167295319b0ae5d9899,ca74b92087483a16a012c94b147c899e246570904c23a537cb8daeb2096ce52d,14532.472629,0.953
87b8ec9b41644a8b32cf64798ee6e0d8d7e5948575669ae9c5a8435a10813266,b85146d6fb2fb1b37a7b668f36287a534543da7a2bc393eac28fd9e974908af0,14532.608004,2.385
b34e792718773cd207a3d3bb54979d4952f301dd15d6f091f57008f075958309,2f796c78515eb95a2d835ebf50326db182a91dce43f6d21d5785e80565851355,14539.648492,3.066
739faf50968804bd83adaade1c616b404ad02f354b6bb167295319b0ae5d9899,ca74b92087483a16a012c94b147c899e246570904c23a537cb8daeb2096ce52d,14542.096231,1.090
e572651326f1337845b6b98e94175d4dc9ec1338a73d1ab7ac61170ccaf88297,d92f8485c6246b3992a693f22bcc446a2f3d552d1b0cecc3fe637dec8f61e1ac,14542.265419,41.586
d9c9a39425c8044015e05eaf8330a6e48bad0e3edf1ec032098fb2c8b045c0b9,7fd157a7b694ec9235842e5191f04eb673f536c6f3bb37a9dc868eaeb977de9b,14545.271459,0.653
e572651326f1337845b6b98e94175d4dc9ec1338a73d1ab7ac61170ccaf88297,d92f8485c6246b3992a693f22bcc446a2f3d552d1b0cecc3fe637dec8f61e1ac,14545.412636,50.882
739faf50968804bd83adaade1c616b404ad02f354b6bb167295319b0ae5d9899,ca74b92087483a16a012c94b147c899e246570904c23a537cb8daeb2096ce52d,14546.944454,0.223
739faf50968804bd83adaade1c616b404ad02f354b6bb167295319b0ae5d9899,ca74b92087483a16a012c94b147c899e246570904c23a537cb8daeb2096ce52d,14549.106113,0.679
739faf50968804bd83adaade1c616b404ad02f354b6bb167295319b0ae5d9899,ca74b92087483a16a012c94b147c899e246570904c23a537cb8daeb2096ce52d,14549.894311,0.799
a279432833a21dc66309e252ef3f48f1ddc9eb706839d037a00b3f9f545c5e2d,9bfe15fe1c84832456da5d671ec99cfd73e0514bf91abfae306da2457af04221,14553.207043,2.656
7475824cc4748c3fc8576d1ba486950f36d81d9cb5336cc1da801ef313b516d8,c8d99a8658319d5874fe33684bea9d87fab76b5593481d4d66145bec971607b3,14553.471505,0.292
e572651326f1337845b6b98e94175d4dc9ec1338a73d1ab7ac61170ccaf88297,d92f8485c6246b3992a693f22bcc446a2f3d552d1b0cecc3fe637dec8f61e1ac,14558.614414,49.805
e572651326f1337845b6b98e94175d4dc9ec1338a73d1ab7ac61170ccaf88297,518cd8f12974202d11b5a16a5437a6a560186fbe9584862c601084cbc18761c6,14558.744538,0.169
739faf50968804bd83adaade1c616b404ad02f354b6bb167295319b0ae5d9899,ca74b92087483a16a012c94b147c899e246570904c23a537cb8daeb2096ce52d,14565.174394,0.756
739faf50968804bd83adaade1c616b404ad02f354b6bb167295319b0ae5d9899,ca74b92087483a16a012c94b147c899e246570904c23a537cb8daeb2096ce52d,14565.244238,0.651
4bd219625127e9d2e12f7eb21015642ad64f42ea61a16f5577db0c2e7a54d4cf,1b9ff14203f132f3ca0342f8491d5b4e61000dbca9a88d6ef78132611cf99466,14571.428945,2.513
7475824cc4748c3fc8576d1ba486950f36d81d9cb5336cc1da801ef313b516d8,eac0d7c37985ac4669b288f34505f79c6df5fc76371ca3b80b783133b39adfbd,14572.676531,156.327
d9c9a39425c8044015e05eaf8330a6e48bad0e3edf1ec032098fb2c8b045c0b9,55b5c6b8e25e560a5244c522674fa8ad6f8dec1b83a702650726d57f2547c47c,14581.739844,0.046
d9c9a39425c8044015e05eaf8330a6e48bad0e3edf1ec032098fb2c8b045c0b9,7fd157a7b694ec9235842e5191f04eb673f536c6f3bb37a9dc868eaeb977de9b,14588.952824,0.604
e572651326f1337845b6b98e94175d4dc9ec1338a73d1ab7ac61170ccaf88297,d92f8485c6246b3992a693f22bcc446a2f3d552d1b0cecc3fe637dec8f61e1ac,14594.567546,113.393
e572651326f1337845b6b98e94175d4dc9ec1338a73d1ab7ac61170ccaf88297,d92f8485c6246b3992a693f22bcc446a2f3d552d1b0cecc3fe637dec8f61e1ac,14599.941605,162.146
87b8ec9b41644a8b32cf64798ee6e0d8d7e5948575669ae9c5a8435a10813266,9d4311638952a6ecefb68603a4ade3f6aedf1ff5a2f359c67bbef939d6a2e6dc,14600.199274,0.097
e572651326f1337845b6b98e94175d4dc9ec1338a73d1ab7ac61170ccaf88297,5d5cbd388a16ee5f19e2c8c5df4ac7a74ad36fdc9b8a8b0489074a41d61b6884,14608.898462,11.782
739faf50968804bd83adaade1c616b404ad02f354b6bb167295319b0ae5d9899,ca74b92087483a16a012c94b147c899e246570904c23a537cb8daeb2096ce52d,14610.079146,1.340
739faf50968804bd83adaade1c616b404ad02f354b6bb167295319b0ae5d9899,ca74b92087483a16a012c94b147c899e246570904c23a537cb8daeb2096ce52d,14613.577397,0.886
739faf50968804bd83adaade1c616b404ad02f354b6bb167295319b0ae5d9899,ca74b92087483a16a012c94b147c899e246570904c23a537cb8daeb2096ce52d,14617.107379,0.834
e572651326f1337845b6b98e94175d4dc9ec1338a73d1ab7ac61170ccaf88297,d92f8485c6246b3992a693f22bcc446a2f3d552d1b0cecc3fe637dec8f61e1ac,14620.479191,94.512
cf54d1572c1d632986590f22a8313559a433bd667a10d3d3dae5912dcba6ea78,b259c1e9f9b5415e24c8b3e31485942012cde025f7115eb6c3b87d91de9ef892,14620.547008,0.014
e572651326f1337845b6b98e94175d4dc9ec1338a73d1ab7ac61170ccaf88297,5d5cbd388a16ee5f19e2c8c5df4ac7a74ad36fdc9b8a8b0489074a41d61b6884,14623.725965,25.230
739faf50968804bd83adaade1c616b404ad02f354b6bb167295319b0ae5d9899,ca74b92087483a16a012c94b147c899e246570904c23a537cb8daeb2096ce52d,14629.318600,0.463
87b8ec9b41644a8b32cf64798ee6e0d8d7e5948575669ae9c5a8435a10813266,9d4311638952a6ecefb68603a4ade3f6aedf1ff5a2f359c67bbef939d6a2e6dc,14634.150777,0.122
a279432833a21dc66309e252ef3f48f1ddc9eb706839d037a00b3f9f545c5e2d,9bfe15fe1c84832456da5d671ec99cfd73e0514bf91abfae306da2457af04221,14637.486192,3.364
b34e792718773cd207a3d3bb54979d4952f301dd15d6f091f57008f075958309,541379714c2250706dfd8b76765ae74953f871377238b361a8666f510afeba58,14643.943762,25.795
d9c9a39425c8044015e05eaf8330a6e48bad0e3edf1ec032098fb2c8b045c0b9,7fd157a7b694ec9235842e5191f04eb673f536c6f3bb37a9dc868eaeb977de9b,14645.209825,0.962
739faf50968804bd83adaade1c616b404ad02f354b6bb167295319b0ae5d9899,ca74b92087483a16a012c94b147c899e246570904c23a537cb8daeb2096ce52d,14651.310740,0.973
a7cf2f4bb45576518350fb91bb84800146f1dc257896e3b46b901095987e2a1c,6a144e613e2220f49247934c6e896484265f3763008c3235599da7133c320b63,14651.862197,0.232
d9c9a39425c8044015e05eaf8330a6e48bad0e3edf1ec032098fb2c8b045c0b9,55b5c6b8e25e560a5244c522674fa8ad6f8dec1b83a702650726d57f2547c47c,14654.251091,0.072
f7b8083a0342944f477b97a321506ae52fc6e2e76bf6042f2280c281f43ee10d,4b2c05f30bc5080fb3ff505c4051509a4406f733b9ccd3386fa0900f3ae0d9bf,14657.960850,0.040
739faf50968804bd83adaade1c616b404ad02f354b6bb167295319b0ae5d9899,ca74b92087483a16a012c94b147c899e246570904c23a537cb8daeb2096ce52d,14666.115789,0.965
e572651326f1337845b6b98e94175d4dc9ec1338a73d1ab7ac61170ccaf88297,d92f8485c6246b3992a693f22bcc446a2f3d552d1b0cecc3fe637dec8f61e1ac,14667.591752,90.845
e572651326f1337845b6b98e94175d4dc9ec1338a73d1ab7ac61170ccaf88297,518cd8f12974202d11b5a16a5437a6a560186fbe9584862c601084cbc18761c6,14667.772919,0.298
b34e792718773cd207a3d3bb54979d4952f301dd15d6f091f57008f075958309,2f796c78515eb95a2d835ebf50326db182a91dce43f6d21d5785e80565851355,14693.535131,6.174
cf54d1572c1d632986590f22a8313559a433bd667a10d3d3dae5912dcba6ea78,b259c1e9f9b5415e24c8b3e31485942012cde025f7115eb6c3b87d91de9ef892,14701.218893,0.043
87b8ec9b41644a8b32cf64798ee6e0d8d7e5948575669ae9c5a8435a10813266,9d4311638952a6ecefb68603a4ade3f6aedf1ff5a2f359c67bbef939d6a2e6dc,14702.183652,0.199
e572651326f1337845b6b98e94175d4dc9ec1338a73d1ab7ac61170ccaf88297,5d5cbd388a16ee5f19e2c8c5df4ac7a74ad36fdc9b8a8b0489074a41d61b6884,14705.585179,20.399
d9c9a39425c8044015e05eaf8330a6e48bad0e3edf1ec032098fb2c8b045c0b9,55b5c6b8e25e560a5244c522674fa8ad6f8dec1b83a702650726d57f2547c47c,14706.574348,0.011
efcdd56913d0ce6927045a6f4e8bc025d4bc3a901c3f657e7c0c0d52a157e940,d3001621518a70a020141bf2f78060d34d8b1d6a417c7d5ad0650366921617ac,14712.707809,0.365
e572651326f1337845b6b98e94175d4dc9ec1338a73d1ab7ac61170ccaf88297,d92f8485c6246b3992a693f22bcc446a2f3d552d1b0cecc3fe637dec8f61e1ac,14714.208828,102.350
e572651326f1337845b6b98e94175d4dc9ec1338a73d1ab7ac61170ccaf88297,5d5cbd388a16ee5f19e2c8c5df4ac7a74ad36fdc9b8a8b0489074a41d61b6884,14717.163289,5.644
d9c9a39425c8044015e05eaf8330a6e48bad0e3edf1ec032098fb2c8b045c0b9,7fd157a7b694ec9235842e5191f04eb673f536c6f3bb37a9dc868eaeb977de9b,14718.238842,0.288
e572651326f1337845b6b98e94175d4dc9ec1338a73d1ab7ac61170ccaf88297,5d5cbd388a16ee5f19e2c8c5df4ac7a74ad36fdc9b8a8b0489074a41d61b6884,14718.482312,5.778
739faf50968804bd83adaade1c616b404ad02f354b6bb167295319b0ae5d9899,ca74b92087483a16a012c94b147c899e246570904c23a537cb8daeb2096ce52d,14723.573418,0.763
e572651326f1337845b6b98e94175d4dc9ec1338a73d1ab7ac61170ccaf88297,d92f8485c6246b3992a693f22bcc446a2f3d552d1b0cecc3fe637dec8f61e1ac,14742.590145,79.685
64db848c9bc5db515c94ab30eee3c35decfe835ca8a6c40b0821fe30aaa04cdb,f219acf93580c06f4504a74e90b2f826094f3544ca2f60a49b929ab5d1f80d31,14744.993648,2.962
87b8ec9b41644a8b32cf64798ee6e0d8d7e5948575669ae9c5a8435a10813266,9d4311638952a6ecefb68603a4ade3f6aedf1ff5a2f359c67bbef939d6a2e6dc,14750.345427,0.116
a12f22a3f771308d969fd56d18df65bf6960a4101a3daa4cef878997a2e1978b,5c9849d631846bbec88a0601bf6b0ba43d9e757dbe6f64ca8e4875ba49f7b794,14754.519209,29.551
d9c9a39425c8044015e05eaf8330a6e48bad0e3edf1ec032098fb2c8b045c0b9,7fd157a7b694ec9235842e5191f04eb673f536c6f3bb37a9dc868eaeb977de9b,14757.502341,0.907
99ae030b60cf247520cab75889c7e2f4c8be9422fce8cc2dc30c53820d8e487b,68b7a052a1a75027d0ba4031c39237121a4d32fa66b59c585684af85c61349ac,14762.231269,0.269
739faf50968804bd83adaade1c616b404ad02f354b6bb167295319b0ae5d9899,ca74b92087483a16a012c94b147c899e246570904c23a537cb8daeb2096ce52d,14764.935732,0.749
739faf50968804bd83adaade1c616b404ad02f354b6bb167295319b0ae5d9899,ca74b92087483a16a012c94b147c899e246570904c23a537cb8daeb2096ce52d,14766.036787,0.310
99ae030b60cf247520cab75889c7e2f4c8be9422fce8cc2dc30c53820d8e487b,68b7a052a1a75027d0ba4031c39237121a4d32fa66b59c585684af85c61349ac,14766.384988,1.143
7475824cc4748c3fc8576d1ba486950f36d81d9cb5336cc1da801ef313b516d8,c8d99a8658319d5874fe33684bea9d87fab76b5593481d4d66145bec971607b3,14772.310475,0.246
d9c9a39425c8044015e05eaf8330a6e48bad0e3edf1ec032098fb2c8b045c0b9,7fd157a7b694ec9235842e5191f04eb673f536c6f3bb37a9dc868eaeb977de9b,14774.808549,0.502
eddb92315799e0eaf5d18b84bc5948186fbc33c0190b04c815d75765a979435c,78ec164daacd5c9e215e76ca4dfb2d1ef3a94743f8b329a281a0e9782a09f749,14776.453776,17.063
e572651326f1337845b6b98e94175d4dc9ec1338a73d1ab7ac61170ccaf88297,5d5cbd388a16ee5f19e2c8c5df4ac7a74ad36fdc9b8a8b0489074a41d61b6884,14778.107824,29.412
d9c9a39425c8044015e05eaf8330a6e48bad0e3edf1ec032098fb2c8b045c0b9,7fd157a7b694ec9235842e5191f04eb673f536c6f3bb37a9dc868eaeb977de9b,14779.177081,0.846
f4930f068e300bc29cc1ba31414e01d1eaf55b1607c65985536c868ec9323990,46a59e3a4d9e4fefe6b34e678125ce95ab071f1126ec503557f26ec575c1941b,14781.633690,2.099
739faf50968804bd83adaade1c616b404ad02f354b6bb167295319b0ae5d9899,ca74b92087483a16a012c94b147c899e246570904c23a537cb8daeb2096ce52d,14782.627054,1.143
739faf50968804bd83adaade1c616b404ad02f354b6bb167295319b0ae5d9899,ca74b92087483a16a012c94b147c899e246570904c23a537cb8daeb2096ce52d,14790.647524,0.863
a279432833a21dc66309e252ef3f48f1ddc9eb706839d037a00b3f9f545c5e2d,9bfe15fe1c84832456da5d671ec99cfd73e0514bf91abfae306da2457af04221,14794.195440,3.441
b2446308f35282348f1c6388346d932f610301eaa65bd0c283d8fb949d15e7cc,d206b500d8a622c7c6e606402b6f218d95ee19d6805d57bd7d6698351eea831a,14799.794166,38.472
739faf50968804bd83adaade1c616b404ad02f354b6bb167295319b0ae5d9899,ca74b92087483a16a012c94b147c899e246570904c23a537cb8daeb2096ce52d,14802.274224,1.079
b2446308f35282348f1c6388346d932f610301eaa65bd0c283d8fb949d15e7cc,d206b500d8a622c7c6e606402b6f218d95ee19d6805d57bd7d6698351eea831a,14816.963988,29.836
f4930f068e300bc29cc1ba31414e01d1eaf55b1607c65985536c868ec9323990,f98b902a5d78635ca9426bf7b222c0f2e63e8316254891c86ab6c55292b5c8b2,14819.918815,0.108
d9c9a39425c8044015e05eaf8330a6e48bad0e3edf1ec032098fb2c8b045c0b9,55b5c6b8e25e560a5244c522674fa8ad6f8dec1b83a702650726d57f2547c47c,14822.893107,0.021
739faf50968804bd83adaade1c616b404ad02f354b6bb167295319b0ae5d9899,ca74b92087483a16a012c94b147c899e246570904c23a537cb8daeb2096ce52d,14831.525967,0.555
e572651326f1337845b6b98e94175d4dc9ec1338a73d1ab7ac61170ccaf88297,d92f8485c6246b3992a693f22bcc446a2f3d552d1b0cecc3fe637dec8f61e1ac,14831.981480,66.610
d9c9a39425c8044015e05eaf8330a6e48bad0e3edf1ec032098fb2c8b045c0b9,55b5c6b8e25e560a5244c522674fa8ad6f8dec1b83a702650726d57f2547c47c,14836.687813,0.119
739faf50968804bd83adaade1c616b404ad02f354b6bb167295319b0ae5d9899,ca74b92087483a16a012c94b147c899e246570904c23a537cb8daeb2096ce52d,14837.937532,1.356
d9c9a39425c8044015e05eaf8330a6e48bad0e3edf1ec032098fb2c8b045c0b9,55b5c6b8e25e560a5244c522674fa8ad6f8dec1b83a702650726d57f2547c47c,14841.448141,0.086
64db848c9bc5db515c94ab30eee3c35decfe835ca8a6c40b0821fe30aaa04cdb,f219acf93580c06f4504a74e90b2f826094f3544ca2f60a49b929ab5d1f80d31,14842.577530,0.998
739faf50968804bd83adaade1c616b404ad02f354b6bb167295319b0ae5d9899,ca74b92087483a16a012c94b147c899e246570904c23a537cb8daeb2096ce52d,14847.146472,0.848
739faf50968804bd83adaade1c616b404ad02f354b6bb167295319b0ae5d9899,ca74b92087483a16a012c94b147c899e246570904c23a537cb8daeb2096ce52d,14848.637912,0.557
739faf50968804bd83adaade1c616b404ad02f354b6bb167295319b0ae5d9899,ca74b92087483a16a012c94b147c899e246570904c23a537cb8daeb2096ce52d,14852.274579,0.546
99ae030b60cf247520cab75889c7e2f4c8be9422fce8cc2dc30c53820d8e487b,68b7a052a1a75027d0ba4031c39237121a4d32fa66b59c585684af85c61349ac,14863.979921,0.327
eddb92315799e0eaf5d18b84bc5948186fbc33c0190b04c815d75765a979435c,78ec164daacd5c9e215e76ca4dfb2d1ef3a94743f8b329a281a0e9782a09f749,14868.852179,78.888
b34e792718773cd207a3d3bb54979d4952f301dd15d6f091f57008f075958309,2f796c78515eb95a2d835ebf50326db182a91dce43f6d21d5785e80565851355,14876.024608,4.943
b2446308f35282348f1c6388346d932f610301eaa65bd0c283d8fb949d15e7cc,d206b500d8a622c7c6e606402b6f218d95ee19d6805d57bd7d6698351eea831a,14876.526368,66.656
e572651326f1337845b6b98e94175d4dc9ec1338a73d1ab7ac61170ccaf88297,518cd8f12974202d11b5a16a5437a6a560186fbe9584862c601084cbc18761c6,14876.966357,0.212
87b8ec9b41644a8b32cf64798ee6e0d8d7e5948575669ae9c5a8435a10813266,b85146d6fb2fb1b37a7b668f36287a534543da7a2bc393eac28fd9e974908af0,14878.393770,4.561
cf54d1572c1d632986590f22a8313559a433bd667a10d3d3dae5912dcba6ea78,b259c1e9f9b5415e24c8b3e31485942012cde025f7115eb6c3b87d91de9ef892,14882.211500,0.040
e572651326f1337845b6b98e94175d4dc9ec1338a73d1ab7ac61170ccaf88297,d92f8485c6246b3992a693f22bcc446a2f3d552d1b0cecc3fe637dec8f61e1ac,14888.384944,73.226
e572651326f1337845b6b98e94175d4dc9ec1338a73d1ab7ac61170ccaf88297,518cd8f12974202d11b5a16a5437a6a560186fbe9584862c601084cbc18761c6,14895.948820,0.521
739faf50968804bd83adaade1c616b404ad02f354b6bb167295319b0ae5d9899,ca74b92087483a16a012c94b147c899e246570904c23a537cb8daeb2096ce52d,14897.400907,0.666
739faf50968804bd83adaade1c616b404ad02f354b6bb167295319b0ae5d9899,ca74b92087483a16a012c94b147c899e246570904c23a537cb8daeb2096ce52d,14899.770706,0.746
e572651326f1337845b6b98e94175d4dc9ec1338a73d1ab7ac61170ccaf88297,518cd8f12974202d11b5a16a5437a6a560186fbe9584862c601084cbc18761c6,14901.980169,0.142
739faf50968804bd83adaade1c616b404ad02f354b6bb167295319b0ae5d9899,ca74b92087483a16a012c94b147c899e246570904c23a537cb8daeb2096ce52d,14904.497825,0.653
b2446308f35282348f1c6388346d932f610301eaa65bd0c283d8fb949d15e7cc,db87b76b1f5c22aeb78e8ddae62a3f5b78f28580d14b2d7f7f773702f2da3a3b,14914.611034,0.024
739faf50968804bd83adaade1c616b404ad02f354b6bb167295319b0ae5d9899,ca74b92087483a16a012c94b147c899e246570904c23a537cb8daeb2096ce52d,14915.019983,1.097
e572651326f1337845b6b98e94175d4dc9ec1338a73d1ab7ac61170ccaf88297,d92f8485c6246b3992a693f22bcc446a2f3d552d1b0cecc3fe637dec8f61e1ac,14916.727423,115.049
d9c9a39425c8044015e05eaf8330a6e48bad0e3edf1ec032098fb2c8b045c0b9,7fd157a7b694ec9235842e5191f04eb673f536c6f3bb37a9dc868eaeb977de9b,14918.169869,0.385
87b8ec9b41644a8b32cf64798ee6e0d8d7e5948575669ae9c5a8435a10813266,9d4311638952a6ecefb68603a4ade3f6aedf1ff5a2f359c67bbef939d6a2e6dc,14926.130946,0.113
cf54d1572c1d632986590f22a8313559a433bd667a10d3d3dae5912dcba6ea78,b259c1e9f9b5415e24c8b3e31485942012cde025f7115eb6c3b87d91de9ef892,14930.213956,0.125
eddb92315799e0eaf5d18b84bc5948186fbc33c0190b04c815d75765a979435c,9ecd2766ee6bd299d23bbc00b9a905d490ebeb2e675d857ef4f1bd4d5877c065,14932.294448,12.397
e572651326f1337845b6b98e94175d4dc9ec1338a73d1ab7ac61170ccaf88297,518cd8f12974202d11b5a16a5437a6a560186fbe9584862c601084cbc18761c6,14939.933836,0.194
739faf50968804bd83adaade1c616b404ad02f354b6bb167295319b0ae5d9899,ca74b92087483a16a012c94b147c899e246570904c23a537cb8daeb2096ce52d,14957.795949,0.427
739faf50968804bd83adaade1c616b404ad02f354b6bb167295319b0ae5d9899,ca74b92087483a16a012c94b147c899e246570904c23a537cb8daeb2096ce52d,14958.862770,0.656
739faf50968804bd83adaade1c616b404ad02f354b6bb167295319b0ae5d9899,ca74b92087483a16a012c94b147c899e246570904c23a537cb8daeb2096ce52d,14961.357503,0.400
e572651326f1337845b6b98e94175d4dc9ec1338a73d1ab7ac61170ccaf88297,5d5cbd388a16ee5f19e2c8c5df4ac7a74ad36fdc9b8a8b0489074a41d61b6884,14967.999656,15.208
f7b8083a0342944f477b97a321506ae52fc6e2e76bf6042f2280c281f43ee10d,d414dfb669aa29482336ef26db33feead9a3bd71190ba5d44412a9f8bedf26de,14973.074081,21.347
e572651326f1337845b6b98e94175d4dc9ec1338a73d1ab7ac61170ccaf88297,5d5cbd388a16ee5f19e2c8c5df4ac7a74ad36fdc9b8a8b0489074a41d61b6884,14984.655158,6.833
7475824cc4748c3fc8576d1ba486950f36d81d9cb5336cc1da801ef313b516d8,c8d99a8658319d5874fe33684bea9d87fab76b5593481d4d66145bec971607b3,14990.893817,0.135
cf54d1572c1d632986590f22a8313559a433bd667a10d3d3dae5912dcba6ea78,b259c1e9f9b5415e24c8b3e31485942012cde025f7115eb6c3b87d91de9ef892,14993.384187,0.026
739faf50968804bd83adaade1c616b404ad02f354b6bb167295319b0ae5d9899,ca74b92087483a16a012c94b147c899e246570904c23a537cb8daeb2096ce52d,15013.977173,0.299
a7cf2f4bb45576518350fb91bb84800146f1dc257896e3b46b901095987e2a1c,6a144e613e2220f49247934c6e896484265f3763008c3235599da7133c320b63,15015.426715,0.150
f4930f068e300bc29cc1ba31414e01d1eaf55b1607c65985536c868ec9323990,f98b902a5d78635ca9426bf7b222c0f2e63e8316254891c86ab6c55292b5c8b2,15016.293256,0.354
739faf50968804bd83adaade1c616b404ad02f354b6bb167295319b0ae5d9899,ca74b92087483a16a012c94b147c899e246570904c23a537cb8daeb2096ce52d,15026.403928,0.494
e572651326f1337845b6b98e94175d4dc9ec1338a73d1ab7ac61170ccaf88297,d92f8485c6246b3992a693f22bcc446a2f3d552d1b0cecc3fe637dec8f61e1ac,15032.673004,72.425
7475824cc4748c3fc8576d1ba486950f36d81d9cb5336cc1da801ef313b516d8,c8d99a8658319d5874fe33684bea9d87fab76b5593481d4d66145bec971607b3,15033.602818,0.181
e572651326f1337845b6b98e94175d4dc9ec1338a73d1ab7ac61170ccaf88297,5d5cbd388a16ee5f19e2c8c5df4ac7a74ad36fdc9b8a8b0489074a41d61b6884,15041.683077,14.519
b34e792718773cd207a3d3bb54979d4952f301dd15d6f091f57008f075958309,541379714c2250706dfd8b76765ae74953f871377238b361a8666f510afeba58,15043.448916,58.776
e572651326f1337845b6b98e94175d4dc9ec1338a73d1ab7ac61170ccaf88297,5d5cbd388a16ee5f19e2c8c5df4ac7a74ad36fdc9b8a8b0489074a41d61b6884,15043.609949,8.596
e572651326f1337845b6b98e94175d4dc9ec1338a73d1ab7ac61170ccaf88297,518cd8f12974202d11b5a16a5437a6a560186fbe9584862c601084cbc18761c6,15045.043007,0.096
d9c9a39425c8044015e05eaf8330a6e48bad0e3edf1ec032098fb2c8b045c0b9,7fd157a7b694ec9235842e5191f04eb673f536c6f3bb37a9dc868eaeb977de9b,15047.339376,0.732
739faf50968804bd83adaade1c616b404ad02f354b6bb167295319b0ae5d9899,ca74b92087483a16a012c94b147c899e246570904c23a537cb8daeb2096ce52d,15048.821029,0.505
aa09fd0de23af2f42704ea3f7a832860e356cb21fbe99fb4c513e0ac64da3ce9,a7220d0ede28b7b3aa0f0607ca44f14e871e76cab8c30bfd0134e64230326622,15050.281230,0.071
739faf50968804bd83adaade1c616b404ad02f354b6bb167295319b0ae5d9899,ca74b92087483a16a012c94b147c899e246570904c23a537cb8daeb2096ce52d,15050.512675,0.532
739faf50968804bd83adaade1c616b404ad02f354b6bb167295319b0ae5d9899,ca74b92087483a16a012c94b147c899e246570904c23a537cb8daeb2096ce52d,15052.567244,1.342
cf54d1572c1d632986590f22a8313559a433bd667a10d3d3dae5912dcba6ea78,b259c1e9f9b5415e24c8b3e31485942012cde025f7115eb6c3b87d91de9ef892,15054.580089,0.081
e572651326f1337845b6b98e94175d4dc9ec1338a73d1ab7ac61170ccaf88297,5d5cbd388a16ee5f19e2c8c5df4ac7a74ad36fdc9b8a8b0489074a41d61b6884,15069.226394,10.040
b2446308f35282348f1c6388346d932f610301eaa65bd0c283d8fb949d15e7cc,d206b500d8a622c7c6e606402b6f218d95ee19d6805d57bd7d6698351eea831a,15070.193524,71.663
d9c9a39425c8044015e05eaf8330a6e48bad0e3edf1ec032098fb2c8b045c0b9,55b5c6b8e25e560a5244c522674fa8ad6f8dec1b83a702650726d57f2547c47c,15072.480321,0.047
e572651326f1337845b6b98e94175d4dc9ec1338a73d1ab7ac61170ccaf88297,d92f8485c6246b3992a693f22bcc446a2f3d552d1b0cecc3fe637dec8f61e1ac,15085.644136,47.991
739faf50968804bd83adaade1c616b404ad02f354b6bb167295319b0ae5d9899,ca74b92087483a16a012c94b147c899e246570904c23a537cb8daeb2096ce52d,15095.967484,0.526
b2446308f35282348f1c6388346d932f610301eaa65bd0c283d8fb949d15e7cc,d206b500d8a622c7c6e606402b6f218d95ee19d6805d57bd7d6698351eea831a,15097.564721,53.835
e572651326f1337845b6b98e94175d4dc9ec1338a73d1ab7ac61170ccaf88297,518cd8f12974202d11b5a16a5437a6a560186fbe9584862c601084cbc18761c6,15109.545883,0.247
b34e792718773cd207a3d3bb54979d4952f301dd15d6f091f57008f075958309,541379714c2250706dfd8b76765ae74953f871377238b361a8666f510afeba58,15110.192570,35.958
cf54d1572c1d632986590f22a8313559a433bd667a10d3d3dae5912dcba6ea78,b259c1e9f9b5415e24c8b3e31485942012cde025f7115eb6c3b87d91de9ef892,15111.230825,0.057
cf54d1572c1d632986590f22a8313559a433bd667a10d3d3dae5912dcba6ea78,b259c1e9f9b5415e24c8b3e31485942012cde025f7115eb6c3b87d91de9ef892,15112.503672,0.087
eddb92315799e0eaf5d18b84bc5948186fbc33c0190b04c815d75765a979435c,9ecd2766ee6bd299d23bbc00b9a905d490ebeb2e675d857ef4f1bd4d5877c065,15121.365963,47.988
aa09fd0de23af2f42704ea3f7a832860e356cb21fbe99fb4c513e0ac64da3ce9,a7220d0ede28b7b3aa0f0607ca44f14e871e76cab8c30bfd0134e64230326622,15121.931377,0.055
e572651326f1337845b6b98e94175d4dc9ec1338a73d1ab7ac61170ccaf88297,5d5cbd388a16ee5f19e2c8c5df4ac7a74ad36fdc9b8a8b0489074a41d61b6884,15127.824955,26.974
d9c9a39425c8044015e05eaf8330a6e48bad0e3edf1ec032098fb2c8b045c0b9,7fd157a7b694ec9235842e5191f04eb673f536c6f3bb37a9dc868eaeb977de9b,15127.920709,1.064
b34e792718773cd207a3d3bb54979d4952f301dd15d6f091f57008f075958309,541379714c2250706dfd8b76765ae74953f871377238b361a8666f510afeba58,15134.735305,51.864
739faf50968804bd83adaade1c616b404ad02f354b6bb167295319b0ae5d9899,ca74b92087483a16a012c94b147c899e246570904c23a537cb8daeb2096ce52d,15134.751267,0.495
b34e792718773cd207a3d3bb54979d4952f301dd15d6f091f57008f075958309,2f796c78515eb95a2d835ebf50326db182a91dce43f6d21d5785e80565851355,15140.578515,1.265
64db848c9bc5db515c94ab30eee3c35decfe835ca8a6c40b0821fe30aaa04cdb,f219acf93580c06f4504a74e90b2f826094f3544ca2f60a49b929ab5d1f80d31,15150.240591,2.619
d9c9a39425c8044015e05eaf8330a6e48bad0e3edf1ec032098fb2c8b045c0b9,7fd157a7b694ec9235842e5191f04eb673f536c6f3bb37a9dc868eaeb977de9b,15151.092731,0.530
cf54d1572c1d632986590f22a8313559a433bd667a10d3d3dae5912dcba6ea78,b259c1e9f9b5415e24c8b3e31485942012cde025f7115eb6c3b87d91de9ef892,15153.348392,0.036
e572651326f1337845b6b98e94175d4dc9ec1338a73d1ab7ac61170ccaf88297,d92f8485c6246b3992a693f22bcc446a2f3d552d1b0cecc3fe637dec8f61e1ac,15164.109712,74.172
87b8ec9b41644a8b32cf64798ee6e0d8d7e5948575669ae9c5a8435a10813266,b85146d6fb2fb1b37a7b668f36287a534543da7a2bc393eac28fd9e974908af0,15166.308712,6.963
a12f22a3f771308d969fd56d18df65bf6960a4101a3daa4cef878997a2e1978b,664c8bd366fc401f874d793373a2aafc5a5a506e2e04d325d5d83557d6df7502,15167.313987,0.056
d9c9a39425c8044015e05eaf8330a6e48bad0e3edf1ec032098fb2c8b045c0b9,7fd157a7b694ec9235842e5191f04eb673f536c6f3bb37a9dc868eaeb977de9b,15168.294041,0.704
739faf50968804bd83adaade1c616b404ad02f354b6bb167295319b0ae5d9899,ca74b92087483a16a012c94b147c899e246570904c23a537cb8daeb2096ce52d,15178.533151,0.532
87b8ec9b41644a8b32cf64798ee6e0d8d7e5948575669ae9c5a8435a10813266,9d4311638952a6ecefb68603a4ade3f6aedf1ff5a2f359c67bbef939d6a2e6dc,15183.331868,0.163
efcdd56913d0ce6927045a6f4e8bc025d4bc3a901c3f657e7c0c0d52a157e940,d3001621518a70a020141bf2f78060d34d8b1d6a417c7d5ad0650366921617ac,15185.204398,0.695
739faf50968804bd83adaade1c616b404ad02f354b6bb167295319b0ae5d9899,ca74b92087483a16a012c94b147c899e246570904c23a537cb8daeb2096ce52d,15193.754182,0.701
e572651326f1337845b6b98e94175d4dc9ec1338a73d1ab7ac61170ccaf88297,d92f8485c6246b3992a693f22bcc446a2f3d552d1b0cecc3fe637dec8f61e1ac,15196.295145,36.147
eddb92315799e0eaf5d18b84bc5948186fbc33c0190b04c815d75765a979435c,9ecd2766ee6bd299d23bbc00b9a905d490ebeb2e675d857ef4f1bd4d5877c065,15197.236957,29.351
e572651326f1337845b6b98e94175d4dc9ec1338a73d1ab7ac61170ccaf88297,5d5cbd388a16ee5f19e2c8c5df4ac7a74ad36fdc9b8a8b0489074a41d61b6884,15200.770309,30.742
36918b2e6c7d7af242c355afc840cf4665e3ea068cf464571367b9c37779bf80,7256bfbb7f3fd68f57187fc7395b4cbcb317c2abb99ee066d02f0844dbcb8ee7,15204.401239,4.582
739faf50968804bd83adaade1c616b404ad02f354b6bb167295319b0ae5d9899,ca74b92087483a16a012c94b147c899e246570904c23a537cb8daeb2096ce52d,15205.870158,1.320
739faf50968804bd83adaade1c616b404ad02f354b6bb167295319b0ae5d9899,ca74b92087483a16a012c94b147c899e246570904c23a537cb8daeb2096ce52d,15209.772344,0.502
a12f22a3f771308d969fd56d18df65bf6960a4101a3daa4cef878997a2e1978b,664c8bd366fc401f874d793373a2aafc5a5a506e2e04d325d5d83557d6df7502,15214.762785,0.010
e572651326f1337845b6b98e94175d4dc9ec1338a73d1ab7ac61170ccaf88297,518cd8f12974202d11b5a16a5437a6a560186fbe9584862c601084cbc18761c6,15215.907854,0.109
739faf50968804bd83adaade1c616b404ad02f354b6bb167295319b0ae5d9899,ca74b92087483a16a012c94b147c899e246570904c23a537cb8daeb2096ce52d,15217.876775,0.415
739faf50968804bd83adaade1c616b404ad02f354b6bb167295319b0ae5d9899,ca74b92087483a16a012c94b147c899e246570904c23a537cb8daeb2096ce52d,15220.678382,1.197
739faf50968804bd83adaade1c616b404ad02f354b6bb167295319b0ae5d9899,ca74b92087483a16a012c94b147c899e246570904c23a537cb8daeb2096ce52d,15225.450344,1.311
f4930f068e300bc29cc1ba31414e01d1eaf55b1607c65985536c868ec9323990,f98b902a5d78635ca9426bf7b222c0f2e63e8316254891c86ab6c55292b5c8b2,15229.257833,0.324
87b8ec9b41644a8b32cf64798ee6e0d8d7e5948575669ae9c5a8435a10813266,13220cb8f5b7112c02f2481c968497db0f96a9b6d45bc7204086d9914d5596b5,15234.250283,32.538
739faf50968804bd83adaade1c616b404ad02f354b6bb167295319b0ae5d9899,ca74b92087483a16a012c94b147c899e246570904c23a537cb8daeb2096ce52d,15247.403027,0.948
e572651326f1337845b6b98e94175d4dc9ec1338a73d1ab7ac61170ccaf88297,518cd8f12974202d11b5a16a5437a6a560186fbe9584862c601084cbc18761c6,15247.739133,0.428
739faf50968804bd83adaade1c616b404ad02f354b6bb167295319b0ae5d9899,ca74b92087483a16a012c94b147c899e246570904c23a537cb8daeb2096ce52d,15249.919598,1.382
f7b8083a0342944f477b97a321506ae52fc6e2e76bf6042f2280c281f43ee10d,d414dfb669aa29482336ef26db33feead9a3bd71190ba5d44412a9f8bedf26de,15250.006846,12.577
87b8ec9b41644a8b32cf64798ee6e0d8d7e5948575669ae9c5a8435a10813266,13220cb8f5b7112c02f2481c968497db0f96a9b6d45bc7204086d9914d5596b5,15252.302368,56.988
e572651326f1337845b6b98e94175d4dc9ec1338a73d1ab7ac61170ccaf88297,518cd8f12974202d11b5a16a5437a6a560186fbe9584862c601084cbc18761c6,15253.786356,0.335
e572651326f1337845b6b98e94175d4dc9ec1338a73d1ab7ac61170ccaf88297,518cd8f12974202d11b5a16a5437a6a560186fbe9584862c601084cbc18761c6,15255.455428,0.408
739faf50968804bd83adaade1c616b404ad02f354b6bb167295319b0ae5d9899,ca74b92087483a16a012c94b147c899e246570904c23a537cb8daeb2096ce52d,15255.969996,0.721
739faf50968804bd83adaade1c616b404ad02f354b6bb167295319b0ae5d9899,ca74b92087483a16a012c94b147c899e246570904c23a537cb8daeb2096ce52d,15257.912699,0.412
87b8ec9b41644a8b32cf64798ee6e0d8d7e5948575669ae9c5a8435a10813266,b85146d6fb2fb1b37a7b668f36287a534543da7a2bc393eac28fd9e974908af0,15262.390883,2.033
f4930f068e300bc29cc1ba31414e01d1eaf55b1607c65985536c868ec9323990,46a59e3a4d9e4fefe6b34e678125ce95ab071f1126ec503557f26ec575c1941b,15264.321400,1.169
d9c9a39425c8044015e05eaf8330a6e48bad0e3edf1ec032098fb2c8b045c0b9,55b5c6b8e25e560a5244c522674fa8ad6f8dec1b83a702650726d57f2547c47c,15266.252314,0.092
739faf50968804bd83adaade1c616b404ad02f354b6bb167295319b0ae5d9899,ca74b92087483a16a012c94b147c899e246570904c23a537cb8daeb2096ce52d,15278.668169,0.651
b34e792718773cd207a3d3bb54979d4952f301dd15d6f091f57008f075958309,541379714c2250706dfd8b76765ae74953f871377238b361a8666f510afeba58,15280.520602,161.913
4bd219625127e9d2e12f7eb21015642ad64f42ea61a16f5577db0c2e7a54d4cf,1b9ff14203f132f3ca0342f8491d5b4e61000dbca9a88d6ef78132611cf99466,15282.220204,3.713
739faf50968804bd83adaade1c616b404ad02f354b6bb167295319b0ae5d9899,ca74b92087483a16a012c94b147c899e246570904c23a537cb8daeb2096ce52d,15282.859727,0.588
a12f22a3f771308d969fd56d18df65bf6960a4101a3daa4cef878997a2e1978b,5c9849d631846bbec88a0601bf6b0ba43d9e757dbe6f64ca8e4875ba49f7b794,15283.240746,5.295
739faf50968804bd83adaade1c616b404ad02f354b6bb167295319b0ae5d9899,ca74b92087483a16a012c94b147c899e246570904c23a537cb8daeb2096ce52d,15296.222635,1.411
a12f22a3f771308d969fd56d18df65bf6960a4101a3daa4cef878997a2e1978b,5c9849d631846bbec88a0601bf6b0ba43d9e757dbe6f64ca8e4875ba49f7b794,15297.486453,10.785
a12f22a3f771308d969fd56d18df65bf6960a4101a3daa4cef878997a2e1978b,664c8bd366fc401f874d793373a2aafc5a5a506e2e04d325d5d83557d6df7502,15299.128407,0.021
e572651326f1337845b6b98e94175d4dc9ec1338a73d1ab7ac61170ccaf88297,d92f8485c6246b3992a693f22bcc446a2f3d552d1b0cecc3fe637dec8f61e1ac,15303.597263,182.056
e572651326f1337845b6b98e94175d4dc9ec1338a73d1ab7ac61170ccaf88297,d92f8485c6246b3992a693f22bcc446a2f3d552d1b0cecc3fe637dec8f61e1ac,15316.341937,32.605
e572651326f1337845b6b98e94175d4dc9ec1338a73d1ab7ac61170ccaf88297,518cd8f12974202d11b5a16a5437a6a560186fbe9584862c601084cbc18761c6,15318.635556,0.303
d9c9a39425c8044015e05eaf8330a6e48bad0e3edf1ec032098fb2c8b045c0b9,7fd157a7b694ec9235842e5191f04eb673f536c6f3bb37a9dc868eaeb977de9b,15320.107882,0.802
739faf50968804bd83adaade1c616b404ad02f354b6bb167295319b0ae5d9899,ca74b92087483a16a012c94b147c899e246570904c23a537cb8daeb2096ce52d,15322.118102,0.571
cf54d1572c1d632986590f22a8313559a433bd667a10d3d3dae5912dcba6ea78,b259c1e9f9b5415e24c8b3e31485942012cde025f7115eb6c3b87d91de9ef892,15322.258806,0.048
7475824cc4748c3fc8576d1ba486950f36d81d9cb5336cc1da801ef313b516d8,eac0d7c37985ac4669b288f34505f79c6df5fc76371ca3b80b783133b39adfbd,15325.754933,68.967
e572651326f1337845b6b98e94175d4dc9ec1338a73d1ab7ac61170ccaf88297,5d5cbd388a16ee5f19e2c8c5df4ac7a74ad36fdc9b8a8b0489074a41d61b6884,15327.200779,10.562
aa09fd0de23af2f42704ea3f7a832860e356cb21fbe99fb4c513e0ac64da3ce9,a7220d0ede28b7b3aa0f0607ca44f14e871e76cab8c30bfd0134e64230326622,15327.949926,0.039
99ae030b60cf247520cab75889c7e2f4c8be9422fce8cc2dc30c53820d8e487b,68b7a052a1a75027d0ba4031c39237121a4d32fa66b59c585684af85c61349ac,15330.117509,0.435
e572651326f1337845b6b98e94175d4dc9ec1338a73d1ab7ac61170ccaf88297,518cd8f12974202d11b5a16a5437a6a560186fbe9584862c601084cbc18761c6,15330.317245,0.132
a279432833a21dc66309e252ef3f48f1ddc9eb706839d037a00b3f9f545c5e2d,9bfe15fe1c84832456da5d671ec99cfd73e0514bf91abfae306da2457af04221,15333.874809,1.499
739faf50968804bd83adaade1c616b404ad02f354b6bb167295319b0ae5d9899,ca74b92087483a16a012c94b147c899e246570904c23a537cb8daeb2096ce52d,15336.279254,1.703
739faf50968804bd83adaade1c616b404ad02f354b6bb167295319b0ae5d9899,ca74b92087483a16a012c94b147c899e246570904c23a537cb8daeb2096ce52d,15339.073556,0.620
e572651326f1337845b6b98e94175d4dc9ec1338a73d1ab7ac61170ccaf88297,d92f8485c6246b3992a693f22bcc446a2f3d552d1b0cecc3fe637dec8f61e1ac,15340.701297,51.282
739faf50968804bd83adaade1c616b404ad02f354b6bb167295319b0ae5d9899,ca74b92087483a16a012c94b147c899e246570904c23a537cb8daeb2096ce52d,15344.132723,0.574
99ae030b60cf247520cab75889c7e2f4c8be9422fce8cc2dc30c53820d8e487b,68b7a052a1a75027d0ba4031c39237121a4d32fa66b59c585684af85c61349ac,15364.698464,0.299
efcdd56913d0ce6927045a6f4e8bc025d4bc3a901c3f657e7c0c0d52a157e940,d3001621518a70a020141bf2f78060d34d8b1d6a417c7d5ad0650366921617ac,15366.252388,0.103
739faf50968804bd83adaade1c616b404ad02f354b6bb167295319b0ae5d9899,ca74b92087483a16a012c94b147c899e246570904c23a537cb8daeb2096ce52d,15369.685664,1.806
e572651326f1337845b6b98e94175d4dc9ec1338a73d1ab7ac61170ccaf88297,d92f8485c6246b3992a693f22bcc446a2f3d552d1b0cecc3fe637dec8f61e1ac,15380.861572,53.104
e572651326f1337845b6b98e94175d4dc9ec1338a73d1ab7ac61170ccaf88297,518cd8f12974202d11b5a16a5437a6a560186fbe9584862c601084cbc18761c6,15387.341710,0.204
739faf50968804bd83adaade1c616b404ad02f354b6bb167295319b0ae5d9899,ca74b92087483a16a012c94b147c899e246570904c23a537cb8daeb2096ce52d,15400.675609,1.182
739faf50968804bd83adaade1c616b404ad02f354b6bb167295319b0ae5d9899,ca74b92087483a16a012c94b147c899e246570904c23a537cb8daeb2096ce52d,15404.421006,0.559
e572651326f1337845b6b98e94175d4dc9ec1338a73d1ab7ac61170ccaf88297,d92f8485c6246b3992a693f22bcc446a2f3d552d1b0cecc3fe637dec8f61e1ac,15416.365332,108.252
d9c9a39425c8044015e05eaf8330a6e48bad0e3edf1ec032098fb2c8b045c0b9,55b5c6b8e25e560a5244c522674fa8ad6f8dec1b83a702650726d57f2547c47c,15419.571534,0.030
b2446308f35282348f1c6388346d932f610301eaa65bd0c283d8fb949d15e7cc,db87b76b1f5c22aeb78e8ddae62a3f5b78f28580d14b2d7f7f773702f2da3a3b,15424.186406,0.040
739faf50968804bd83adaade1c616b404ad02f354b6bb167295319b0ae5d9899,ca74b92087483a16a012c94b147c899e246570904c23a537cb8daeb2096ce52d,15425.885094,1.450
e572651326f1337845b6b98e94175d4dc9ec1338a73d1ab7ac61170ccaf88297,5d5cbd388a16ee5f19e2c8c5df4ac7a74ad36fdc9b8a8b0489074a41d61b6884,15430.718241,9.048
d9c9a39425c8044015e05eaf8330a6e48bad0e3edf1ec032098fb2c8b045c0b9,55b5c6b8e25e560a5244c522674fa8ad6f8dec1b83a702650726d57f2547c47c,15434.858696,0.037
739faf50968804bd83adaade1c616b404ad02f354b6bb167295319b0ae5d9899,ca74b92087483a16a012c94b147c899e246570904c23a537cb8daeb2096ce52d,15449.989594,0.417
739faf50968804bd83adaade1c616b404ad02f354b6bb167295319b0ae5d9899,ca74b92087483a16a012c94b147c899e246570904c23a537cb8daeb2096ce52d,15459.856498,0.305
87b8ec9b41644a8b32cf64798ee6e0d8d7e5948575669ae9c5a8435a10813266,13220cb8f5b7112c02f2481c968497db0f96a9b6d45bc7204086d9914d5596b5,15469.102965,127.089
aa09fd0de23af2f42704ea3f7a832860e356cb21fbe99fb4c513e0ac64da3ce9,a7220d0ede28b7b3aa0f0607ca44f14e871e76cab8c30bfd0134e64230326622,15475.574529,0.063
739faf50968804bd83adaade1c616b404ad02f354b6bb167295319b0ae5d9899,ca74b92087483a16a012c94b147c899e246570904c23a537cb8daeb2096ce52d,15477.160644,0.839
739faf50968804bd83adaade1c616b404ad02f354b6bb167295319b0ae5d9899,ca74b92087483a16a012c94b147c899e246570904c23a537cb8daeb2096ce52d,15478.808642,0.430
b2446308f35282348f1c6388346d932f610301eaa65bd0c283d8fb949d15e7cc,d206b500d8a622c7c6e606402b6f218d95ee19d6805d57bd7d6698351eea831a,15492.286526,130.544
a12f22a3f771308d969fd56d18df65bf6960a4101a3daa4cef878997a2e1978b,5c9849d631846bbec88a0601bf6b0ba43d9e757dbe6f64ca8e4875ba49f7b794,15498.820876,14.860
f7b8083a0342944f477b97a321506ae52fc6e2e76bf6042f2280c281f43ee10d,d414dfb669aa29482336ef26db33feead9a3bd71190ba5d44412a9f8bedf26de,15499.952722,20.622
739faf50968804bd83adaade1c616b404ad02f354b6bb167295319b0ae5d9899,ca74b92087483a16a012c94b147c899e246570904c23a537cb8daeb2096ce52d,15508.342953,0.907
739faf50968804bd83adaade1c616b404ad02f354b6bb167295319b0ae5d9899,ca74b92087483a16a012c94b147c899e246570904c23a537cb8daeb2096ce52d,15513.841102,1.814
d9c9a39425c8044015e05eaf8330a6e48bad0e3edf1ec032098fb2c8b045c0b9,7fd157a7b694ec9235842e5191f04eb673f536c6f3bb37a9dc868eaeb977de9b,15520.283331,1.118
b34e792718773cd207a3d3bb54979d4952f301dd15d6f091f57008f075958309,2f796c78515eb95a2d835ebf50326db182a91dce43f6d21d5785e80565851355,15529.551690,1.644
739faf50968804bd83adaade1c616b404ad02f354b6bb167295319b0ae5d9899,ca74b92087483a16a012c94b147c899e246570904c23a537cb8daeb2096ce52d,15531.759938,1.282
a279432833a21dc66309e252ef3f48f1ddc9eb706839d037a00b3f9f545c5e2d,96b2b81126ccc77b62f8e30b2d3ae9fd295c3bf035deab650d5cf4c57cf49796,15545.447864,0.038
e572651326f1337845b6b98e94175d4dc9ec1338a73d1ab7ac61170ccaf88297,d92f8485c6246b3992a693f22bcc446a2f3d552d1b0cecc3fe637dec8f61e1ac,15548.396742,110.151
e572651326f1337845b6b98e94175d4dc9ec1338a73d1ab7ac61170ccaf88297,d92f8485c6246b3992a693f22bcc446a2f3d552d1b0cecc3fe637dec8f61e1ac,15558.180993,78.306
739faf50968804bd83adaade1c616b404ad02f354b6bb167295319b0ae5d9899,ca74b92087483a16a012c94b147c899e246570904c23a537cb8daeb2096ce52d,15559.970625,0.337
d9c9a39425c8044015e05eaf8330a6e48bad0e3edf1ec032098fb2c8b045c0b9,55b5c6b8e25e560a5244c522674fa8ad6f8dec1b83a702650726d57f2547c47c,15577.032386,0.012
4bd219625127e9d2e12f7eb21015642ad64f42ea61a16f5577db0c2e7a54d4cf,1b9ff14203f132f3ca0342f8491d5b4e61000dbca9a88d6ef78132611cf99466,15582.716125,2.804
e572651326f1337845b6b98e94175d4dc9ec1338a73d1ab7ac61170ccaf88297,d92f8485c6246b3992a693f22bcc446a2f3d552d1b0cecc3fe637dec8f61e1ac,15600.974980,36.128
d9c9a39425c8044015e05eaf8330a6e48bad0e3edf1ec032098fb2c8b045c0b9,7fd157a7b694ec9235842e5191f04eb673f536c6f3bb37a9dc868eaeb977de9b,15606.596106,0.766
4bd219625127e9d2e12f7eb21015642ad64f42ea61a16f5577db0c2e7a54d4cf,97c31670ec24a392969c8bc769ded28f0ea827f99e77c918ebe894b02f4511dd,15607.408004,19.765
e572651326f1337845b6b98e94175d4dc9ec1338a73d1ab7ac61170ccaf88297,5d5cbd388a16ee5f19e2c8c5df4ac7a74ad36fdc9b8a8b0489074a41d61b6884,15608.205695,9.238
cf54d1572c1d632986590f22a8313559a433bd667a10d3d3dae5912dcba6ea78,b259c1e9f9b5415e24c8b3e31485942012cde025f7115eb6c3b87d91de9ef892,15610.020300,0.059
e572651326f1337845b6b98e94175d4dc9ec1338a73d1ab7ac61170ccaf88297,d92f8485c6246b3992a693f22bcc446a2f3d552d1b0cecc3fe637dec8f61e1ac,15631.450056,40.571
cf54d1572c1d632986590f22a8313559a433bd667a10d3d3dae5912dcba6ea78,b259c1e9f9b5415e24c8b3e31485942012cde025f7115eb6c3b87d91de9ef892,15634.874672,0.081
87b8ec9b41644a8b32cf64798ee6e0d8d7e5948575669ae9c5a8435a10813266,9d4311638952a6ecefb68603a4ade3f6aedf1ff5a2f359c67bbef939d6a2e6dc,15645.374581,0.224
739faf50968804bd83adaade1c616b404ad02f354b6bb167295319b0ae5d9899,ca74b92087483a16a012c94b147c899e246570904c23a537cb8daeb2096ce52d,15658.911101,0.440
e572651326f1337845b6b98e94175d4dc9ec1338a73d1ab7ac61170ccaf88297,d92f8485c6246b3992a693f22bcc446a2f3d552d1b0cecc3fe637dec8f61e1ac,15659.633563,40.533
a279432833a21dc66309e252ef3f48f1ddc9eb706839d037a00b3f9f545c5e2d,7f0b52256911bed19622812b8483c07daf2e9103a269f567068ed939e33a2785,15660.379618,1.106
a12f22a3f771308d969fd56d18df65bf6960a4101a3daa4cef878997a2e1978b,664c8bd366fc401f874d793373a2aafc5a5a506e2e04d325d5d83557d6df7502,15660.468717,0.049
739faf50968804bd83adaade1c616b404ad02f354b6bb167295319b0ae5d9899,ca74b92087483a16a012c94b147c899e246570904c23a537cb8daeb2096ce52d,15666.324745,0.365
739faf50968804bd83adaade1c616b404ad02f354b6bb167295319b0ae5d9899,ca74b92087483a16a012c94b147c899e246570904c23a537cb8daeb2096ce52d,15670.388659,2.449
739faf50968804bd83adaade1c616b404ad02f354b6bb167295319b0ae5d9899,ca74b92087483a16a012c94b147c899e246570904c23a537cb8daeb2096ce52d,15670.526088,0.478
e572651326f1337845b6b98e94175d4dc9ec1338a73d1ab7ac61170ccaf88297,d92f8485c6246b3992a693f22bcc446a2f3d552d1b0cecc3fe637dec8f61e1ac,15680.640461,38.230
739faf50968804bd83adaade1c616b404ad02f354b6bb167295319b0ae5d9899,ca74b92087483a16a012c94b147c899e246570904c23a537cb8daeb2096ce52d,15683.364233,1.675
739faf50968804bd83adaade1c616b404ad02f354b6bb167295319b0ae5d9899,ca74b92087483a16a012c94b147c899e246570904c23a537cb8daeb2096ce52d,15686.936064,0.734
739faf50968804bd83adaade1c616b404ad02f354b6bb167295319b0ae5d9899,ca74b92087483a16a012c94b147c899e246570904c23a537cb8daeb2096ce52d,15692.007930,1.239
b34e792718773cd207a3d3bb54979d4952f301dd15d6f091f57008f075958309,2f796c78515eb95a2d835ebf50326db182a91dce43f6d21d5785e80565851355,15692.739190,3.608
e572651326f1337845b6b98e94175d4dc9ec1338a73d1ab7ac61170ccaf88297,d92f8485c6246b3992a693f22bcc446a2f3d552d1b0cecc3fe637dec8f61e1ac,15694.674858,66.954
e572651326f1337845b6b98e94175d4dc9ec1338a73d1ab7ac61170ccaf88297,d92f8485c6246b3992a693f22bcc446a2f3d552d1b0cecc3fe637dec8f61e1ac,15707.894048,107.273
f4930f068e300bc29cc1ba31414e01d1eaf55b1607c65985536c868ec9323990,f98b902a5d78635ca9426bf7b222c0f2e63e8316254891c86ab6c55292b5c8b2,15714.288676,0.135
739faf50968804bd83adaade1c616b404ad02f354b6bb167295319b0ae5d9899,ca74b92087483a16a012c94b147c899e246570904c23a537cb8daeb2096ce52d,15716.442464,0.489
e572651326f1337845b6b98e94175d4dc9ec1338a73d1ab7ac61170ccaf88297,518cd8f12974202d11b5a16a5437a6a560186fbe9584862c601084cbc18761c6,15724.153957,0.213
e572651326f1337845b6b98e94175d4dc9ec1338a73d1ab7ac61170ccaf88297,d92f8485c6246b3992a693f22bcc446a2f3d552d1b0cecc3fe637dec8f61e1ac,15728.796375,44.039
99ae030b60cf247520cab75889c7e2f4c8be9422fce8cc2dc30c53820d8e487b,68b7a052a1a75027d0ba4031c39237121a4d32fa66b59c585684af85c61349ac,15730.385397,0.232
d9c9a39425c8044015e05eaf8330a6e48bad0e3edf1ec032098fb2c8b045c0b9,7fd157a7b694ec9235842e5191f04eb673f536c6f3bb37a9dc868eaeb977de9b,15730.491762,1.185
739faf50968804bd83adaade1c616b404ad02f354b6bb167295319b0ae5d9899,ca74b92087483a16a012c94b147c899e246570904c23a537cb8daeb2096ce52d,15746.653312,1.485
e572651326f1337845b6b98e94175d4dc9ec1338a73d1ab7ac61170ccaf88297,518cd8f12974202d11b5a16a5437a6a560186fbe9584862c601084cbc18761c6,15749.731099,0.258
e572651326f1337845b6b98e94175d4dc9ec1338a73d1ab7ac61170ccaf88297,518cd8f12974202d11b5a16a5437a6a560186fbe9584862c601084cbc18761c6,15752.688443,0.255
efcdd56913d0ce6927045a6f4e8bc025d4bc3a901c3f657e7c0c0d52a157e940,d3001621518a70a020141bf2f78060d34d8b1d6a417c7d5ad0650366921617ac,15752.897811,0.265
e572651326f1337845b6b98e94175d4dc9ec1338a73d1ab7ac61170ccaf88297,d92f8485c6246b3992a693f22bcc446a2f3d552d1b0cecc3fe637dec8f61e1ac,15755.465268,75.508
e572651326f1337845b6b98e94175d4dc9ec1338a73d1ab7ac61170ccaf88297,5d5cbd388a16ee5f19e2c8c5df4ac7a74ad36fdc9b8a8b0489074a41d61b6884,15756.668923,12.472
b2446308f35282348f1c6388346d932f610301eaa65bd0c283d8fb949d15e7cc,db87b76b1f5c22aeb78e8ddae62a3f5b78f28580d14b2d7f7f773702f2da3a3b,15758.163799,0.049
739faf50968804bd83adaade1c616b404ad02f354b6bb167295319b0ae5d9899,ca74b92087483a16a012c94b147c899e246570904c23a537cb8daeb2096ce52d,15765.681477,0.346
b2446308f35282348f1c6388346d932f610301eaa65bd0c283d8fb949d15e7cc,d206b500d8a622c7c6e606402b6f218d95ee19d6805d57bd7d6698351eea831a,15766.067910,90.849
cf54d1572c1d632986590f22a8313559a433bd667a10d3d3dae5912dcba6ea78,b259c1e9f9b5415e24c8b3e31485942012cde025f7115eb6c3b87d91de9ef892,15772.806997,0.011
e572651326f1337845b6b98e94175d4dc9ec1338a73d1ab7ac61170ccaf88297,d92f8485c6246b3992a693f22bcc446a2f3d552d1b0cecc3fe637dec8f61e1ac,15780.952929,70.347
a12f22a3f771308d969fd56d18df65bf6960a4101a3daa4cef878997a2e1978b,664c8bd366fc401f874d793373a2aafc5a5a506e2e04d325d5d83557d6df7502,15783.157483,0.051
d9c9a39425c8044015e05eaf8330a6e48bad0e3edf1ec032098fb2c8b045c0b9,7fd157a7b694ec9235842e5191f04eb673f536c6f3bb37a9dc868eaeb977de9b,15789.535243,0.704
87b8ec9b41644a8b32cf64798ee6e0d8d7e5948575669ae9c5a8435a10813266,13220cb8f5b7112c02f2481c968497db0f96a9b6d45bc7204086d9914d5596b5,15790.551066,116.266
cf54d1572c1d632986590f22a8313559a433bd667a10d3d3dae5912dcba6ea78,b259c1e9f9b5415e24c8b3e31485942012cde025f7115eb6c3b87d91de9ef892,15790.626990,0.076
f7b8083a0342944f477b97a321506ae52fc6e2e76bf6042f2280c281f43ee10d,d414dfb669aa29482336ef26db33feead9a3bd71190ba5d44412a9f8bedf26de,15799.165164,34.459
b2446308f35282348f1c6388346d932f610301eaa65bd0c283d8fb949d15e7cc,db87b76b1f5c22aeb78e8ddae62a3f5b78f28580d14b2d7f7f773702f2da3a3b,15800.122455,0.035
739faf50968804bd83adaade1c616b404ad02f354b6bb167295319b0ae5d9899,ca74b92087483a16a012c94b147c899e246570904c23a537cb8daeb2096ce52d,15811.146228,0.524
d9c9a39425c8044015e05eaf8330a6e48bad0e3edf1ec032098fb2c8b045c0b9,55b5c6b8e25e560a5244c522674fa8ad6f8dec1b83a702650726d57f2547c47c,15812.559959,0.064
e572651326f1337845b6b98e94175d4dc9ec1338a73d1ab7ac61170ccaf88297,d92f8485c6246b3992a693f22bcc446a2f3d552d1b0cecc3fe637dec8f61e1ac,15814.977076,109.478
87b8ec9b41644a8b32cf64798ee6e0d8d7e5948575669ae9c5a8435a10813266,9d4311638952a6ecefb68603a4ade3f6aedf1ff5a2f359c67bbef939d6a2e6dc,15818.634731,0.390
b2446308f35282348f1c6388346d932f610301eaa65bd0c283d8fb949d15e7cc,d206b500d8a622c7c6e606402b6f218d95ee19d6805d57bd7d6698351eea831a,15826.176413,61.810
739faf50968804bd83adaade1c616b404ad02f354b6bb167295319b0ae5d9899,ca74b92087483a16a012c94b147c899e246570904c23a537cb8daeb2096ce52d,15830.789141,0.483
e572651326f1337845b6b98e94175d4dc9ec1338a73d1ab7ac61170ccaf88297,d92f8485c6246b3992a693f22bcc446a2f3d552d1b0cecc3fe637dec8f61e1ac,15833.186753,52.241
e572651326f1337845b6b98e94175d4dc9ec1338a73d1ab7ac61170ccaf88297,d92f8485c6246b3992a693f22bcc446a2f3d552d1b0cecc3fe637dec8f61e1ac,15837.187437,48.083
e572651326f1337845b6b98e94175d4dc9ec1338a73d1ab7ac61170ccaf88297,d92f8485c6246b3992a693f22bcc446a2f3d552d1b0cecc3fe637dec8f61e1ac,15838.260332,45.087
e572651326f1337845b6b98e94175d4dc9ec1338a73d1ab7ac61170ccaf88297,d92f8485c6246b3992a693f22bcc446a2f3d552d1b0cecc3fe637dec8f61e1ac,15838.846641,31.763
a279432833a21dc66309e252ef3f48f1ddc9eb706839d037a00b3f9f545c5e2d,9bfe15fe1c84832456da5d671ec99cfd73e0514bf91abfae306da2457af04221,15841.457115,2.991
739faf50968804bd83adaade1c616b404ad02f354b6bb167295319b0ae5d9899,ca74b92087483a16a012c94b147c899e246570904c23a537cb8daeb2096ce52d,15841.630803,0.502
cf54d1572c1d632986590f22a8313559a433bd667a10d3d3dae5912dcba6ea78,b259c1e9f9b5415e24c8b3e31485942012cde025f7115eb6c3b87d91de9ef892,15846.289188,0.057
739faf50968804bd83adaade1c616b404ad02f354b6bb167295319b0ae5d9899,ca74b92087483a16a012c94b147c899e246570904c23a537cb8daeb2096ce52d,15847.013919,0.508
739faf50968804bd83adaade1c616b404ad02f354b6bb167295319b0ae5d9899,ca74b92087483a16a012c94b147c899e246570904c23a537cb8daeb2096ce52d,15857.475099,0.587
e572651326f1337845b6b98e94175d4dc9ec1338a73d1ab7ac61170ccaf88297,d92f8485c6246b3992a693f22bcc446a2f3d552d1b0cecc3fe637dec8f61e1ac,15859.146380,36.303
b34e792718773cd207a3d3bb54979d4952f301dd15d6f091f57008f075958309,2f796c78515eb95a2d835ebf50326db182a91dce43f6d21d5785e80565851355,15866.621501,3.789
739faf50968804bd83adaade1c616b404ad02f354b6bb167295319b0ae5d9899,ca74b92087483a16a012c94b147c899e246570904c23a537cb8daeb2096ce52d,15871.567204,0.915
739faf50968804bd83adaade1c616b404ad02f354b6bb167295319b0ae5d9899,ca74b92087483a16a012c94b147c899e246570904c23a537cb8daeb2096ce52d,15872.493735,1.056
e572651326f1337845b6b98e94175d4dc9ec1338a73d1ab7ac61170ccaf88297,d92f8485c6246b3992a693f22bcc446a2f3d552d1b0cecc3fe637dec8f61e1ac,15872.506877,92.454
d9c9a39425c8044015e05eaf8330a6e48bad0e3edf1ec032098fb2c8b045c0b9,55b5c6b8e25e560a5244c522674fa8ad6f8dec1b83a702650726d57f2547c47c,15878.687483,0.028
b2446308f35282348f1c6388346d932f610301eaa65bd0c283d8fb949d15e7cc,db87b76b1f5c22aeb78e8ddae62a3f5b78f28580d14b2d7f7f773702f2da3a3b,15881.617616,0.062
739faf50968804bd83adaade1c616b404ad02f354b6bb167295319b0ae5d9899,ca74b92087483a16a012c94b147c899e246570904c23a537cb8daeb2096ce52d,15888.481776,1.747
d9c9a39425c8044015e05eaf8330a6e48bad0e3edf1ec032098fb2c8b045c0b9,7fd157a7b694ec9235842e5191f04eb673f536c6f3bb37a9dc868eaeb977de9b,15890.096394,1.191
739faf50968804bd83adaade1c616b404ad02f354b6bb167295319b0ae5d9899,ca74b92087483a16a012c94b147c899e246570904c23a537cb8daeb2096ce52d,15894.417400,0.315
aa09fd0de23af2f42704ea3f7a832860e356cb21fbe99fb4c513e0ac64da3ce9,a7220d0ede28b7b3aa0f0607ca44f14e871e76cab8c30bfd0134e64230326622,15896.254949,0.013
d9c9a39425c8044015e05eaf8330a6e48bad0e3edf1ec032098fb2c8b045c0b9,55b5c6b8e25e560a5244c522674fa8ad6f8dec1b83a702650726d57f2547c47c,15899.336251,0.125
a7cf2f4bb45576518350fb91bb84800146f1dc257896e3b46b901095987e2a1c,6a144e613e2220f49247934c6e896484265f3763008c3235599da7133c320b63,15900.744866,0.223
a7cf2f4bb45576518350fb91bb84800146f1dc257896e3b46b901095987e2a1c,6a144e613e2220f49247934c6e896484265f3763008c3235599da7133c320b63,15912.412168,0.251
a12f22a3f771308d969fd56d18df65bf6960a4101a3daa4cef878997a2e1978b,5c9849d631846bbec88a0601bf6b0ba43d9e757dbe6f64ca8e4875ba49f7b794,15917.431181,5.174
e572651326f1337845b6b98e94175d4dc9ec1338a73d1ab7ac61170ccaf88297,5d5cbd388a16ee5f19e2c8c5df4ac7a74ad36fdc9b8a8b0489074a41d61b6884,15918.885598,5.611
d9c9a39425c8044015e05eaf8330a6e48bad0e3edf1ec032098fb2c8b045c0b9,55b5c6b8e25e560a5244c522674fa8ad6f8dec1b83a702650726d57f2547c47c,15923.291882,0.057
efcdd56913d0ce6927045a6f4e8bc025d4bc3a901c3f657e7c0c0d52a157e940,d3001621518a70a020141bf2f78060d34d8b1d6a417c7d5ad0650366921617ac,15928.624151,0.117
739faf50968804bd83adaade1c616b404ad02f354b6bb167295319b0ae5d9899,ca74b92087483a16a012c94b147c899e246570904c23a537cb8daeb2096ce52d,15932.000058,0.313
e572651326f1337845b6b98e94175d4dc9ec1338a73d1ab7ac61170ccaf88297,d92f8485c6246b3992a693f22bcc446a2f3d552d1b0cecc3fe637dec8f61e1ac,15935.905836,122.077
739faf50968804bd83adaade1c616b404ad02f354b6bb167295319b0ae5d9899,ca74b92087483a16a012c94b147c899e246570904c23a537cb8daeb2096ce52d,15936.132886,0.300
e572651326f1337845b6b98e94175d4dc9ec1338a73d1ab7ac61170ccaf88297,d92f8485c6246b3992a693f22bcc446a2f3d552d1b0cecc3fe637dec8f61e1ac,15938.871181,18.076
739faf50968804bd83adaade1c616b404ad02f354b6bb167295319b0ae5d9899,ca74b92087483a16a012c94b147c899e246570904c23a537cb8daeb2096ce52d,15943.516629,0.416
739faf50968804bd83adaade1c616b404ad02f354b6bb167295319b0ae5d9899,ca74b92087483a16a012c94b147c899e246570904c23a537cb8daeb2096ce52d,15944.445065,0.775
e572651326f1337845b6b98e94175d4dc9ec1338a73d1ab7ac61170ccaf88297,d92f8485c6246b3992a693f22bcc446a2f3d552d1b0cecc3fe637dec8f61e1ac,15949.018206,104.279
739faf50968804bd83adaade1c616b404ad02f354b6bb167295319b0ae5d9899,ca74b92087483a16a012c94b147c899e246570904c23a537cb8daeb2096ce52d,15949.518740,1.608
f7b8083a0342944f477b97a321506ae52fc6e2e76bf6042f2280c281f43ee10d,d414dfb669aa29482336ef26db33feead9a3bd71190ba5d44412a9f8bedf26de,15957.523304,12.948
739faf50968804bd83adaade1c616b404ad02f354b6bb167295319b0ae5d9899,ca74b92087483a16a012c94b147c899e246570904c23a537cb8daeb2096ce52d,15967.728918,0.557
d9c9a39425c8044015e05eaf8330a6e48bad0e3edf1ec032098fb2c8b045c0b9,55b5c6b8e25e560a5244c522674fa8ad6f8dec1b83a702650726d57f2547c47c,15968.731418,0.033
739faf50968804bd83adaade1c616b404ad02f354b6bb167295319b0ae5d9899,ca74b92087483a16a012c94b147c899e246570904c23a537cb8daeb2096ce52d,15974.232533,0.604
cf54d1572c1d632986590f22a8313559a433bd667a10d3d3dae5912dcba6ea78,b259c1e9f9b5415e24c8b3e31485942012cde025f7115eb6c3b87d91de9ef892,15980.777605,0.041
a12f22a3f771308d969fd56d18df65bf6960a4101a3daa4cef878997a2e1978b,664c8bd366fc401f874d793373a2aafc5a5a506e2e04d325d5d83557d6df7502,15983.876106,0.041
cf54d1572c1d632986590f22a8313559a433bd667a10d3d3dae5912dcba6ea78,b259c1e9f9b5415e24c8b3e31485942012cde025f7115eb6c3b87d91de9ef892,15985.381896,0.105
739faf50968804bd83adaade1c616b404ad02f354b6bb167295319b0ae5d9899,ca74b92087483a16a012c94b147c899e246570904c23a537cb8daeb2096ce52d,15989.011606,1.503
e572651326f1337845b6b98e94175d4dc9ec1338a73d1ab7ac61170ccaf88297,518cd8f12974202d11b5a16a5437a6a560186fbe9584862c601084cbc18761c6,15990.259959,0.082
e572651326f1337845b6b98e94175d4dc9ec1338a73d1ab7ac61170ccaf88297,518cd8f12974202d11b5a16a5437a6a560186fbe9584862c601084cbc18761c6,15994.308558,0.465
b34e792718773cd207a3d3bb54979d4952f301dd15d6f091f57008f075958309,2f796c78515eb95a2d835ebf50326db182a91dce43f6d21d5785e80565851355,16001.904793,5.574
b34e792718773cd207a3d3bb54979d4952f301dd15d6f091f57008f075958309,541379714c2250706dfd8b76765ae74953f871377238b361a8666f510afeba58,16003.369530,101.939
eddb92315799e0eaf5d18b84bc5948186fbc33c0190b04c815d75765a979435c,9ecd2766ee6bd299d23bbc00b9a905d490ebeb2e675d857ef4f1bd4d5877c065,16007.887122,13.138
739faf50968804bd83adaade1c616b404ad02f354b6bb167295319b0ae5d9899,ca74b92087483a16a012c94b147c899e246570904c23a537cb8daeb2096ce52d,16008.504009,0.305
e572651326f1337845b6b98e94175d4dc9ec1338a73d1ab7ac61170ccaf88297,d92f8485c6246b3992a693f22bcc446a2f3d552d1b0cecc3fe637dec8f61e1ac,16014.522849,103.711
64db848c9bc5db515c94ab30eee3c35decfe835ca8a6c40b0821fe30aaa04cdb,f219acf93580c06f4504a74e90b2f826094f3544ca2f60a49b929ab5d1f80d31,16020.350908,2.349
739faf50968804bd83adaade1c616b404ad02f354b6bb167295319b0ae5d9899,ca74b92087483a16a012c94b147c899e246570904c23a537cb8daeb2096ce52d,16021.559573,0.295
739faf50968804bd83adaade1c616b404ad02f354b6bb167295319b0ae5d9899,ca74b92087483a16a012c94b147c899e246570904c23a537cb8daeb2096ce52d,16028.354569,0.404
e572651326f1337845b6b98e94175d4dc9ec1338a73d1ab7ac61170ccaf88297,d92f8485c6246b3992a693f22bcc446a2f3d552d1b0cecc3fe637dec8f61e1ac,16029.478667,36.259
739faf50968804bd83adaade1c616b404ad02f354b6bb167295319b0ae5d9899,ca74b92087483a16a012c94b147c899e246570904c23a537cb8daeb2096ce52d,16030.409850,0.549
b2446308f35282348f1c6388346d932f610301eaa65bd0c283d8fb949d15e7cc,d206b500d8a622c7c6e606402b6f218d95ee19d6805d57bd7d6698351eea831a,16035.334608,42.533
739faf50968804bd83adaade1c616b404ad02f354b6bb167295319b0ae5d9899,ca74b92087483a16a012c94b147c899e246570904c23a537cb8daeb2096ce52d,16035.348881,0.755
b2446308f35282348f1c6388346d932f610301eaa65bd0c283d8fb949d15e7cc,d206b500d8a622c7c6e606402b6f218d95ee19d6805d57bd7d6698351eea831a,16044.590183,33.883
a12f22a3f771308d969fd56d18df65bf6960a4101a3daa4cef878997a2e1978b,664c8bd366fc401f874d793373a2aafc5a5a506e2e04d325d5d83557d6df7502,16049.263041,0.022
b2446308f35282348f1c6388346d932f610301eaa65bd0c283d8fb949d15e7cc,db87b76b1f5c22aeb78e8ddae62a3f5b78f28580d14b2d7f7f773702f2da3a3b,16055.039379,0.125
e572651326f1337845b6b98e94175d4dc9ec1338a73d1ab7ac61170ccaf88297,d92f8485c6246b3992a693f22bcc446a2f3d552d1b0cecc3fe637dec8f61e1ac,16056.579876,69.049
e572651326f1337845b6b98e94175d4dc9ec1338a73d1ab7ac61170ccaf88297,d92f8485c6246b3992a693f22bcc446a2f3d552d1b0cecc3fe637dec8f61e1ac,16059.408709,23.066
e572651326f1337845b6b98e94175d4dc9ec1338a73d1ab7ac61170ccaf88297,5d5cbd388a16ee5f19e2c8c5df4ac7a74ad36fdc9b8a8b0489074a41d61b6884,16068.677845,20.980
739faf50968804bd83adaade1c616b404ad02f354b6bb167295319b0ae5d9899,ca74b92087483a16a012c94b147c899e246570904c23a537cb8daeb2096ce52d,16071.991415,1.453
a12f22a3f771308d969fd56d18df65bf6960a4101a3daa4cef878997a2e1978b,5c9849d631846bbec88a0601bf6b0ba43d9e757dbe6f64ca8e4875ba49f7b794,16075.939500,26.095
739faf50968804bd83adaade1c616b404ad02f354b6bb167295319b0ae5d9899,ca74b92087483a16a012c94b147c899e246570904c23a537cb8daeb2096ce52d,16081.987041,0.555
87b8ec9b41644a8b32cf64798ee6e0d8d7e5948575669ae9c5a8435a10813266,13220cb8f5b7112c02f2481c968497db0f96a9b6d45bc7204086d9914d5596b5,16085.279205,29.152
f4930f068e300bc29cc1ba31414e01d1eaf55b1607c65985536c868ec9323990,f98b902a5d78635ca9426bf7b222c0f2e63e8316254891c86ab6c55292b5c8b2,16089.033339,0.126
a12f22a3f771308d969fd56d18df65bf6960a4101a3daa4cef878997a2e1978b,5c9849d631846bbec88a0601bf6b0ba43d9e757dbe6f64ca8e4875ba49f7b794,16094.645269,6.721
739faf50968804bd83adaade1c616b404ad02f354b6bb167295319b0ae5d9899,ca74b92087483a16a012c94b147c899e246570904c23a537cb8daeb2096ce52d,16097.977262,0.449
f4930f068e300bc29cc1ba31414e01d1eaf55b1607c65985536c868ec9323990,46a59e3a4d9e4fefe6b34e678125ce95ab071f1126ec503557f26ec575c1941b,16104.786638,1.235
739faf50968804bd83adaade1c616b404ad02f354b6bb167295319b0ae5d9899,ca74b92087483a16a012c94b147c899e246570904c23a537cb8daeb2096ce52d,16107.057725,0.982
cf54d1572c1d632986590f22a8313559a433bd667a10d3d3dae5912dcba6ea78,b259c1e9f9b5415e24c8b3e31485942012cde025f7115eb6c3b87d91de9ef892,16110.517477,0.040
f7b8083a0342944f477b97a321506ae52fc6e2e76bf6042f2280c281f43ee10d,4b2c05f30bc5080fb3ff505c4051509a4406f733b9ccd3386fa0900f3ae0d9bf,16113.186998,0.102
d9c9a39425c8044015e05eaf8330a6e48bad0e3edf1ec032098fb2c8b045c0b9,7fd157a7b694ec9235842e5191f04eb673f536c6f3bb37a9dc868eaeb977de9b,16115.493549,0.561
b2446308f35282348f1c6388346d932f610301eaa65bd0c283d8fb949d15e7cc,db87b76b1f5c22aeb78e8ddae62a3f5b78f28580d14b2d7f7f773702f2da3a3b,16121.169066,0.051
b34e792718773cd207a3d3bb54979d4952f301dd15d6f091f57008f075958309,2f796c78515eb95a2d835ebf50326db182a91dce43f6d21d5785e80565851355,16123.285216,1.503
7475824cc4748c3fc8576d1ba486950f36d81d9cb5336cc1da801ef313b516d8,c8d99a8658319d5874fe33684bea9d87fab76b5593481d4d66145bec971607b3,16124.032374,0.177
99ae030b60cf247520cab75889c7e2f4c8be9422fce8cc2dc30c53820d8e487b,68b7a052a1a75027d0ba4031c39237121a4d32fa66b59c585684af85c61349ac,16128.057417,0.102
36918b2e6c7d7af242c355afc840cf4665e3ea068cf464571367b9c37779bf80,7256bfbb7f3fd68f57187fc7395b4cbcb317c2abb99ee066d02f0844dbcb8ee7,16134.125249,4.756
7475824cc4748c3fc8576d1ba486950f36d81d9cb5336cc1da801ef313b516d8,eac0d7c37985ac4669b288f34505f79c6df5fc76371ca3b80b783133b39adfbd,16137.242732,80.476
64db848c9bc5db515c94ab30eee3c35decfe835ca8a6c40b0821fe30aaa04cdb,f219acf93580c06f4504a74e90b2f826094f3544ca2f60a49b929ab5d1f80d31,16140.848476,8.663
d9c9a39425c8044015e05eaf8330a6e48bad0e3edf1ec032098fb2c8b045c0b9,7fd157a7b694ec9235842e5191f04eb673f536c6f3bb37a9dc868eaeb977de9b,16144.671619,0.910
e572651326f1337845b6b98e94175d4dc9ec1338a73d1ab7ac61170ccaf88297,d92f8485c6246b3992a693f22bcc446a2f3d552d1b0cecc3fe637dec8f61e1ac,16151.983205,24.141
eddb92315799e0eaf5d18b84bc5948186fbc33c0190b04c815d75765a979435c,78ec164daacd5c9e215e76ca4dfb2d1ef3a94743f8b329a281a0e9782a09f749,16152.107674,27.946
739faf50968804bd83adaade1c616b404ad02f354b6bb167295319b0ae5d9899,ca74b92087483a16a012c94b147c899e246570904c23a537cb8daeb2096ce52d,16155.996977,0.376
d9c9a39425c8044015e05eaf8330a6e48bad0e3edf1ec032098fb2c8b045c0b9,7fd157a7b694ec9235842e5191f04eb673f536c6f3bb37a9dc868eaeb977de9b,16157.113141,0.529
739faf50968804bd83adaade1c616b404ad02f354b6bb167295319b0ae5d9899,ca74b92087483a16a012c94b147c899e246570904c23a537cb8daeb2096ce52d,16162.896561,1.091
e572651326f1337845b6b98e94175d4dc9ec1338a73d1ab7ac61170ccaf88297,5d5cbd388a16ee5f19e2c8c5df4ac7a74ad36fdc9b8a8b0489074a41d61b6884,16171.866916,22.561
4bd219625127e9d2e12f7eb21015642ad64f42ea61a16f5577db0c2e7a54d4cf,1b9ff14203f132f3ca0342f8491d5b4e61000dbca9a88d6ef78132611cf99466,16175.012980,2.551
4bd219625127e9d2e12f7eb21015642ad64f42ea61a16f5577db0c2e7a54d4cf,1b9ff14203f132f3ca0342f8491d5b4e61000dbca9a88d6ef78132611cf99466,16176.419468,2.913
e572651326f1337845b6b98e94175d4dc9ec1338a73d1ab7ac61170ccaf88297,518cd8f12974202d11b5a16a5437a6a560186fbe9584862c601084cbc18761c6,16186.684696,0.251
739faf50968804bd83adaade1c616b404ad02f354b6bb167295319b0ae5d9899,ca74b92087483a16a012c94b147c899e246570904c23a537cb8daeb2096ce52d,16191.620161,0.524
f4930f068e300bc29cc1ba31414e01d1eaf55b1607c65985536c868ec9323990,46a59e3a4d9e4fefe6b34e678125ce95ab071f1126ec503557f26ec575c1941b,16192.870252,0.192
87b8ec9b41644a8b32cf64798ee6e0d8d7e5948575669ae9c5a8435a10813266,9d4311638952a6ecefb68603a4ade3f6aedf1ff5a2f359c67bbef939d6a2e6dc,16193.628214,0.153
a7cf2f4bb45576518350fb91bb84800146f1dc257896e3b46b901095987e2a1c,6a144e613e2220f49247934c6e896484265f3763008c3235599da7133c320b63,16205.415323,0.209
d9c9a39425c8044015e05eaf8330a6e48bad0e3edf1ec032098fb2c8b045c0b9,55b5c6b8e25e560a5244c522674fa8ad6f8dec1b83a702650726d57f2547c47c,16214.563117,0.040
739faf50968804bd83adaade1c616b404ad02f354b6bb167295319b0ae5d9899,ca74b92087483a16a012c94b147c899e246570904c23a537cb8daeb2096ce52d,16214.736273,0.337
739faf50968804bd83adaade1c616b404ad02f354b6bb167295319b0ae5d9899,ca74b92087483a16a012c94b147c899e246570904c23a537cb8daeb2096ce52d,16221.498978,0.417
a279432833a21dc66309e252ef3f48f1ddc9eb706839d037a00b3f9f545c5e2d,9bfe15fe1c84832456da5d671ec99cfd73e0514bf91abfae306da2457af04221,16223.505144,5.908
e572651326f1337845b6b98e94175d4dc9ec1338a73d1ab7ac61170ccaf88297,5d5cbd388a16ee5f19e2c8c5df4ac7a74ad36fdc9b8a8b0489074a41d61b6884,16228.320370,19.728
e572651326f1337845b6b98e94175d4dc9ec1338a73d1ab7ac61170ccaf88297,d92f8485c6246b3992a693f22bcc446a2f3d552d1b0cecc3fe637dec8f61e1ac,16229.570316,62.293
739faf50968804bd83adaade1c616b404ad02f354b6bb167295319b0ae5d9899,ca74b92087483a16a012c94b147c899e246570904c23a537cb8daeb2096ce52d,16231.766334,1.146
739faf50968804bd83adaade1c616b404ad02f354b6bb167295319b0ae5d9899,ca74b92087483a16a012c94b147c899e246570904c23a537cb8daeb2096ce52d,16236.643089,0.694
e572651326f1337845b6b98e94175d4dc9ec1338a73d1ab7ac61170ccaf88297,d92f8485c6246b3992a693f22bcc446a2f3d552d1b0cecc3fe637dec8f61e1ac,16252.985171,23.257
739faf50968804bd83adaade1c616b404ad02f354b6bb167295319b0ae5d9899,ca74b92087483a16a012c94b147c899e246570904c23a537cb8daeb2096ce52d,16260.170920,0.876
eddb92315799e0eaf5d18b84bc5948186fbc33c0190b04c815d75765a979435c,110010ce3452fe8d402b60888cc981d5c1f099fa94092e745a629835ecdb9f51,16266.407375,0.053
e572651326f1337845b6b98e94175d4dc9ec1338a73d1ab7ac61170ccaf88297,d92f8485c6246b3992a693f22bcc446a2f3d552d1b0cecc3fe637dec8f61e1ac,16279.725188,37.307
a12f22a3f771308d969fd56d18df65bf6960a4101a3daa4cef878997a2e1978b,5c9849d631846bbec88a0601bf6b0ba43d9e757dbe6f64ca8e4875ba49f7b794,16280.188296,4.357
739faf50968804bd83adaade1c616b404ad02f354b6bb167295319b0ae5d9899,ca74b92087483a16a012c94b147c899e246570904c23a537cb8daeb2096ce52d,16281.811877,0.353
e572651326f1337845b6b98e94175d4dc9ec1338a73d1ab7ac61170ccaf88297,d92f8485c6246b3992a693f22bcc446a2f3d552d1b0cecc3fe637dec8f61e1ac,16283.801488,157.365
7475824cc4748c3fc8576d1ba486950f36d81d9cb5336cc1da801ef313b516d8,c8d99a8658319d5874fe33684bea9d87fab76b5593481d4d66145bec971607b3,16286.240449,0.140
739faf50968804bd83adaade1c616b404ad02f354b6bb167295319b0ae5d9899,ca74b92087483a16a012c94b147c899e246570904c23a537cb8daeb2096ce52d,16291.311533,1.877
739faf50968804bd83adaade1c616b404ad02f354b6bb167295319b0ae5d9899,ca74b92087483a16a012c94b147c899e246570904c23a537cb8daeb2096ce52d,16292.034271,1.465
739faf50968804bd83adaade1c616b404ad02f354b6bb167295319b0ae5d9899,ca74b92087483a16a012c94b147c899e246570904c23a537cb8daeb2096ce52d,16295.249277,0.302
e572651326f1337845b6b98e94175d4dc9ec1338a73d1ab7ac61170ccaf88297,5d5cbd388a16ee5f19e2c8c5df4ac7a74ad36fdc9b8a8b0489074a41d61b6884,16309.412595,11.159
739faf50968804bd83adaade1c616b404ad02f354b6bb167295319b0ae5d9899,ca74b92087483a16a012c94b147c899e246570904c23a537cb8daeb2096ce52d,16314.894502,1.228
739faf50968804bd83adaade1c616b404ad02f354b6bb167295319b0ae5d9899,ca74b92087483a16a012c94b147c899e246570904c23a537cb8daeb2096ce52d,16319.960971,1.152
efcdd56913d0ce6927045a6f4e8bc025d4bc3a901c3f657e7c0c0d52a157e940,d3001621518a70a020141bf2f78060d34d8b1d6a417c7d5ad0650366921617ac,16324.349911,0.674
cf54d1572c1d632986590f22a8313559a433bd667a10d3d3dae5912dcba6ea78,b259c1e9f9b5415e24c8b3e31485942012cde025f7115eb6c3b87d91de9ef892,16327.000932,0.042
739faf50968804bd83adaade1c616b404ad02f354b6bb167295319b0ae5d9899,ca74b92087483a16a012c94b147c899e246570904c23a537cb8daeb2096ce52d,16329.901514,0.439
d9c9a39425c8044015e05eaf8330a6e48bad0e3edf1ec032098fb2c8b045c0b9,7fd157a7b694ec9235842e5191f04eb673f536c6f3bb37a9dc868eaeb977de9b,16330.660867,1.067
739faf50968804bd83adaade1c616b404ad02f354b6bb167295319b0ae5d9899,ca74b92087483a16a012c94b147c899e246570904c23a537cb8daeb2096ce52d,16330.749163,0.585
99ae030b60cf247520cab75889c7e2f4c8be9422fce8cc2dc30c53820d8e487b,68b7a052a1a75027d0ba4031c39237121a4d32fa66b59c585684af85c61349ac,16335.735442,0.166
739faf50968804bd83adaade1c616b404ad02f354b6bb167295319b0ae5d9899,ca74b92087483a16a012c94b147c899e246570904c23a537cb8daeb2096ce52d,16335.973123,1.239
d9c9a39425c8044015e05eaf8330a6e48bad0e3edf1ec032098fb2c8b045c0b9,55b5c6b8e25e560a5244c522674fa8ad6f8dec1b83a702650726d57f2547c47c,16339.538108,0.031
e572651326f1337845b6b98e94175d4dc9ec1338a73d1ab7ac61170ccaf88297,d92f8485c6246b3992a693f22bcc446a2f3d552d1b0cecc3fe637dec8f61e1ac,16340.593925,80.095
a279432833a21dc66309e252ef3f48f1ddc9eb706839d037a00b3f9f545c5e2d,96b2b81126ccc77b62f8e30b2d3ae9fd295c3bf035deab650d5cf4c57cf49796,16341.186852,0.077
d9c9a39425c8044015e05eaf8330a6e48bad0e3edf1ec032098fb2c8b045c0b9,7fd157a7b694ec9235842e5191f04eb673f536c6f3bb37a9dc868eaeb977de9b,16343.888950,1.119
e572651326f1337845b6b98e94175d4dc9ec1338a73d1ab7ac61170ccaf88297,d92f8485c6246b3992a693f22bcc446a2f3d552d1b0cecc3fe637dec8f61e1ac,16345.502054,111.221
739faf50968804bd83adaade1c616b404ad02f354b6bb167295319b0ae5d9899,ca74b92087483a16a012c94b147c899e246570904c23a537cb8daeb2096ce52d,16355.173813,0.128
aa09fd0de23af2f42704ea3f7a832860e356cb21fbe99fb4c513e0ac64da3ce9,a7220d0ede28b7b3aa0f0607ca44f14e871e76cab8c30bfd0134e64230326622,16359.198385,0.056
739faf50968804bd83adaade1c616b404ad02f354b6bb167295319b0ae5d9899,ca74b92087483a16a012c94b147c899e246570904c23a537cb8daeb2096ce52d,16364.594256,0.388
f7b8083a0342944f477b97a321506ae52fc6e2e76bf6042f2280c281f43ee10d,4b2c05f30bc5080fb3ff505c4051509a4406f733b9ccd3386fa0900f3ae0d9bf,16366.278471,0.074
64db848c9bc5db515c94ab30eee3c35decfe835ca8a6c40b0821fe30aaa04cdb,f219acf93580c06f4504a74e90b2f826094f3544ca2f60a49b929ab5d1f80d31,16376.169235,2.303
7475824cc4748c3fc8576d1ba486950f36d81d9cb5336cc1da801ef313b516d8,c8d99a8658319d5874fe33684bea9d87fab76b5593481d4d66145bec971607b3,16383.649203,0.433
e572651326f1337845b6b98e94175d4dc9ec1338a73d1ab7ac61170ccaf88297,d92f8485c6246b3992a693f22bcc446a2f3d552d1b0cecc3fe637dec8f61e1ac,16401.020518,21.190
e572651326f1337845b6b98e94175d4dc9ec1338a73d1ab7ac61170ccaf88297,5d5cbd388a16ee5f19e2c8c5df4ac7a74ad36fdc9b8a8b0489074a41d61b6884,16401.377350,27.170
4bd219625127e9d2e12f7eb21015642ad64f42ea61a16f5577db0c2e7a54d4cf,1b9ff14203f132f3ca0342f8491d5b4e61000dbca9a88d6ef78132611cf99466,16408.091639,2.004
e572651326f1337845b6b98e94175d4dc9ec1338a73d1ab7ac61170ccaf88297,518cd8f12974202d11b5a16a5437a6a560186fbe9584862c601084cbc18761c6,16413.188513,0.316
e572651326f1337845b6b98e94175d4dc9ec1338a73d1ab7ac61170ccaf88297,d92f8485c6246b3992a693f22bcc446a2f3d552d1b0cecc3fe637dec8f61e1ac,16429.012699,137.755
e572651326f1337845b6b98e94175d4dc9ec1338a73d1ab7ac61170ccaf88297,d92f8485c6246b3992a693f22bcc446a2f3d552d1b0cecc3fe637dec8f61e1ac,16441.771413,37.286
eddb92315799e0eaf5d18b84bc5948186fbc33c0190b04c815d75765a979435c,110010ce3452fe8d402b60888cc981d5c1f099fa94092e745a629835ecdb9f51,16443.593017,0.051
a279432833a21dc66309e252ef3f48f1ddc9eb706839d037a00b3f9f545c5e2d,7f0b52256911bed19622812b8483c07daf2e9103a269f567068ed939e33a2785,16450.165985,0.382
e572651326f1337845b6b98e94175d4dc9ec1338a73d1ab7ac61170ccaf88297,518cd8f12974202d11b5a16a5437a6a560186fbe9584862c601084cbc18761c6,16450.696085,0.287
739faf50968804bd83adaade1c616b404ad02f354b6bb167295319b0ae5d9899,ca74b92087483a16a012c94b147c899e246570904c23a537cb8daeb2096ce52d,16458.840527,1.244
e572651326f1337845b6b98e94175d4dc9ec1338a73d1ab7ac61170ccaf88297,5d5cbd388a16ee5f19e2c8c5df4ac7a74ad36fdc9b8a8b0489074a41d61b6884,16460.090480,17.470
4bd219625127e9d2e12f7eb21015642ad64f42ea61a16f5577db0c2e7a54d4cf,97c31670ec24a392969c8bc769ded28f0ea827f99e77c918ebe894b02f4511dd,16464.461077,6.485
b2446308f35282348f1c6388346d932f610301eaa65bd0c283d8fb949d15e7cc,d206b500d8a622c7c6e606402b6f218d95ee19d6805d57bd7d6698351eea831a,16465.341452,39.358
f7b8083a0342944f477b97a321506ae52fc6e2e76bf6042f2280c281f43ee10d,4b2c05f30bc5080fb3ff505c4051509a4406f733b9ccd3386fa0900f3ae0d9bf,16469.057971,0.016
d9c9a39425c8044015e05eaf8330a6e48bad0e3edf1ec032098fb2c8b045c0b9,55b5c6b8e25e560a5244c522674fa8ad6f8dec1b83a702650726d57f2547c47c,16470.258152,0.052
739faf50968804bd83adaade1c616b404ad02f354b6bb167295319b0ae5d9899,ca74b92087483a16a012c94b147c899e246570904c23a537cb8daeb2096ce52d,16474.897110,0.717
e572651326f1337845b6b98e94175d4dc9ec1338a73d1ab7ac61170ccaf88297,518cd8f12974202d11b5a16a5437a6a560186fbe9584862c601084cbc18761c6,16478.516825,0.474
739faf50968804bd83adaade1c616b404ad02f354b6bb167295319b0ae5d9899,ca74b92087483a16a012c94b147c899e246570904c23a537cb8daeb2096ce52d,16481.221786,0.497
eddb92315799e0eaf5d18b84bc5948186fbc33c0190b04c815d75765a979435c,78ec164daacd5c9e215e76ca4dfb2d1ef3a94743f8b329a281a0e9782a09f749,16485.561849,49.872
64db848c9bc5db515c94ab30eee3c35decfe835ca8a6c40b0821fe30aaa04cdb,f219acf93580c06f4504a74e90b2f826094f3544ca2f60a49b929ab5d1f80d31,16493.610626,5.396
e572651326f1337845b6b98e94175d4dc9ec1338a73d1ab7ac61170ccaf88297,d92f8485c6246b3992a693f22bcc446a2f3d552d1b0cecc3fe637dec8f61e1ac,16497.712098,63.491
e572651326f1337845b6b98e94175d4dc9ec1338a73d1ab7ac61170ccaf88297,518cd8f12974202d11b5a16a5437a6a560186fbe9584862c601084cbc18761c6,16505.887262,0.091
d9c9a39425c8044015e05eaf8330a6e48bad0e3edf1ec032098fb2c8b045c0b9,7fd157a7b694ec9235842e5191f04eb673f536c6f3bb37a9dc868eaeb977de9b,16507.418692,0.314
739faf50968804bd83adaade1c616b404ad02f354b6bb167295319b0ae5d9899,ca74b92087483a16a012c94b147c899e246570904c23a537cb8daeb2096ce52d,16508.034445,0.870
87b8ec9b41644a8b32cf64798ee6e0d8d7e5948575669ae9c5a8435a10813266,9d4311638952a6ecefb68603a4ade3f6aedf1ff5a2f359c67bbef939d6a2e6dc,16508.204896,0.188
739faf50968804bd83adaade1c616b404ad02f354b6bb167295319b0ae5d9899,ca74b92087483a16a012c94b147c899e246570904c23a537cb8daeb2096ce52d,16518.065450,0.290
b2446308f35282348f1c6388346d932f610301eaa65bd0c283d8fb949d15e7cc,d206b500d8a622c7c6e606402b6f218d95ee19d6805d57bd7d6698351eea831a,16518.246222,128.595
739faf50968804bd83adaade1c616b404ad02f354b6bb167295319b0ae5d9899,ca74b92087483a16a012c94b147c899e246570904c23a537cb8daeb2096ce52d,16522.506022,0.817
f7b8083a0342944f477b97a321506ae52fc6e2e76bf6042f2280c281f43ee10d,4b2c05f30bc5080fb3ff505c4051509a4406f733b9ccd3386fa0900f3ae0d9bf,16524.793767,0.046
cf54d1572c1d632986590f22a8313559a433bd667a10d3d3dae5912dcba6ea78,b259c1e9f9b5415e24c8b3e31485942012cde025f7115eb6c3b87d91de9ef892,16526.161524,0.017
87b8ec9b41644a8b32cf64798ee6e0d8d7e5948575669ae9c5a8435a10813266,9d4311638952a6ecefb68603a4ade3f6aedf1ff5a2f359c67bbef939d6a2e6dc,16539.329311,0.212
739faf50968804bd83adaade1c616b404ad02f354b6bb167295319b0ae5d9899,ca74b92087483a16a012c94b147c899e246570904c23a537cb8daeb2096ce52d,16542.080125,0.698
739faf50968804bd83adaade1c616b404ad02f354b6bb167295319b0ae5d9899,ca74b92087483a16a012c94b147c899e246570904c23a537cb8daeb2096ce52d,16546.896265,0.678
739faf50968804bd83adaade1c616b404ad02f354b6bb167295319b0ae5d9899,ca74b92087483a16a012c94b147c899e246570904c23a537cb8daeb2096ce52d,16547.620409,1.419
739faf50968804bd83adaade1c616b404ad02f354b6bb167295319b0ae5d9899,ca74b92087483a16a012c94b147c899e246570904c23a537cb8daeb2096ce52d,16556.563087,2.234
d9c9a39425c8044015e05eaf8330a6e48bad0e3edf1ec032098fb2c8b045c0b9,55b5c6b8e25e560a5244c522674fa8ad6f8dec1b83a702650726d57f2547c47c,16559.638412,0.018
36918b2e6c7d7af242c355afc840cf4665e3ea068cf464571367b9c37779bf80,7256bfbb7f3fd68f57187fc7395b4cbcb317c2abb99ee066d02f0844dbcb8ee7,16560.903624,2.242
7475824cc4748c3fc8576d1ba486950f36d81d9cb5336cc1da801ef313b516d8,eac0d7c37985ac4669b288f34505f79c6df5fc76371ca3b80b783133b39adfbd,16563.514195,59.964
64db848c9bc5db515c94ab30eee3c35decfe835ca8a6c40b0821fe30aaa04cdb,f219acf93580c06f4504a74e90b2f826094f3544ca2f60a49b929ab5d1f80d31,16566.833166,1.814
739faf50968804bd83adaade1c616b404ad02f354b6bb167295319b0ae5d9899,ca74b92087483a16a012c94b147c899e246570904c23a537cb8daeb2096ce52d,16570.598138,0.211
87b8ec9b41644a8b32cf64798ee6e0d8d7e5948575669ae9c5a8435a10813266,b85146d6fb2fb1b37a7b668f36287a534543da7a2bc393eac28fd9e974908af0,16586.755810,2.303
739faf50968804bd83adaade1c616b404ad02f354b6bb167295319b0ae5d9899,ca74b92087483a16a012c94b147c899e246570904c23a537cb8daeb2096ce52d,16592.725657,1.285
d9c9a39425c8044015e05eaf8330a6e48bad0e3edf1ec032098fb2c8b045c0b9,55b5c6b8e25e560a5244c522674fa8ad6f8dec1b83a702650726d57f2547c47c,16610.019501,0.132
d9c9a39425c8044015e05eaf8330a6e48bad0e3edf1ec032098fb2c8b045c0b9,55b5c6b8e25e560a5244c522674fa8ad6f8dec1b83a702650726d57f2547c47c,16610.220444,0.055
36918b2e6c7d7af242c355afc840cf4665e3ea068cf464571367b9c37779bf80,7256bfbb7f3fd68f57187fc7395b4cbcb317c2abb99ee066d02f0844dbcb8ee7,16610.824642,2.684
f7b8083a0342944f477b97a321506ae52fc6e2e76bf6042f2280c281f43ee10d,4b2c05f30bc5080fb3ff505c4051509a4406f733b9ccd3386fa0900f3ae0d9bf,16616.007010,0.042
e572651326f1337845b6b98e94175d4dc9ec1338a73d1ab7ac61170ccaf88297,5d5cbd388a16ee5f19e2c8c5df4ac7a74ad36fdc9b8a8b0489074a41d61b6884,16617.930371,9.637
d9c9a39425c8044015e05eaf8330a6e48bad0e3edf1ec032098fb2c8b045c0b9,55b5c6b8e25e560a5244c522674fa8ad6f8dec1b83a702650726d57f2547c47c,16624.792272,0.108
739faf50968804bd83adaade1c616b404ad02f354b6bb167295319b0ae5d9899,ca74b92087483a16a012c94b147c899e246570904c23a537cb8daeb2096ce52d,16625.669103,0.919
e572651326f1337845b6b98e94175d4dc9ec1338a73d1ab7ac61170ccaf88297,d92f8485c6246b3992a693f22bcc446a2f3d552d1b0cecc3fe637dec8f61e1ac,16629.725655,44.299
e572651326f1337845b6b98e94175d4dc9ec1338a73d1ab7ac61170ccaf88297,518cd8f12974202d11b5a16a5437a6a560186fbe9584862c601084cbc18761c6,16629.923697,0.245
87b8ec9b41644a8b32cf64798ee6e0d8d7e5948575669ae9c5a8435a10813266,9d4311638952a6ecefb68603a4ade3f6aedf1ff5a2f359c67bbef939d6a2e6dc,16630.334390,0.201
739faf50968804bd83adaade1c616b404ad02f354b6bb167295319b0ae5d9899,ca74b92087483a16a012c94b147c899e246570904c23a537cb8daeb2096ce52d,16632.560990,0.972
e572651326f1337845b6b98e94175d4dc9ec1338a73d1ab7ac61170ccaf88297,d92f8485c6246b3992a693f22bcc446a2f3d552d1b0cecc3fe637dec8f61e1ac,16633.718819,75.785
739faf50968804bd83adaade1c616b404ad02f354b6bb167295319b0ae5d9899,ca74b92087483a16a012c94b147c899e246570904c23a537cb8daeb2096ce52d,16638.487770,0.862
a12f22a3f771308d969fd56d18df65bf6960a4101a3daa4cef878997a2e1978b,664c8bd366fc401f874d793373a2aafc5a5a506e2e04d325d5d83557d6df7502,16641.357809,0.029
b34e792718773cd207a3d3bb54979d4952f301dd15d6f091f57008f075958309,541379714c2250706dfd8b76765ae74953f871377238b361a8666f510afeba58,16659.598066,36.261
eddb92315799e0eaf5d18b84bc5948186fbc33c0190b04c815d75765a979435c,110010ce3452fe8d402b60888cc981d5c1f099fa94092e745a629835ecdb9f51,16667.132554,0.030
739faf50968804bd83adaade1c616b404ad02f354b6bb167295319b0ae5d9899,ca74b92087483a16a012c94b147c899e246570904c23a537cb8daeb2096ce52d,16667.942400,1.789
87b8ec9b41644a8b32cf64798ee6e0d8d7e5948575669ae9c5a8435a10813266,b85146d6fb2fb1b37a7b668f36287a534543da7a2bc393eac28fd9e974908af0,16674.820589,8.090
e572651326f1337845b6b98e94175d4dc9ec1338a73d1ab7ac61170ccaf88297,5d5cbd388a16ee5f19e2c8c5df4ac7a74ad36fdc9b8a8b0489074a41d61b6884,16676.693871,15.024
d9c9a39425c8044015e05eaf8330a6e48bad0e3edf1ec032098fb2c8b045c0b9,55b5c6b8e25e560a5244c522674fa8ad6f8dec1b83a702650726d57f2547c47c,16679.232773,0.085
739faf50968804bd83adaade1c616b404ad02f354b6bb167295319b0ae5d9899,ca74b92087483a16a012c94b147c899e246570904c23a537cb8daeb2096ce52d,16682.208421,0.947
aa09fd0de23af2f42704ea3f7a832860e356cb21fbe99fb4c513e0ac64da3ce9,a7220d0ede28b7b3aa0f0607ca44f14e871e76cab8c30bfd0134e64230326622,16682.557985,0.036
f7b8083a0342944f477b97a321506ae52fc6e2e76bf6042f2280c281f43ee10d,d414dfb669aa29482336ef26db33feead9a3bd71190ba5d44412a9f8bedf26de,16684.385828,33.702
f7b8083a0342944f477b97a321506ae52fc6e2e76bf6042f2280c281f43ee10d,d414dfb669aa29482336ef26db33feead9a3bd71190ba5d44412a9f8bedf26de,16685.674036,13.970
739faf50968804bd83adaade1c616b404ad02f354b6bb167295319b0ae5d9899,ca74b92087483a16a012c94b147c899e246570904c23a537cb8daeb2096ce52d,16688.204096,0.886
a12f22a3f771308d969fd56d18df65bf6960a4101a3daa4cef878997a2e1978b,5c9849d631846bbec88a0601bf6b0ba43d9e757dbe6f64ca8e4875ba49f7b794,16699.521888,4.343
e572651326f1337845b6b98e94175d4dc9ec1338a73d1ab7ac61170ccaf88297,d92f8485c6246b3992a693f22bcc446a2f3d552d1b0cecc3fe637dec8f61e1ac,16705.006771,18.739
739faf50968804bd83adaade1c616b404ad02f354b6bb167295319b0ae5d9899,ca74b92087483a16a012c94b147c899e246570904c23a537cb8daeb2096ce52d,16713.400710,0.357
e572651326f1337845b6b98e94175d4dc9ec1338a73d1ab7ac61170ccaf88297,5d5cbd388a16ee5f19e2c8c5df4ac7a74ad36fdc9b8a8b0489074a41d61b6884,16723.486461,49.019
b2446308f35282348f1c6388346d932f610301eaa65bd0c283d8fb949d15e7cc,db87b76b1f5c22aeb78e8ddae62a3f5b78f28580d14b2d7f7f773702f2da3a3b,16724.444432,0.046
e572651326f1337845b6b98e94175d4dc9ec1338a73d1ab7ac61170ccaf88297,d92f8485c6246b3992a693f22bcc446a2f3d552d1b0cecc3fe637dec8f61e1ac,16728.545027,164.466
87b8ec9b41644a8b32cf64798ee6e0d8d7e5948575669ae9c5a8435a10813266,b85146d6fb2fb1b37a7b668f36287a534543da7a2bc393eac28fd9e974908af0,16729.008421,2.671
e572651326f1337845b6b98e94175d4dc9ec1338a73d1ab7ac61170ccaf88297,518cd8f12974202d11b5a16a5437a6a560186fbe9584862c601084cbc18761c6,16730.005139,0.248
efcdd56913d0ce6927045a6f4e8bc025d4bc3a901c3f657e7c0c0d52a157e940,d3001621518a70a020141bf2f78060d34d8b1d6a417c7d5ad0650366921617ac,16734.168241,0.431
739faf50968804bd83adaade1c616b404ad02f354b6bb167295319b0ae5d9899,ca74b92087483a16a012c94b147c899e246570904c23a537cb8daeb2096ce52d,16743.683672,0.607
b2446308f35282348f1c6388346d932f610301eaa65bd0c283d8fb949d15e7cc,db87b76b1f5c22aeb78e8ddae62a3f5b78f28580d14b2d7f7f773702f2da3a3b,16747.951110,0.021
739faf50968804bd83adaade1c616b404ad02f354b6bb167295319b0ae5d9899,ca74b92087483a16a012c94b147c899e246570904c23a537cb8daeb2096ce52d,16761.188537,1.186
e572651326f1337845b6b98e94175d4dc9ec1338a73d1ab7ac61170ccaf88297,518cd8f12974202d11b5a16a5437a6a560186fbe9584862c601084cbc18761c6,16761.352014,0.242
e572651326f1337845b6b98e94175d4dc9ec1338a73d1ab7ac61170ccaf88297,5d5cbd388a16ee5f19e2c8c5df4ac7a74ad36fdc9b8a8b0489074a41d61b6884,16770.312790,29.755
e572651326f1337845b6b98e94175d4dc9ec1338a73d1ab7ac61170ccaf88297,d92f8485c6246b3992a693f22bcc446a2f3d552d1b0cecc3fe637dec8f61e1ac,16777.667456,73.259
e572651326f1337845b6b98e94175d4dc9ec1338a73d1ab7ac61170ccaf88297,d92f8485c6246b3992a693f22bcc446a2f3d552d1b0cecc3fe637dec8f61e1ac,16777.947790,34.668
87b8ec9b41644a8b32cf64798ee6e0d8d7e5948575669ae9c5a8435a10813266,9d4311638952a6ecefb68603a4ade3f6aedf1ff5a2f359c67bbef939d6a2e6dc,16782.675724,0.355
739faf50968804bd83adaade1c616b404ad02f354b6bb167295319b0ae5d9899,ca74b92087483a16a012c94b147c899e246570904c23a537cb8daeb2096ce52d,16791.607864,0.932
e572651326f1337845b6b98e94175d4dc9ec1338a73d1ab7ac61170ccaf88297,d92f8485c6246b3992a693f22bcc446a2f3d552d1b0cecc3fe637dec8f61e1ac,16791.699788,17.590
e572651326f1337845b6b98e94175d4dc9ec1338a73d1ab7ac61170ccaf88297,518cd8f12974202d11b5a16a5437a6a560186fbe9584862c601084cbc18761c6,16797.266065,0.337
b2446308f35282348f1c6388346d932f610301eaa65bd0c283d8fb949d15e7cc,db87b76b1f5c22aeb78e8ddae62a3f5b78f28580d14b2d7f7f773702f2da3a3b,16798.391674,0.047
e572651326f1337845b6b98e94175d4dc9ec1338a73d1ab7ac61170ccaf88297,5d5cbd388a16ee5f19e2c8c5df4ac7a74ad36fdc9b8a8b0489074a41d61b6884,16799.878807,6.637
d9c9a39425c8044015e05eaf8330a6e48bad0e3edf1ec032098fb2c8b045c0b9,7fd157a7b694ec9235842e5191f04eb673f536c6f3bb37a9dc868eaeb977de9b,16804.494921,0.329
739faf50968804bd83adaade1c616b404ad02f354b6bb167295319b0ae5d9899,ca74b92087483a16a012c94b147c899e246570904c23a537cb8daeb2096ce52d,16807.868936,2.103
e572651326f1337845b6b98e94175d4dc9ec1338a73d1ab7ac61170ccaf88297,5d5cbd388a16ee5f19e2c8c5df4ac7a74ad36fdc9b8a8b0489074a41d61b6884,16811.882155,19.270
b34e792718773cd207a3d3bb54979d4952f301dd15d6f091f57008f075958309,541379714c2250706dfd8b76765ae74953f871377238b361a8666f510afeba58,16812.766626,94.523
e572651326f1337845b6b98e94175d4dc9ec1338a73d1ab7ac61170ccaf88297,518cd8f12974202d11b5a16a5437a6a560186fbe9584862c601084cbc18761c6,16822.410793,0.143
eddb92315799e0eaf5d18b84bc5948186fbc33c0190b04c815d75765a979435c,78ec164daacd5c9e215e76ca4dfb2d1ef3a94743f8b329a281a0e9782a09f749,16826.683562,46.371
739faf50968804bd83adaade1c616b404ad02f354b6bb167295319b0ae5d9899,ca74b92087483a16a012c94b147c899e246570904c23a537cb8daeb2096ce52d,16827.498890,1.532
e572651326f1337845b6b98e94175d4dc9ec1338a73d1ab7ac61170ccaf88297,d92f8485c6246b3992a693f22bcc446a2f3d552d1b0cecc3fe637dec8f61e1ac,16841.192821,60.941
4bd219625127e9d2e12f7eb21015642ad64f42ea61a16f5577db0c2e7a54d4cf,97c31670ec24a392969c8bc769ded28f0ea827f99e77c918ebe894b02f4511dd,16841.918463,16.442
aa09fd0de23af2f42704ea3f7a832860e356cb21fbe99fb4c513e0ac64da3ce9,a7220d0ede28b7b3aa0f0607ca44f14e871e76cab8c30bfd0134e64230326622,16846.336741,0.056
739faf50968804bd83adaade1c616b404ad02f354b6bb167295319b0ae5d9899,ca74b92087483a16a012c94b147c899e246570904c23a537cb8daeb2096ce52d,16849.770229,1.286
e572651326f1337845b6b98e94175d4dc9ec1338a73d1ab7ac61170ccaf88297,5d5cbd388a16ee5f19e2c8c5df4ac7a74ad36fdc9b8a8b0489074a41d61b6884,16862.875013,14.072
cf54d1572c1d632986590f22a8313559a433bd667a10d3d3dae5912dcba6ea78,b259c1e9f9b5415e24c8b3e31485942012cde025f7115eb6c3b87d91de9ef892,16866.354975,0.226
739faf50968804bd83adaade1c616b404ad02f354b6bb167295319b0ae5d9899,ca74b92087483a16a012c94b147c899e246570904c23a537cb8daeb2096ce52d,16878.779674,2.162
739faf50968804bd83adaade1c616b404ad02f354b6bb167295319b0ae5d9899,ca74b92087483a16a012c94b147c899e246570904c23a537cb8daeb2096ce52d,16882.983780,0.404
e572651326f1337845b6b98e94175d4dc9ec1338a73d1ab7ac61170ccaf88297,5d5cbd388a16ee5f19e2c8c5df4ac7a74ad36fdc9b8a8b0489074a41d61b6884,16886.195647,22.688
4bd219625127e9d2e12f7eb21015642ad64f42ea61a16f5577db0c2e7a54d4cf,1b9ff14203f132f3ca0342f8491d5b4e61000dbca9a88d6ef78132611cf99466,16888.602340,7.781
87b8ec9b41644a8b32cf64798ee6e0d8d7e5948575669ae9c5a8435a10813266,9d4311638952a6ecefb68603a4ade3f6aedf1ff5a2f359c67bbef939d6a2e6dc,16888.886343,0.178
739faf50968804bd83adaade1c616b404ad02f354b6bb167295319b0ae5d9899,ca74b92087483a16a012c94b147c899e246570904c23a537cb8daeb2096ce52d,16889.921232,1.624
739faf50968804bd83adaade1c616b404ad02f354b6bb167295319b0ae5d9899,ca74b92087483a16a012c94b147c899e246570904c23a537cb8daeb2096ce52d,16904.804497,0.229
eddb92315799e0eaf5d18b84bc5948186fbc33c0190b04c815d75765a979435c,110010ce3452fe8d402b60888cc981d5c1f099fa94092e745a629835ecdb9f51,16906.368627,0.041
739faf50968804bd83adaade1c616b404ad02f354b6bb167295319b0ae5d9899,ca74b92087483a16a012c94b147c899e246570904c23a537cb8daeb2096ce52d,16908.666602,0.473
739faf50968804bd83adaade1c616b404ad02f354b6bb167295319b0ae5d9899,ca74b92087483a16a012c94b147c899e246570904c23a537cb8daeb2096ce52d,16930.430745,0.718
e572651326f1337845b6b98e94175d4dc9ec1338a73d1ab7ac61170ccaf88297,518cd8f12974202d11b5a16a5437a6a560186fbe9584862c601084cbc18761c6,16931.059632,0.180
a12f22a3f771308d969fd56d18df65bf6960a4101a3daa4cef878997a2e1978b,664c8bd366fc401f874d793373a2aafc5a5a506e2e04d325d5d83557d6df7502,16938.866696,0.019
e572651326f1337845b6b98e94175d4dc9ec1338a73d1ab7ac61170ccaf88297,d92f8485c6246b3992a693f22bcc446a2f3d552d1b0cecc3fe637dec8f61e1ac,16938.985241,194.738
d9c9a39425c8044015e05eaf8330a6e48bad0e3edf1ec032098fb2c8b045c0b9,55b5c6b8e25e560a5244c522674fa8ad6f8dec1b83a702650726d57f2547c47c,16950.033883,0.018
739faf50968804bd83adaade1c616b404ad02f354b6bb167295319b0ae5d9899,ca74b92087483a16a012c94b147c899e246570904c23a537cb8daeb2096ce52d,16970.947909,0.115
87b8ec9b41644a8b32cf64798ee6e0d8d7e5948575669ae9c5a8435a10813266,b85146d6fb2fb1b37a7b668f36287a534543da7a2bc393eac28fd9e974908af0,16981.962130,3.084
739faf50968804bd83adaade1c616b404ad02f354b6bb167295319b0ae5d9899,ca74b92087483a16a012c94b147c899e246570904c23a537cb8daeb2096ce52d,16986.872333,0.746
e572651326f1337845b6b98e94175d4dc9ec1338a73d1ab7ac61170ccaf88297,d92f8485c6246b3992a693f22bcc446a2f3d552d1b0cecc3fe637dec8f61e1ac,16988.206733,39.838
7475824cc4748c3fc8576d1ba486950f36d81d9cb5336cc1da801ef313b516d8,c8d99a8658319d5874fe33684bea9d87fab76b5593481d4d66145bec971607b3,17000.292433,0.063
cf54d1572c1d632986590f22a8313559a433bd667a10d3d3dae5912dcba6ea78,b259c1e9f9b5415e24c8b3e31485942012cde025f7115eb6c3b87d91de9ef892,17001.106430,0.030
739faf50968804bd83adaade1c616b404ad02f354b6bb167295319b0ae5d9899,ca74b92087483a16a012c94b147c899e246570904c23a537cb8daeb2096ce52d,17005.205320,1.958
b2446308f35282348f1c6388346d932f610301eaa65bd0c283d8fb949d15e7cc,d206b500d8a622c7c6e606402b6f218d95ee19d6805d57bd7d6698351eea831a,17009.899498,37.538
b34e792718773cd207a3d3bb54979d4952f301dd15d6f091f57008f075958309,541379714c2250706dfd8b76765ae74953f871377238b361a8666f510afeba58,17011.934801,126.449
b34e792718773cd207a3d3bb54979d4952f301dd15d6f091f57008f075958309,2f796c78515eb95a2d835ebf50326db182a91dce43f6d21d5785e80565851355,17014.239794,2.169
d9c9a39425c8044015e05eaf8330a6e48bad0e3edf1ec032098fb2c8b045c0b9,55b5c6b8e25e560a5244c522674fa8ad6f8dec1b83a702650726d57f2547c47c,17019.057914,0.063
b34e792718773cd207a3d3bb54979d4952f301dd15d6f091f57008f075958309,2f796c78515eb95a2d835ebf50326db182a91dce43f6d21d5785e80565851355,17024.526934,1.937
b2446308f35282348f1c6388346d932f610301eaa65bd0c283d8fb949d15e7cc,d206b500d8a622c7c6e606402b6f218d95ee19d6805d57bd7d6698351eea831a,17029.634844,20.556
cf54d1572c1d632986590f22a8313559a433bd667a10d3d3dae5912dcba6ea78,b259c1e9f9b5415e24c8b3e31485942012cde025f7115eb6c3b87d91de9ef892,17031.566669,0.021
a12f22a3f771308d969fd56d18df65bf6960a4101a3daa4cef878997a2e1978b,5c9849d631846bbec88a0601bf6b0ba43d9e757dbe6f64ca8e4875ba49f7b794,17032.527115,6.603
e572651326f1337845b6b98e94175d4dc9ec1338a73d1ab7ac61170ccaf88297,d92f8485c6246b3992a693f22bcc446a2f3d552d1b0cecc3fe637dec8f61e1ac,17043.322835,44.009
a7cf2f4bb45576518350fb91bb84800146f1dc257896e3b46b901095987e2a1c,6a144e613e2220f49247934c6e896484265f3763008c3235599da7133c320b63,17046.487932,0.070
e572651326f1337845b6b98e94175d4dc9ec1338a73d1ab7ac61170ccaf88297,5d5cbd388a16ee5f19e2c8c5df4ac7a74ad36fdc9b8a8b0489074a41d61b6884,17047.306536,11.703
e572651326f1337845b6b98e94175d4dc9ec1338a73d1ab7ac61170ccaf88297,518cd8f12974202d11b5a16a5437a6a560186fbe9584862c601084cbc18761c6,17049.708038,0.152
f7b8083a0342944f477b97a321506ae52fc6e2e76bf6042f2280c281f43ee10d,d414dfb669aa29482336ef26db33feead9a3bd71190ba5d44412a9f8bedf26de,17069.808719,30.784
a12f22a3f771308d969fd56d18df65bf6960a4101a3daa4cef878997a2e1978b,664c8bd366fc401f874d793373a2aafc5a5a506e2e04d325d5d83557d6df7502,17071.052207,0.015
f7b8083a0342944f477b97a321506ae52fc6e2e76bf6042f2280c281f43ee10d,4b2c05f30bc5080fb3ff505c4051509a4406f733b9ccd3386fa0900f3ae0d9bf,17078.289106,0.026
e572651326f1337845b6b98e94175d4dc9ec1338a73d1ab7ac61170ccaf88297,518cd8f12974202d11b5a16a5437a6a560186fbe9584862c601084cbc18761c6,17082.526365,0.204
b2446308f35282348f1c6388346d932f610301eaa65bd0c283d8fb949d15e7cc,db87b76b1f5c22aeb78e8ddae62a3f5b78f28580d14b2d7f7f773702f2da3a3b,17082.604532,0.176
739faf50968804bd83adaade1c616b404ad02f354b6bb167295319b0ae5d9899,ca74b92087483a16a012c94b147c899e246570904c23a537cb8daeb2096ce52d,17091.474448,0.834
cf54d1572c1d632986590f22a8313559a433bd667a10d3d3dae5912dcba6ea78,b259c1e9f9b5415e24c8b3e31485942012cde025f7115eb6c3b87d91de9ef892,17110.053934,0.031
aa09fd0de23af2f42704ea3f7a832860e356cb21fbe99fb4c513e0ac64da3ce9,a7220d0ede28b7b3aa0f0607ca44f14e871e76cab8c30bfd0134e64230326622,17113.106135,0.019
d9c9a39425c8044015e05eaf8330a6e48bad0e3edf1ec032098fb2c8b045c0b9,7fd157a7b694ec9235842e5191f04eb673f536c6f3bb37a9dc868eaeb977de9b,17117.440304,0.853
87b8ec9b41644a8b32cf64798ee6e0d8d7e5948575669ae9c5a8435a10813266,13220cb8f5b7112c02f2481c968497db0f96a9b6d45bc7204086d9914d5596b5,17118.238278,63.765
aa09fd0de23af2f42704ea3f7a832860e356cb21fbe99fb4c513e0ac64da3ce9,a7220d0ede28b7b3aa0f0607ca44f14e871e76cab8c30bfd0134e64230326622,17122.126636,0.035
eddb92315799e0eaf5d18b84bc5948186fbc33c0190b04c815d75765a979435c,110010ce3452fe8d402b60888cc981d5c1f099fa94092e745a629835ecdb9f51,17126.988366,0.018
e572651326f1337845b6b98e94175d4dc9ec1338a73d1ab7ac61170ccaf88297,518cd8f12974202d11b5a16a5437a6a560186fbe9584862c601084cbc18761c6,17135.153352,0.244
64db848c9bc5db515c94ab30eee3c35decfe835ca8a6c40b0821fe30aaa04cdb,f219acf93580c06f4504a74e90b2f826094f3544ca2f60a49b929ab5d1f80d31,17136.749962,6.052
e572651326f1337845b6b98e94175d4dc9ec1338a73d1ab7ac61170ccaf88297,518cd8f12974202d11b5a16a5437a6a560186fbe9584862c601084cbc18761c6,17140.886344,0.080
739faf50968804bd83adaade1c616b404ad02f354b6bb167295319b0ae5d9899,ca74b92087483a16a012c94b147c899e246570904c23a537cb8daeb2096ce52d,17142.633947,2.104
e572651326f1337845b6b98e94175d4dc9ec1338a73d1ab7ac61170ccaf88297,518cd8f12974202d11b5a16a5437a6a560186fbe9584862c601084cbc18761c6,17147.269651,0.157
cf54d1572c1d632986590f22a8313559a433bd667a10d3d3dae5912dcba6ea78,b259c1e9f9b5415e24c8b3e31485942012cde025f7115eb6c3b87d91de9ef892,17155.376800,0.078
e572651326f1337845b6b98e94175d4dc9ec1338a73d1ab7ac61170ccaf88297,518cd8f12974202d11b5a16a5437a6a560186fbe9584862c601084cbc18761c6,17159.444401,0.389
e572651326f1337845b6b98e94175d4dc9ec1338a73d1ab7ac61170ccaf88297,5d5cbd388a16ee5f19e2c8c5df4ac7a74ad36fdc9b8a8b0489074a41d61b6884,17166.596037,14.115
e572651326f1337845b6b98e94175d4dc9ec1338a73d1ab7ac61170ccaf88297,d92f8485c6246b3992a693f22bcc446a2f3d552d1b0cecc3fe637dec8f61e1ac,17168.235884,57.045
739faf50968804bd83adaade1c616b404ad02f354b6bb167295319b0ae5d9899,ca74b92087483a16a012c94b147c899e246570904c23a537cb8daeb2096ce52d,17171.383149,0.835
e572651326f1337845b6b98e94175d4dc9ec1338a73d1ab7ac61170ccaf88297,518cd8f12974202d11b5a16a5437a6a560186fbe9584862c601084cbc18761c6,17174.240989,0.127
739faf50968804bd83adaade1c616b404ad02f354b6bb167295319b0ae5d9899,ca74b92087483a16a012c94b147c899e246570904c23a537cb8daeb2096ce52d,17177.889598,0.958
739faf50968804bd83adaade1c616b404ad02f354b6bb167295319b0ae5d9899,ca74b92087483a16a012c94b147c899e246570904c23a537cb8daeb2096ce52d,17178.323225,1.176
e572651326f1337845b6b98e94175d4dc9ec1338a73d1ab7ac61170ccaf88297,d92f8485c6246b3992a693f22bcc446a2f3d552d1b0cecc3fe637dec8f61e1ac,17182.987408,42.785
739faf50968804bd83adaade1c616b404ad02f354b6bb167295319b0ae5d9899,ca74b92087483a16a012c94b147c899e246570904c23a537cb8daeb2096ce52d,17183.779061,0.593
e572651326f1337845b6b98e94175d4dc9ec1338a73d1ab7ac61170ccaf88297,518cd8f12974202d11b5a16a5437a6a560186fbe9584862c601084cbc18761c6,17191.720609,0.119
64db848c9bc5db515c94ab30eee3c35decfe835ca8a6c40b0821fe30aaa04cdb,f219acf93580c06f4504a74e90b2f826094f3544ca2f60a49b929ab5d1f80d31,17201.893435,3.285
739faf50968804bd83adaade1c616b404ad02f354b6bb167295319b0ae5d9899,ca74b92087483a16a012c94b147c899e246570904c23a537cb8daeb2096ce52d,17208.705223,0.892
739faf50968804bd83adaade1c616b404ad02f354b6bb167295319b0ae5d9899,ca74b92087483a16a012c94b147c899e246570904c23a537cb8daeb2096ce52d,17224.403857,0.609
aa09fd0de23af2f42704ea3f7a832860e356cb21fbe99fb4c513e0ac64da3ce9,a7220d0ede28b7b3aa0f0607ca44f14e871e76cab8c30bfd0134e64230326622,17224.456419,0.031
b34e792718773cd207a3d3bb54979d4952f301dd15d6f091f57008f075958309,541379714c2250706dfd8b76765ae74953f871377238b361a8666f510afeba58,17227.756756,125.939
b2446308f35282348f1c6388346d932f610301eaa65bd0c283d8fb949d15e7cc,d206b500d8a622c7c6e606402b6f218d95ee19d6805d57bd7d6698351eea831a,17228.265284,63.972
739faf50968804bd83adaade1c616b404ad02f354b6bb167295319b0ae5d9899,ca74b92087483a16a012c94b147c899e246570904c23a537cb8daeb2096ce52d,17228.613836,1.868
7475824cc4748c3fc8576d1ba486950f36d81d9cb5336cc1da801ef313b516d8,c8d99a8658319d5874fe33684bea9d87fab76b5593481d4d66145bec971607b3,17240.970036,0.698
f7b8083a0342944f477b97a321506ae52fc6e2e76bf6042f2280c281f43ee10d,d414dfb669aa29482336ef26db33feead9a3bd71190ba5d44412a9f8bedf26de,17249.335091,3.054
a12f22a3f771308d969fd56d18df65bf6960a4101a3daa4cef878997a2e1978b,664c8bd366fc401f874d793373a2aafc5a5a506e2e04d325d5d83557d6df7502,17264.033958,0.101
739faf50968804bd83adaade1c616b404ad02f354b6bb167295319b0ae5d9899,ca74b92087483a16a012c94b147c899e246570904c23a537cb8daeb2096ce52d,17266.773496,0.354
b2446308f35282348f1c6388346d932f610301eaa65bd0c283d8fb949d15e7cc,d206b500d8a622c7c6e606402b6f218d95ee19d6805d57bd7d6698351eea831a,17278.586768,149.744
739faf50968804bd83adaade1c616b404ad02f354b6bb167295319b0ae5d9899,ca74b92087483a16a012c94b147c899e246570904c23a537cb8daeb2096ce52d,17280.869035,0.608
739faf50968804bd83adaade1c616b404ad02f354b6bb167295319b0ae5d9899,ca74b92087483a16a012c94b147c899e246570904c23a537cb8daeb2096ce52d,17286.027716,0.466
e572651326f1337845b6b98e94175d4dc9ec1338a73d1ab7ac61170ccaf88297,d92f8485c6246b3992a693f22bcc446a2f3d552d1b0cecc3fe637dec8f61e1ac,17287.423372,128.312
e572651326f1337845b6b98e94175d4dc9ec1338a73d1ab7ac61170ccaf88297,d92f8485c6246b3992a693f22bcc446a2f3d552d1b0cecc3fe637dec8f61e1ac,17288.261982,32.700
a12f22a3f771308d969fd56d18df65bf6960a4101a3daa4cef878997a2e1978b,5c9849d631846bbec88a0601bf6b0ba43d9e757dbe6f64ca8e4875ba49f7b794,17301.153244,29.819
739faf50968804bd83adaade1c616b404ad02f354b6bb167295319b0ae5d9899,ca74b92087483a16a012c94b147c899e246570904c23a537cb8daeb2096ce52d,17304.671902,0.531
739faf50968804bd83adaade1c616b404ad02f354b6bb167295319b0ae5d9899,ca74b92087483a16a012c94b147c899e246570904c23a537cb8daeb2096ce52d,17307.561710,1.387
87b8ec9b41644a8b32cf64798ee6e0d8d7e5948575669ae9c5a8435a10813266,b85146d6fb2fb1b37a7b668f36287a534543da7a2bc393eac28fd9e974908af0,17312.209832,1.735
a7cf2f4bb45576518350fb91bb84800146f1dc257896e3b46b901095987e2a1c,0e0238481987246e775d487dc915a41e718967ef61dc0c3dbf5c2983b02dea84,17314.461619,67.198
e572651326f1337845b6b98e94175d4dc9ec1338a73d1ab7ac61170ccaf88297,d92f8485c6246b3992a693f22bcc446a2f3d552d1b0cecc3fe637dec8f61e1ac,17314.855265,64.124
739faf50968804bd83adaade1c616b404ad02f354b6bb167295319b0ae5d9899,ca74b92087483a16a012c94b147c899e246570904c23a537cb8daeb2096ce52d,17321.524259,0.425
e572651326f1337845b6b98e94175d4dc9ec1338a73d1ab7ac61170ccaf88297,d92f8485c6246b3992a693f22bcc446a2f3d552d1b0cecc3fe637dec8f61e1ac,17330.509097,41.169
e572651326f1337845b6b98e94175d4dc9ec1338a73d1ab7ac61170ccaf88297,d92f8485c6246b3992a693f22bcc446a2f3d552d1b0cecc3fe637dec8f61e1ac,17330.578731,43.908
739faf50968804bd83adaade1c616b404ad02f354b6bb167295319b0ae5d9899,ca74b92087483a16a012c94b147c899e246570904c23a537cb8daeb2096ce52d,17336.143840,4.685
cf54d1572c1d632986590f22a8313559a433bd667a10d3d3dae5912dcba6ea78,b259c1e9f9b5415e24c8b3e31485942012cde025f7115eb6c3b87d91de9ef892,17349.753125,0.110
e572651326f1337845b6b98e94175d4dc9ec1338a73d1ab7ac61170ccaf88297,518cd8f12974202d11b5a16a5437a6a560186fbe9584862c601084cbc18761c6,17350.312830,0.211
e572651326f1337845b6b98e94175d4dc9ec1338a73d1ab7ac61170ccaf88297,518cd8f12974202d11b5a16a5437a6a560186fbe9584862c601084cbc18761c6,17360.444689,0.399
739faf50968804bd83adaade1c616b404ad02f354b6bb167295319b0ae5d9899,ca74b92087483a16a012c94b147c899e246570904c23a537cb8daeb2096ce52d,17368.212411,0.780
739faf50968804bd83adaade1c616b404ad02f354b6bb167295319b0ae5d9899,ca74b92087483a16a012c94b147c899e246570904c23a537cb8daeb2096ce52d,17369.761680,0.474
739faf50968804bd83adaade1c616b404ad02f354b6bb167295319b0ae5d9899,ca74b92087483a16a012c94b147c899e246570904c23a537cb8daeb2096ce52d,17374.635359,1.263
739faf50968804bd83adaade1c616b404ad02f354b6bb167295319b0ae5d9899,ca74b92087483a16a012c94b147c899e246570904c23a537cb8daeb2096ce52d,17377.008860,2.112
e572651326f1337845b6b98e94175d4dc9ec1338a73d1ab7ac61170ccaf88297,5d5cbd388a16ee5f19e2c8c5df4ac7a74ad36fdc9b8a8b0489074a41d61b6884,17378.031344,9.042
b2446308f35282348f1c6388346d932f610301eaa65bd0c283d8fb949d15e7cc,db87b76b1f5c22aeb78e8ddae62a3f5b78f28580d14b2d7f7f773702f2da3a3b,17381.879304,0.058
e572651326f1337845b6b98e94175d4dc9ec1338a73d1ab7ac61170ccaf88297,5d5cbd388a16ee5f19e2c8c5df4ac7a74ad36fdc9b8a8b0489074a41d61b6884,17383.292929,14.697
739faf50968804bd83adaade1c616b404ad02f354b6bb167295319b0ae5d9899,ca74b92087483a16a012c94b147c899e246570904c23a537cb8daeb2096ce52d,17388.303433,0.942
e572651326f1337845b6b98e94175d4dc9ec1338a73d1ab7ac61170ccaf88297,d92f8485c6246b3992a693f22bcc446a2f3d552d1b0cecc3fe637dec8f61e1ac,17394.595297,39.175
d9c9a39425c8044015e05eaf8330a6e48bad0e3edf1ec032098fb2c8b045c0b9,7fd157a7b694ec9235842e5191f04eb673f536c6f3bb37a9dc868eaeb977de9b,17403.634731,0.236
e572651326f1337845b6b98e94175d4dc9ec1338a73d1ab7ac61170ccaf88297,5d5cbd388a16ee5f19e2c8c5df4ac7a74ad36fdc9b8a8b0489074a41d61b6884,17404.726669,26.018
f4930f068e300bc29cc1ba31414e01d1eaf55b1607c65985536c868ec9323990,f98b902a5d78635ca9426bf7b222c0f2e63e8316254891c86ab6c55292b5c8b2,17406.915971,0.121
a7cf2f4bb45576518350fb91bb84800146f1dc257896e3b46b901095987e2a1c,6a144e613e2220f49247934c6e896484265f3763008c3235599da7133c320b63,17414.262305,0.174
a7cf2f4bb45576518350fb91bb84800146f1dc257896e3b46b901095987e2a1c,6a144e613e2220f49247934c6e896484265f3763008c3235599da7133c320b63,17416.436180,0.056
739faf50968804bd83adaade1c616b404ad02f354b6bb167295319b0ae5d9899,ca74b92087483a16a012c94b147c899e246570904c23a537cb8daeb2096ce52d,17418.290732,1.342
d9c9a39425c8044015e05eaf8330a6e48bad0e3edf1ec032098fb2c8b045c0b9,55b5c6b8e25e560a5244c522674fa8ad6f8dec1b83a702650726d57f2547c47c,17421.613331,0.019
a279432833a21dc66309e252ef3f48f1ddc9eb706839d037a00b3f9f545c5e2d,9bfe15fe1c84832456da5d671ec99cfd73e0514bf91abfae306da2457af04221,17426.779360,2.567
739faf50968804bd83adaade1c616b404ad02f354b6bb167295319b0ae5d9899,ca74b92087483a16a012c94b147c899e246570904c23a537cb8daeb2096ce52d,17430.429528,0.455
e572651326f1337845b6b98e94175d4dc9ec1338a73d1ab7ac61170ccaf88297,d92f8485c6246b3992a693f22bcc446a2f3d552d1b0cecc3fe637dec8f61e1ac,17436.705566,83.390
b2446308f35282348f1c6388346d932f610301eaa65bd0c283d8fb949d15e7cc,d206b500d8a622c7c6e606402b6f218d95ee19d6805d57bd7d6698351eea831a,17442.068311,80.436
739faf50968804bd83adaade1c616b404ad02f354b6bb167295319b0ae5d9899,ca74b92087483a16a012c94b147c899e246570904c23a537cb8daeb2096ce52d,17443.160954,0.536
e572651326f1337845b6b98e94175d4dc9ec1338a73d1ab7ac61170ccaf88297,5d5cbd388a16ee5f19e2c8c5df4ac7a74ad36fdc9b8a8b0489074a41d61b6884,17443.314096,10.086
739faf50968804bd83adaade1c616b404ad02f354b6bb167295319b0ae5d9899,ca74b92087483a16a012c94b147c899e246570904c23a537cb8daeb2096ce52d,17446.084479,3.024
a279432833a21dc66309e252ef3f48f1ddc9eb706839d037a00b3f9f545c5e2d,96b2b81126ccc77b62f8e30b2d3ae9fd295c3bf035deab650d5cf4c57cf49796,17458.312619,0.056
e572651326f1337845b6b98e94175d4dc9ec1338a73d1ab7ac61170ccaf88297,518cd8f12974202d11b5a16a5437a6a560186fbe9584862c601084cbc18761c6,17459.186758,0.099
739faf50968804bd83adaade1c616b404ad02f354b6bb167295319b0ae5d9899,ca74b92087483a16a012c94b147c899e246570904c23a537cb8daeb2096ce52d,17465.556428,0.796
e572651326f1337845b6b98e94175d4dc9ec1338a73d1ab7ac61170ccaf88297,518cd8f12974202d11b5a16a5437a6a560186fbe9584862c601084cbc18761c6,17476.658535,0.050
b2446308f35282348f1c6388346d932f610301eaa65bd0c283d8fb949d15e7cc,d206b500d8a622c7c6e606402b6f218d95ee19d6805d57bd7d6698351eea831a,17485.150718,51.936
87b8ec9b41644a8b32cf64798ee6e0d8d7e5948575669ae9c5a8435a10813266,13220cb8f5b7112c02f2481c968497db0f96a9b6d45bc7204086d9914d5596b5,17486.316915,134.627
e572651326f1337845b6b98e94175d4dc9ec1338a73d1ab7ac61170ccaf88297,5d5cbd388a16ee5f19e2c8c5df4ac7a74ad36fdc9b8a8b0489074a41d61b6884,17488.264782,16.246
b34e792718773cd207a3d3bb54979d4952f301dd15d6f091f57008f075958309,2f796c78515eb95a2d835ebf50326db182a91dce43f6d21d5785e80565851355,17489.943633,2.803
eddb92315799e0eaf5d18b84bc5948186fbc33c0190b04c815d75765a979435c,110010ce3452fe8d402b60888cc981d5c1f099fa94092e745a629835ecdb9f51,17493.762683,0.139
e572651326f1337845b6b98e94175d4dc9ec1338a73d1ab7ac61170ccaf88297,5d5cbd388a16ee5f19e2c8c5df4ac7a74ad36fdc9b8a8b0489074a41d61b6884,17497.155378,5.674
87b8ec9b41644a8b32cf64798ee6e0d8d7e5948575669ae9c5a8435a10813266,9d4311638952a6ecefb68603a4ade3f6aedf1ff5a2f359c67bbef939d6a2e6dc,17499.970709,0.085
e572651326f1337845b6b98e94175d4dc9ec1338a73d1ab7ac61170ccaf88297,d92f8485c6246b3992a693f22bcc446a2f3d552d1b0cecc3fe637dec8f61e1ac,17500.515637,24.917
e572651326f1337845b6b98e94175d4dc9ec1338a73d1ab7ac61170ccaf88297,d92f8485c6246b3992a693f22bcc446a2f3d552d1b0cecc3fe637dec8f61e1ac,17504.979155,91.292
e572651326f1337845b6b98e94175d4dc9ec1338a73d1ab7ac61170ccaf88297,d92f8485c6246b3992a693f22bcc446a2f3d552d1b0cecc3fe637dec8f61e1ac,17507.969758,200.331
e572651326f1337845b6b98e94175d4dc9ec1338a73d1ab7ac61170ccaf88297,518cd8f12974202d11b5a16a5437a6a560186fbe9584862c601084cbc18761c6,17514.940650,0.133
a12f22a3f771308d969fd56d18df65bf6960a4101a3daa4cef878997a2e1978b,5c9849d631846bbec88a0601bf6b0ba43d9e757dbe6f64ca8e4875ba49f7b794,17519.863975,2.643
a279432833a21dc66309e252ef3f48f1ddc9eb706839d037a00b3f9f545c5e2d,9bfe15fe1c84832456da5d671ec99cfd73e0514bf91abfae306da2457af04221,17531.697323,2.003
e572651326f1337845b6b98e94175d4dc9ec1338a73d1ab7ac61170ccaf88297,d92f8485c6246b3992a693f22bcc446a2f3d552d1b0cecc3fe637dec8f61e1ac,17538.090804,108.921
e572651326f1337845b6b98e94175d4dc9ec1338a73d1ab7ac61170ccaf88297,d92f8485c6246b3992a693f22bcc446a2f3d552d1b0cecc3fe637dec8f61e1ac,17541.111970,107.608
739faf50968804bd83adaade1c616b404ad02f354b6bb167295319b0ae5d9899,ca74b92087483a16a012c94b147c899e246570904c23a537cb8daeb2096ce52d,17544.476734,0.648
739faf50968804bd83adaade1c616b404ad02f354b6bb167295319b0ae5d9899,ca74b92087483a16a012c94b147c899e246570904c23a537cb8daeb2096ce52d,17550.014006,1.369
e572651326f1337845b6b98e94175d4dc9ec1338a73d1ab7ac61170ccaf88297,d92f8485c6246b3992a693f22bcc446a2f3d552d1b0cecc3fe637dec8f61e1ac,17551.955664,17.871
cf54d1572c1d632986590f22a8313559a433bd667a10d3d3dae5912dcba6ea78,b259c1e9f9b5415e24c8b3e31485942012cde025f7115eb6c3b87d91de9ef892,17558.901249,0.053
739faf50968804bd83adaade1c616b404ad02f354b6bb167295319b0ae5d9899,ca74b92087483a16a012c94b147c899e246570904c23a537cb8daeb2096ce52d,17561.426974,0.671
739faf50968804bd83adaade1c616b404ad02f354b6bb167295319b0ae5d9899,ca74b92087483a16a012c94b147c899e246570904c23a537cb8daeb2096ce52d,17569.012153,1.662
e572651326f1337845b6b98e94175d4dc9ec1338a73d1ab7ac61170ccaf88297,d92f8485c6246b3992a693f22bcc446a2f3d552d1b0cecc3fe637dec8f61e1ac,17577.246450,76.863
eddb92315799e0eaf5d18b84bc5948186fbc33c0190b04c815d75765a979435c,9ecd2766ee6bd299d23bbc00b9a905d490ebeb2e675d857ef4f1bd4d5877c065,17578.665120,7.181
cf54d1572c1d632986590f22a8313559a433bd667a10d3d3dae5912dcba6ea78,b259c1e9f9b5415e24c8b3e31485942012cde025f7115eb6c3b87d91de9ef892,17581.175131,0.046
b2446308f35282348f1c6388346d932f610301eaa65bd0c283d8fb949d15e7cc,db87b76b1f5c22aeb78e8ddae62a3f5b78f28580d14b2d7f7f773702f2da3a3b,17584.188553,0.071
cf54d1572c1d632986590f22a8313559a433bd667a10d3d3dae5912dcba6ea78,b259c1e9f9b5415e24c8b3e31485942012cde025f7115eb6c3b87d91de9ef892,17586.980288,0.062
739faf50968804bd83adaade1c616b404ad02f354b6bb167295319b0ae5d9899,ca74b92087483a16a012c94b147c899e246570904c23a537cb8daeb2096ce52d,17588.704747,0.477
739faf50968804bd83adaade1c616b404ad02f354b6bb167295319b0ae5d9899,ca74b92087483a16a012c94b147c899e246570904c23a537cb8daeb2096ce52d,17589.488994,0.577
e572651326f1337845b6b98e94175d4dc9ec1338a73d1ab7ac61170ccaf88297,518cd8f12974202d11b5a16a5437a6a560186fbe9584862c601084cbc18761c6,17594.227638,0.357
d9c9a39425c8044015e05eaf8330a6e48bad0e3edf1ec032098fb2c8b045c0b9,7fd157a7b694ec9235842e5191f04eb673f536c6f3bb37a9dc868eaeb977de9b,17599.130966,1.055
e572651326f1337845b6b98e94175d4dc9ec1338a73d1ab7ac61170ccaf88297,5d5cbd388a16ee5f19e2c8c5df4ac7a74ad36fdc9b8a8b0489074a41d61b6884,17599.452407,8.105
739faf50968804bd83adaade1c616b404ad02f354b6bb167295319b0ae5d9899,ca74b92087483a16a012c94b147c899e246570904c23a537cb8daeb2096ce52d,17602.394752,0.572
739faf50968804bd83adaade1c616b404ad02f354b6bb167295319b0ae5d9899,ca74b92087483a16a012c94b147c899e246570904c23a537cb8daeb2096ce52d,17604.080024,0.589
b2446308f35282348f1c6388346d932f610301eaa65bd0c283d8fb949d15e7cc,db87b76b1f5c22aeb78e8ddae62a3f5b78f28580d14b2d7f7f773702f2da3a3b,17604.101634,0.027
739faf50968804bd83adaade1c616b404ad02f354b6bb167295319b0ae5d9899,ca74b92087483a16a012c94b147c899e246570904c23a537cb8daeb2096ce52d,17604.626845,0.732
d9c9a39425c8044015e05eaf8330a6e48bad0e3edf1ec032098fb2c8b045c0b9,55b5c6b8e25e560a5244c522674fa8ad6f8dec1b83a702650726d57f2547c47c,17611.181646,0.098
87b8ec9b41644a8b32cf64798ee6e0d8d7e5948575669ae9c5a8435a10813266,9d4311638952a6ecefb68603a4ade3f6aedf1ff5a2f359c67bbef939d6a2e6dc,17621.769039,0.101
87b8ec9b41644a8b32cf64798ee6e0d8d7e5948575669ae9c5a8435a10813266,9d4311638952a6ecefb68603a4ade3f6aedf1ff5a2f359c67bbef939d6a2e6dc,17622.418834,0.375
b34e792718773cd207a3d3bb54979d4952f301dd15d6f091f57008f075958309,2f796c78515eb95a2d835ebf50326db182a91dce43f6d21d5785e80565851355,17623.243382,6.214
cf54d1572c1d632986590f22a8313559a433bd667a10d3d3dae5912dcba6ea78,b259c1e9f9b5415e24c8b3e31485942012cde025f7115eb6c3b87d91de9ef892,17623.942855,0.041
b2446308f35282348f1c6388346d932f610301eaa65bd0c283d8fb949d15e7cc,d206b500d8a622c7c6e606402b6f218d95ee19d6805d57bd7d6698351eea831a,17629.035382,24.481
739faf50968804bd83adaade1c616b404ad02f354b6bb167295319b0ae5d9899,ca74b92087483a16a012c94b147c899e246570904c23a537cb8daeb2096ce52d,17632.139546,0.707
e572651326f1337845b6b98e94175d4dc9ec1338a73d1ab7ac61170ccaf88297,5d5cbd388a16ee5f19e2c8c5df4ac7a74ad36fdc9b8a8b0489074a41d61b6884,17641.658157,12.582
b34e792718773cd207a3d3bb54979d4952f301dd15d6f091f57008f075958309,541379714c2250706dfd8b76765ae74953f871377238b361a8666f510afeba58,17645.004364,58.932
739faf50968804bd83adaade1c616b404ad02f354b6bb167295319b0ae5d9899,ca74b92087483a16a012c94b147c899e246570904c23a537cb8daeb2096ce52d,17645.587625,1.029
739faf50968804bd83adaade1c616b404ad02f354b6bb167295319b0ae5d9899,ca74b92087483a16a012c94b147c899e246570904c23a537cb8daeb2096ce52d,17648.233571,1.058
d9c9a39425c8044015e05eaf8330a6e48bad0e3edf1ec032098fb2c8b045c0b9,7fd157a7b694ec9235842e5191f04eb673f536c6f3bb37a9dc868eaeb977de9b,17648.276115,0.219
739faf50968804bd83adaade1c616b404ad02f354b6bb167295319b0ae5d9899,ca74b92087483a16a012c94b147c899e246570904c23a537cb8daeb2096ce52d,17649.794261,1.027
cf54d1572c1d632986590f22a8313559a433bd667a10d3d3dae5912dcba6ea78,b259c1e9f9b5415e24c8b3e31485942012cde025f7115eb6c3b87d91de9ef892,17653.628621,0.065
739faf50968804bd83adaade1c616b404ad02f354b6bb167295319b0ae5d9899,ca74b92087483a16a012c94b147c899e246570904c23a537cb8daeb2096ce52d,17659.471053,0.729
e572651326f1337845b6b98e94175d4dc9ec1338a73d1ab7ac61170ccaf88297,d92f8485c6246b3992a693f22bcc446a2f3d552d1b0cecc3fe637dec8f61e1ac,17673.597202,78.025
e572651326f1337845b6b98e94175d4dc9ec1338a73d1ab7ac61170ccaf88297,d92f8485c6246b3992a693f22bcc446a2f3d552d1b0cecc3fe637dec8f61e1ac,17675.174138,81.854
e572651326f1337845b6b98e94175d4dc9ec1338a73d1ab7ac61170ccaf88297,518cd8f12974202d11b5a16a5437a6a560186fbe9584862c601084cbc18761c6,17675.219759,0.526
b2446308f35282348f1c6388346d932f610301eaa65bd0c283d8fb949d15e7cc,db87b76b1f5c22aeb78e8ddae62a3f5b78f28580d14b2d7f7f773702f2da3a3b,17680.350207,0.044
a12f22a3f771308d969fd56d18df65bf6960a4101a3daa4cef878997a2e1978b,5c9849d631846bbec88a0601bf6b0ba43d9e757dbe6f64ca8e4875ba49f7b794,17681.042986,8.407
739faf50968804bd83adaade1c616b404ad02f354b6bb167295319b0ae5d9899,ca74b92087483a16a012c94b147c899e246570904c23a537cb8daeb2096ce52d,17684.299683,1.332
739faf50968804bd83adaade1c616b404ad02f354b6bb167295319b0ae5d9899,ca74b92087483a16a012c94b147c899e246570904c23a537cb8daeb2096ce52d,17694.043353,1.854
4bd219625127e9d2e12f7eb21015642ad64f42ea61a16f5577db0c2e7a54d4cf,1b9ff14203f132f3ca0342f8491d5b4e61000dbca9a88d6ef78132611cf99466,17696.008482,2.740
cf54d1572c1d632986590f22a8313559a433bd667a10d3d3dae5912dcba6ea78,b259c1e9f9b5415e24c8b3e31485942012cde025f7115eb6c3b87d91de9ef892,17697.653782,0.053
cf54d1572c1d632986590f22a8313559a433bd667a10d3d3dae5912dcba6ea78,b259c1e9f9b5415e24c8b3e31485942012cde025f7115eb6c3b87d91de9ef892,17702.704665,0.142
e572651326f1337845b6b98e94175d4dc9ec1338a73d1ab7ac61170ccaf88297,d92f8485c6246b3992a693f22bcc446a2f3d552d1b0cecc3fe637dec8f61e1ac,17711.680014,24.270
64db848c9bc5db515c94ab30eee3c35decfe835ca8a6c40b0821fe30aaa04cdb,f219acf93580c06f4504a74e90b2f826094f3544ca2f60a49b929ab5d1f80d31,17719.151039,13.079
7475824cc4748c3fc8576d1ba486950f36d81d9cb5336cc1da801ef313b516d8,c8d99a8658319d5874fe33684bea9d87fab76b5593481d4d66145bec971607b3,17719.567736,0.462
b34e792718773cd207a3d3bb54979d4952f301dd15d6f091f57008f075958309,541379714c2250706dfd8b76765ae74953f871377238b361a8666f510afeba58,17720.975083,15.274
e572651326f1337845b6b98e94175d4dc9ec1338a73d1ab7ac61170ccaf88297,518cd8f12974202d11b5a16a5437a6a560186fbe9584862c601084cbc18761c6,17737.243670,0.217
d9c9a39425c8044015e05eaf8330a6e48bad0e3edf1ec032098fb2c8b045c0b9,7fd157a7b694ec9235842e5191f04eb673f536c6f3bb37a9dc868eaeb977de9b,17738.646185,0.606
cf54d1572c1d632986590f22a8313559a433bd667a10d3d3dae5912dcba6ea78,b259c1e9f9b5415e24c8b3e31485942012cde025f7115eb6c3b87d91de9ef892,17739.678534,0.054
e572651326f1337845b6b98e94175d4dc9ec1338a73d1ab7ac61170ccaf88297,5d5cbd388a16ee5f19e2c8c5df4ac7a74ad36fdc9b8a8b0489074a41d61b6884,17742.666294,19.105
e572651326f1337845b6b98e94175d4dc9ec1338a73d1ab7ac61170ccaf88297,518cd8f12974202d11b5a16a5437a6a560186fbe9584862c601084cbc18761c6,17744.233721,0.190
739faf50968804bd83adaade1c616b404ad02f354b6bb167295319b0ae5d9899,ca74b92087483a16a012c94b147c899e246570904c23a537cb8daeb2096ce52d,17748.567934,1.132
b2446308f35282348f1c6388346d932f610301eaa65bd0c283d8fb949d15e7cc,db87b76b1f5c22aeb78e8ddae62a3f5b78f28580d14b2d7f7f773702f2da3a3b,17756.308631,0.043
739faf50968804bd83adaade1c616b404ad02f354b6bb167295319b0ae5d9899,ca74b92087483a16a012c94b147c899e246570904c23a537cb8daeb2096ce52d,17758.293500,0.878
e572651326f1337845b6b98e94175d4dc9ec1338a73d1ab7ac61170ccaf88297,d92f8485c6246b3992a693f22bcc446a2f3d552d1b0cecc3fe637dec8f61e1ac,17767.190743,19.736
87b8ec9b41644a8b32cf64798ee6e0d8d7e5948575669ae9c5a8435a10813266,13220cb8f5b7112c02f2481c968497db0f96a9b6d45bc7204086d9914d5596b5,17769.615282,56.163
87b8ec9b41644a8b32cf64798ee6e0d8d7e5948575669ae9c5a8435a10813266,9d4311638952a6ecefb68603a4ade3f6aedf1ff5a2f359c67bbef939d6a2e6dc,17773.053706,0.088
e572651326f1337845b6b98e94175d4dc9ec1338a73d1ab7ac61170ccaf88297,518cd8f12974202d11b5a16a5437a6a560186fbe9584862c601084cbc18761c6,17773.526029,0.215
e572651326f1337845b6b98e94175d4dc9ec1338a73d1ab7ac61170ccaf88297,d92f8485c6246b3992a693f22bcc446a2f3d552d1b0cecc3fe637dec8f61e1ac,17774.814350,71.850
739faf50968804bd83adaade1c616b404ad02f354b6bb167295319b0ae5d9899,ca74b92087483a16a012c94b147c899e246570904c23a537cb8daeb2096ce52d,17788.398235,0.288
b2446308f35282348f1c6388346d932f610301eaa65bd0c283d8fb949d15e7cc,db87b76b1f5c22aeb78e8ddae62a3f5b78f28580d14b2d7f7f773702f2da3a3b,17793.952368,0.052
64db848c9bc5db515c94ab30eee3c35decfe835ca8a6c40b0821fe30aaa04cdb,f219acf93580c06f4504a74e90b2f826094f3544ca2f60a49b929ab5d1f80d31,17796.217745,3.077
d9c9a39425c8044015e05eaf8330a6e48bad0e3edf1ec032098fb2c8b045c0b9,7fd157a7b694ec9235842e5191f04eb673f536c6f3bb37a9dc868eaeb977de9b,17796.483675,0.360
4bd219625127e9d2e12f7eb21015642ad64f42ea61a16f5577db0c2e7a54d4cf,1b9ff14203f132f3ca0342f8491d5b4e61000dbca9a88d6ef78132611cf99466,17800.929407,4.000
739faf50968804bd83adaade1c616b404ad02f354b6bb167295319b0ae5d9899,ca74b92087483a16a012c94b147c899e246570904c23a537cb8daeb2096ce52d,17802.193495,2.005
87b8ec9b41644a8b32cf64798ee6e0d8d7e5948575669ae9c5a8435a10813266,13220cb8f5b7112c02f2481c968497db0f96a9b6d45bc7204086d9914d5596b5,17808.640018,55.166
e572651326f1337845b6b98e94175d4dc9ec1338a73d1ab7ac61170ccaf88297,d92f8485c6246b3992a693f22bcc446a2f3d552d1b0cecc3fe637dec8f61e1ac,17812.073822,33.136
739faf50968804bd83adaade1c616b404ad02f354b6bb167295319b0ae5d9899,ca74b92087483a16a012c94b147c899e246570904c23a537cb8daeb2096ce52d,17813.209091,0.616
b2446308f35282348f1c6388346d932f610301eaa65bd0c283d8fb949d15e7cc,d206b500d8a622c7c6e606402b6f218d95ee19d6805d57bd7d6698351eea831a,17827.472852,95.509
d9c9a39425c8044015e05eaf8330a6e48bad0e3edf1ec032098fb2c8b045c0b9,7fd157a7b694ec9235842e5191f04eb673f536c6f3bb37a9dc868eaeb977de9b,17829.917583,0.755
f4930f068e300bc29cc1ba31414e01d1eaf55b1607c65985536c868ec9323990,f98b902a5d78635ca9426bf7b222c0f2e63e8316254891c86ab6c55292b5c8b2,17838.007917,0.449
e572651326f1337845b6b98e94175d4dc9ec1338a73d1ab7ac61170ccaf88297,518cd8f12974202d11b5a16a5437a6a560186fbe9584862c601084cbc18761c6,17845.791915,0.472
7475824cc4748c3fc8576d1ba486950f36d81d9cb5336cc1da801ef313b516d8,c8d99a8658319d5874fe33684bea9d87fab76b5593481d4d66145bec971607b3,17848.020403,0.203
e572651326f1337845b6b98e94175d4dc9ec1338a73d1ab7ac61170ccaf88297,d92f8485c6246b3992a693f22bcc446a2f3d552d1b0cecc3fe637dec8f61e1ac,17849.183221,95.378
739faf50968804bd83adaade1c616b404ad02f354b6bb167295319b0ae5d9899,ca74b92087483a16a012c94b147c899e246570904c23a537cb8daeb2096ce52d,17850.878922,2.394
cf54d1572c1d632986590f22a8313559a433bd667a10d3d3dae5912dcba6ea78,b259c1e9f9b5415e24c8b3e31485942012cde025f7115eb6c3b87d91de9ef892,17853.595894,0.100
7475824cc4748c3fc8576d1ba486950f36d81d9cb5336cc1da801ef313b516d8,c8d99a8658319d5874fe33684bea9d87fab76b5593481d4d66145bec971607b3,17856.555789,0.585
e572651326f1337845b6b98e94175d4dc9ec1338a73d1ab7ac61170ccaf88297,518cd8f12974202d11b5a16a5437a6a560186fbe9584862c601084cbc18761c6,17859.667052,0.137
739faf50968804bd83adaade1c616b404ad02f354b6bb167295319b0ae5d9899,ca74b92087483a16a012c94b147c899e246570904c23a537cb8daeb2096ce52d,17860.394709,1.193
739faf50968804bd83adaade1c616b404ad02f354b6bb167295319b0ae5d9899,ca74b92087483a16a012c94b147c899e246570904c23a537cb8daeb2096ce52d,17863.612343,0.636
739faf50968804bd83adaade1c616b404ad02f354b6bb167295319b0ae5d9899,ca74b92087483a16a012c94b147c899e246570904c23a537cb8daeb2096ce52d,17864.796142,0.363
739faf50968804bd83adaade1c616b404ad02f354b6bb167295319b0ae5d9899,ca74b92087483a16a012c94b147c899e246570904c23a537cb8daeb2096ce52d,17865.139980,0.296
739faf50968804bd83adaade1c616b404ad02f354b6bb167295319b0ae5d9899,ca74b92087483a16a012c94b147c899e246570904c23a537cb8daeb2096ce52d,17865.829751,0.363
739faf50968804bd83adaade1c616b404ad02f354b6bb167295319b0ae5d9899,ca74b92087483a16a012c94b147c899e246570904c23a537cb8daeb2096ce52d,17871.287149,0.458
a12f22a3f771308d969fd56d18df65bf6960a4101a3daa4cef878997a2e1978b,5c9849d631846bbec88a0601bf6b0ba43d9e757dbe6f64ca8e4875ba49f7b794,17873.757631,11.359
e572651326f1337845b6b98e94175d4dc9ec1338a73d1ab7ac61170ccaf88297,d92f8485c6246b3992a693f22bcc446a2f3d552d1b0cecc3fe637dec8f61e1ac,17879.769251,56.020
b34e792718773cd207a3d3bb54979d4952f301dd15d6f091f57008f075958309,541379714c2250706dfd8b76765ae74953f871377238b361a8666f510afeba58,17881.775945,34.066
cf54d1572c1d632986590f22a8313559a433bd667a10d3d3dae5912dcba6ea78,b259c1e9f9b5415e24c8b3e31485942012cde025f7115eb6c3b87d91de9ef892,17884.322910,0.035
e572651326f1337845b6b98e94175d4dc9ec1338a73d1ab7ac61170ccaf88297,518cd8f12974202d11b5a16a5437a6a560186fbe9584862c601084cbc18761c6,17889.467181,0.131
b34e792718773cd207a3d3bb54979d4952f301dd15d6f091f57008f075958309,541379714c2250706dfd8b76765ae74953f871377238b361a8666f510afeba58,17901.208036,27.618
aa09fd0de23af2f42704ea3f7a832860e356cb21fbe99fb4c513e0ac64da3ce9,a7220d0ede28b7b3aa0f0607ca44f14e871e76cab8c30bfd0134e64230326622,17906.063802,0.060
e572651326f1337845b6b98e94175d4dc9ec1338a73d1ab7ac61170ccaf88297,d92f8485c6246b3992a693f22bcc446a2f3d552d1b0cecc3fe637dec8f61e1ac,17907.787640,42.360
aa09fd0de23af2f42704ea3f7a832860e356cb21fbe99fb4c513e0ac64da3ce9,a7220d0ede28b7b3aa0f0607ca44f14e871e76cab8c30bfd0134e64230326622,17911.703155,0.037
e572651326f1337845b6b98e94175d4dc9ec1338a73d1ab7ac61170ccaf88297,518cd8f12974202d11b5a16a5437a6a560186fbe9584862c601084cbc18761c6,17913.336270,0.371
4bd219625127e9d2e12f7eb21015642ad64f42ea61a16f5577db0c2e7a54d4cf,1b9ff14203f132f3ca0342f8491d5b4e61000dbca9a88d6ef78132611cf99466,17921.004902,2.980
aa09fd0de23af2f42704ea3f7a832860e356cb21fbe99fb4c513e0ac64da3ce9,a7220d0ede28b7b3aa0f0607ca44f14e871e76cab8c30bfd0134e64230326622,17921.898602,0.043
e572651326f1337845b6b98e94175d4dc9ec1338a73d1ab7ac61170ccaf88297,518cd8f12974202d11b5a16a5437a6a560186fbe9584862c601084cbc18761c6,17928.872239,0.156
cf54d1572c1d632986590f22a8313559a433bd667a10d3d3dae5912dcba6ea78,b259c1e9f9b5415e24c8b3e31485942012cde025f7115eb6c3b87d91de9ef892,17931.191630,0.068
739faf50968804bd83adaade1c616b404ad02f354b6bb167295319b0ae5d9899,ca74b92087483a16a012c94b147c899e246570904c23a537cb8daeb2096ce52d,17933.268384,0.904
4bd219625127e9d2e12f7eb21015642ad64f42ea61a16f5577db0c2e7a54d4cf,1b9ff14203f132f3ca0342f8491d5b4e61000dbca9a88d6ef78132611cf99466,17937.116554,3.094
4bd219625127e9d2e12f7eb21015642ad64f42ea61a16f5577db0c2e7a54d4cf,97c31670ec24a392969c8bc769ded28f0ea827f99e77c918ebe894b02f4511dd,17947.984616,12.697
87b8ec9b41644a8b32cf64798ee6e0d8d7e5948575669ae9c5a8435a10813266,13220cb8f5b7112c02f2481c968497db0f96a9b6d45bc7204086d9914d5596b5,17949.355140,120.850
739faf50968804bd83adaade1c616b404ad02f354b6bb167295319b0ae5d9899,ca74b92087483a16a012c94b147c899e246570904c23a537cb8daeb2096ce52d,17949.740428,0.282
739faf50968804bd83adaade1c616b404ad02f354b6bb167295319b0ae5d9899,ca74b92087483a16a012c94b147c899e246570904c23a537cb8daeb2096ce52d,17950.515834,0.337
e572651326f1337845b6b98e94175d4dc9ec1338a73d1ab7ac61170ccaf88297,d92f8485c6246b3992a693f22bcc446a2f3d552d1b0cecc3fe637dec8f61e1ac,17956.300943,41.533
d9c9a39425c8044015e05eaf8330a6e48bad0e3edf1ec032098fb2c8b045c0b9,7fd157a7b694ec9235842e5191f04eb673f536c6f3bb37a9dc868eaeb977de9b,17958.901801,0.706
a7cf2f4bb45576518350fb91bb84800146f1dc257896e3b46b901095987e2a1c,6a144e613e2220f49247934c6e896484265f3763008c3235599da7133c320b63,17959.507419,0.154
e572651326f1337845b6b98e94175d4dc9ec1338a73d1ab7ac61170ccaf88297,518cd8f12974202d11b5a16a5437a6a560186fbe9584862c601084cbc18761c6,17963.992837,0.087
e572651326f1337845b6b98e94175d4dc9ec1338a73d1ab7ac61170ccaf88297,518cd8f12974202d11b5a16a5437a6a560186fbe9584862c601084cbc18761c6,17965.182811,0.200
87b8ec9b41644a8b32cf64798ee6e0d8d7e5948575669ae9c5a8435a10813266,9d4311638952a6ecefb68603a4ade3f6aedf1ff5a2f359c67bbef939d6a2e6dc,17972.094525,0.451
4bd219625127e9d2e12f7eb21015642ad64f42ea61a16f5577db0c2e7a54d4cf,97c31670ec24a392969c8bc769ded28f0ea827f99e77c918ebe894b02f4511dd,17973.282993,15.700
a279432833a21dc66309e252ef3f48f1ddc9eb706839d037a00b3f9f545c5e2d,9bfe15fe1c84832456da5d671ec99cfd73e0514bf91abfae306da2457af04221,17978.405689,3.470
b34e792718773cd207a3d3bb54979d4952f301dd15d6f091f57008f075958309,541379714c2250706dfd8b76765ae74953f871377238b361a8666f510afeba58,17978.747947,27.225
a7cf2f4bb45576518350fb91bb84800146f1dc257896e3b46b901095987e2a1c,0e0238481987246e775d487dc915a41e718967ef61dc0c3dbf5c2983b02dea84,17985.690636,103.453
739faf50968804bd83adaade1c616b404ad02f354b6bb167295319b0ae5d9899,ca74b92087483a16a012c94b147c899e246570904c23a537cb8daeb2096ce52d,17986.995488,0.925
e572651326f1337845b6b98e94175d4dc9ec1338a73d1ab7ac61170ccaf88297,d92f8485c6246b3992a693f22bcc446a2f3d552d1b0cecc3fe637dec8f61e1ac,18012.566322,34.669
e572651326f1337845b6b98e94175d4dc9ec1338a73d1ab7ac61170ccaf88297,d92f8485c6246b3992a693f22bcc446a2f3d552d1b0cecc3fe637dec8f61e1ac,18016.230960,63.850
64db848c9bc5db515c94ab30eee3c35decfe835ca8a6c40b0821fe30aaa04cdb,f219acf93580c06f4504a74e90b2f826094f3544ca2f60a49b929ab5d1f80d31,18020.891643,4.228
e572651326f1337845b6b98e94175d4dc9ec1338a73d1ab7ac61170ccaf88297,5d5cbd388a16ee5f19e2c8c5df4ac7a74ad36fdc9b8a8b0489074a41d61b6884,18022.943822,22.325
739faf50968804bd83adaade1c616b404ad02f354b6bb167295319b0ae5d9899,ca74b92087483a16a012c94b147c899e246570904c23a537cb8daeb2096ce52d,18023.085873,0.450
739faf50968804bd83adaade1c616b404ad02f354b6bb167295319b0ae5d9899,ca74b92087483a16a012c94b147c899e246570904c23a537cb8daeb2096ce52d,18023.952603,1.208
d9c9a39425c8044015e05eaf8330a6e48bad0e3edf1ec032098fb2c8b045c0b9,55b5c6b8e25e560a5244c522674fa8ad6f8dec1b83a702650726d57f2547c47c,18024.645539,0.057
e572651326f1337845b6b98e94175d4dc9ec1338a73d1ab7ac61170ccaf88297,518cd8f12974202d11b5a16a5437a6a560186fbe9584862c601084cbc18761c6,18042.613290,0.204
e572651326f1337845b6b98e94175d4dc9ec1338a73d1ab7ac61170ccaf88297,518cd8f12974202d11b5a16a5437a6a560186fbe9584862c601084cbc18761c6,18042.661792,0.102
eddb92315799e0eaf5d18b84bc5948186fbc33c0190b04c815d75765a979435c,78ec164daacd5c9e215e76ca4dfb2d1ef3a94743f8b329a281a0e9782a09f749,18044.364478,62.895
e572651326f1337845b6b98e94175d4dc9ec1338a73d1ab7ac61170ccaf88297,d92f8485c6246b3992a693f22bcc446a2f3d552d1b0cecc3fe637dec8f61e1ac,18050.735089,51.794
e572651326f1337845b6b98e94175d4dc9ec1338a73d1ab7ac61170ccaf88297,518cd8f12974202d11b5a16a5437a6a560186fbe9584862c601084cbc18761c6,18051.765643,0.170
f7b8083a0342944f477b97a321506ae52fc6e2e76bf6042f2280c281f43ee10d,4b2c05f30bc5080fb3ff505c4051509a4406f733b9ccd3386fa0900f3ae0d9bf,18055.926474,0.122
87b8ec9b41644a8b32cf64798ee6e0d8d7e5948575669ae9c5a8435a10813266,13220cb8f5b7112c02f2481c968497db0f96a9b6d45bc7204086d9914d5596b5,18056.332095,41.089
e572651326f1337845b6b98e94175d4dc9ec1338a73d1ab7ac61170ccaf88297,518cd8f12974202d11b5a16a5437a6a560186fbe9584862c601084cbc18761c6,18059.439522,0.228
e572651326f1337845b6b98e94175d4dc9ec1338a73d1ab7ac61170ccaf88297,d92f8485c6246b3992a693f22bcc446a2f3d552d1b0cecc3fe637dec8f61e1ac,18060.194581,41.554
d9c9a39425c8044015e05eaf8330a6e48bad0e3edf1ec032098fb2c8b045c0b9,7fd157a7b694ec9235842e5191f04eb673f536c6f3bb37a9dc868eaeb977de9b,18064.288660,2.012
739faf50968804bd83adaade1c616b404ad02f354b6bb167295319b0ae5d9899,ca74b92087483a16a012c94b147c899e246570904c23a537cb8daeb2096ce52d,18066.643031,1.099
7475824cc4748c3fc8576d1ba486950f36d81d9cb5336cc1da801ef313b516d8,c8d99a8658319d5874fe33684bea9d87fab76b5593481d4d66145bec971607b3,18068.008507,0.126
d9c9a39425c8044015e05eaf8330a6e48bad0e3edf1ec032098fb2c8b045c0b9,55b5c6b8e25e560a5244c522674fa8ad6f8dec1b83a702650726d57f2547c47c,18076.164013,0.110
7475824cc4748c3fc8576d1ba486950f36d81d9cb5336cc1da801ef313b516d8,eac0d7c37985ac4669b288f34505f79c6df5fc76371ca3b80b783133b39adfbd,18086.880218,52.933
aa09fd0de23af2f42704ea3f7a832860e356cb21fbe99fb4c513e0ac64da3ce9,a7220d0ede28b7b3aa0f0607ca44f14e871e76cab8c30bfd0134e64230326622,18094.441610,0.098
e572651326f1337845b6b98e94175d4dc9ec1338a73d1ab7ac61170ccaf88297,d92f8485c6246b3992a693f22bcc446a2f3d552d1b0cecc3fe637dec8f61e1ac,18113.853119,74.957
a279432833a21dc66309e252ef3f48f1ddc9eb706839d037a00b3f9f545c5e2d,9bfe15fe1c84832456da5d671ec99cfd73e0514bf91abfae306da2457af04221,18115.684241,2.601
a279432833a21dc66309e252ef3f48f1ddc9eb706839d037a00b3f9f545c5e2d,96b2b81126ccc77b62f8e30b2d3ae9fd295c3bf035deab650d5cf4c57cf49796,18120.411047,0.042
f4930f068e300bc29cc1ba31414e01d1eaf55b1607c65985536c868ec9323990,f98b902a5d78635ca9426bf7b222c0f2e63e8316254891c86ab6c55292b5c8b2,18138.651256,0.112
e572651326f1337845b6b98e94175d4dc9ec1338a73d1ab7ac61170ccaf88297,518cd8f12974202d11b5a16a5437a6a560186fbe9584862c601084cbc18761c6,18139.598769,0.332
e572651326f1337845b6b98e94175d4dc9ec1338a73d1ab7ac61170ccaf88297,518cd8f12974202d11b5a16a5437a6a560186fbe9584862c601084cbc18761c6,18140.975929,0.111
e572651326f1337845b6b98e94175d4dc9ec1338a73d1ab7ac61170ccaf88297,518cd8f12974202d11b5a16a5437a6a560186fbe9584862c601084cbc18761c6,18147.288488,0.568
739faf50968804bd83adaade1c616b404ad02f354b6bb167295319b0ae5d9899,ca74b92087483a16a012c94b147c899e246570904c23a537cb8daeb2096ce52d,18167.608079,0.775
739faf50968804bd83adaade1c616b404ad02f354b6bb167295319b0ae5d9899,ca74b92087483a16a012c94b147c899e246570904c23a537cb8daeb2096ce52d,18179.441667,0.593
739faf50968804bd83adaade1c616b404ad02f354b6bb167295319b0ae5d9899,ca74b92087483a16a012c94b147c899e246570904c23a537cb8daeb2096ce52d,18180.592089,0.753
739faf50968804bd83adaade1c616b404ad02f354b6bb167295319b0ae5d9899,ca74b92087483a16a012c94b147c899e246570904c23a537cb8daeb2096ce52d,18181.750666,0.595
a12f22a3f771308d969fd56d18df65bf6960a4101a3daa4cef878997a2e1978b,664c8bd366fc401f874d793373a2aafc5a5a506e2e04d325d5d83557d6df7502,18184.518209,0.040
739faf50968804bd83adaade1c616b404ad02f354b6bb167295319b0ae5d9899,ca74b92087483a16a012c94b147c899e246570904c23a537cb8daeb2096ce52d,18189.578208,0.833
cf54d1572c1d632986590f22a8313559a433bd667a10d3d3dae5912dcba6ea78,b259c1e9f9b5415e24c8b3e31485942012cde025f7115eb6c3b87d91de9ef892,18195.423525,0.027
e572651326f1337845b6b98e94175d4dc9ec1338a73d1ab7ac61170ccaf88297,d92f8485c6246b3992a693f22bcc446a2f3d552d1b0cecc3fe637dec8f61e1ac,18198.747828,29.004
739faf50968804bd83adaade1c616b404ad02f354b6bb167295319b0ae5d9899,ca74b92087483a16a012c94b147c899e246570904c23a537cb8daeb2096ce52d,18201.798934,0.740
e572651326f1337845b6b98e94175d4dc9ec1338a73d1ab7ac61170ccaf88297,d92f8485c6246b3992a693f22bcc446a2f3d552d1b0cecc3fe637dec8f61e1ac,18207.598423,410.350
d9c9a39425c8044015e05eaf8330a6e48bad0e3edf1ec032098fb2c8b045c0b9,7fd157a7b694ec9235842e5191f04eb673f536c6f3bb37a9dc868eaeb977de9b,18208.133980,1.120
cf54d1572c1d632986590f22a8313559a433bd667a10d3d3dae5912dcba6ea78,b259c1e9f9b5415e24c8b3e31485942012cde025f7115eb6c3b87d91de9ef892,18210.537361,0.041
e572651326f1337845b6b98e94175d4dc9ec1338a73d1ab7ac61170ccaf88297,d92f8485c6246b3992a693f22bcc446a2f3d552d1b0cecc3fe637dec8f61e1ac,18213.205294,71.644
739faf50968804bd83adaade1c616b404ad02f354b6bb167295319b0ae5d9899,ca74b92087483a16a012c94b147c899e246570904c23a537cb8daeb2096ce52d,18226.154019,0.610
4bd219625127e9d2e12f7eb21015642ad64f42ea61a16f5577db0c2e7a54d4cf,1b9ff14203f132f3ca0342f8491d5b4e61000dbca9a88d6ef78132611cf99466,18228.837305,6.199
739faf50968804bd83adaade1c616b404ad02f354b6bb167295319b0ae5d9899,ca74b92087483a16a012c94b147c899e246570904c23a537cb8daeb2096ce52d,18234.857923,0.681
e572651326f1337845b6b98e94175d4dc9ec1338a73d1ab7ac61170ccaf88297,5d5cbd388a16ee5f19e2c8c5df4ac7a74ad36fdc9b8a8b0489074a41d61b6884,18236.102163,14.888
739faf50968804bd83adaade1c616b404ad02f354b6bb167295319b0ae5d9899,ca74b92087483a16a012c94b147c899e246570904c23a537cb8daeb2096ce52d,18239.384800,0.525
e572651326f1337845b6b98e94175d4dc9ec1338a73d1ab7ac61170ccaf88297,5d5cbd388a16ee5f19e2c8c5df4ac7a74ad36fdc9b8a8b0489074a41d61b6884,18241.481929,13.288
a7cf2f4bb45576518350fb91bb84800146f1dc257896e3b46b901095987e2a1c,0e0238481987246e775d487dc915a41e718967ef61dc0c3dbf5c2983b02dea84,18242.092381,29.735
d9c9a39425c8044015e05eaf8330a6e48bad0e3edf1ec032098fb2c8b045c0b9,55b5c6b8e25e560a5244c522674fa8ad6f8dec1b83a702650726d57f2547c47c,18242.966255,0.106
e572651326f1337845b6b98e94175d4dc9ec1338a73d1ab7ac61170ccaf88297,d92f8485c6246b3992a693f22bcc446a2f3d552d1b0cecc3fe637dec8f61e1ac,18243.089086,44.905
e572651326f1337845b6b98e94175d4dc9ec1338a73d1ab7ac61170ccaf88297,d92f8485c6246b3992a693f22bcc446a2f3d552d1b0cecc3fe637dec8f61e1ac,18247.682984,23.090
cf54d1572c1d632986590f22a8313559a433bd667a10d3d3dae5912dcba6ea78,b259c1e9f9b5415e24c8b3e31485942012cde025f7115eb6c3b87d91de9ef892,18248.725033,0.107
b2446308f35282348f1c6388346d932f610301eaa65bd0c283d8fb949d15e7cc,db87b76b1f5c22aeb78e8ddae62a3f5b78f28580d14b2d7f7f773702f2da3a3b,18253.111696,0.055
b34e792718773cd207a3d3bb54979d4952f301dd15d6f091f57008f075958309,2f796c78515eb95a2d835ebf50326db182a91dce43f6d21d5785e80565851355,18263.627016,2.024
d9c9a39425c8044015e05eaf8330a6e48bad0e3edf1ec032098fb2c8b045c0b9,7fd157a7b694ec9235842e5191f04eb673f536c6f3bb37a9dc868eaeb977de9b,18264.896294,0.913
aa09fd0de23af2f42704ea3f7a832860e356cb21fbe99fb4c513e0ac64da3ce9,a7220d0ede28b7b3aa0f0607ca44f14e871e76cab8c30bfd0134e64230326622,18265.517696,0.066
64db848c9bc5db515c94ab30eee3c35decfe835ca8a6c40b0821fe30aaa04cdb,f219acf93580c06f4504a74e90b2f826094f3544ca2f60a49b929ab5d1f80d31,18280.904201,3.040
d9c9a39425c8044015e05eaf8330a6e48bad0e3edf1ec032098fb2c8b045c0b9,55b5c6b8e25e560a5244c522674fa8ad6f8dec1b83a702650726d57f2547c47c,18281.426202,0.055
d9c9a39425c8044015e05eaf8330a6e48bad0e3edf1ec032098fb2c8b045c0b9,55b5c6b8e25e560a5244c522674fa8ad6f8dec1b83a702650726d57f2547c47c,18281.440739,0.049
d9c9a39425c8044015e05eaf8330a6e48bad0e3edf1ec032098fb2c8b045c0b9,55b5c6b8e25e560a5244c522674fa8ad6f8dec1b83a702650726d57f2547c47c,18298.317592,0.045
e572651326f1337845b6b98e94175d4dc9ec1338a73d1ab7ac61170ccaf88297,d92f8485c6246b3992a693f22bcc446a2f3d552d1b0cecc3fe637dec8f61e1ac,18306.875713,81.101
b34e792718773cd207a3d3bb54979d4952f301dd15d6f091f57008f075958309,541379714c2250706dfd8b76765ae74953f871377238b361a8666f510afeba58,18312.613645,36.462
aa09fd0de23af2f42704ea3f7a832860e356cb21fbe99fb4c513e0ac64da3ce9,a7220d0ede28b7b3aa0f0607ca44f14e871e76cab8c30bfd0134e64230326622,18312.798867,0.029
f7b8083a0342944f477b97a321506ae52fc6e2e76bf6042f2280c281f43ee10d,4b2c05f30bc5080fb3ff505c4051509a4406f733b9ccd3386fa0900f3ae0d9bf,18319.386243,0.021
739faf50968804bd83adaade1c616b404ad02f354b6bb167295319b0ae5d9899,ca74b92087483a16a012c94b147c899e246570904c23a537cb8daeb2096ce52d,18328.984642,0.812
87b8ec9b41644a8b32cf64798ee6e0d8d7e5948575669ae9c5a8435a10813266,13220cb8f5b7112c02f2481c968497db0f96a9b6d45bc7204086d9914d5596b5,18334.881573,13.120
aa09fd0de23af2f42704ea3f7a832860e356cb21fbe99fb4c513e0ac64da3ce9,a7220d0ede28b7b3aa0f0607ca44f14e871e76cab8c30bfd0134e64230326622,18338.240371,0.032
739faf50968804bd83adaade1c616b404ad02f354b6bb167295319b0ae5d9899,ca74b92087483a16a012c94b147c899e246570904c23a537cb8daeb2096ce52d,18341.409273,0.644
d9c9a39425c8044015e05eaf8330a6e48bad0e3edf1ec032098fb2c8b045c0b9,55b5c6b8e25e560a5244c522674fa8ad6f8dec1b83a702650726d57f2547c47c,18348.689291,0.024
739faf50968804bd83adaade1c616b404ad02f354b6bb167295319b0ae5d9899,ca74b92087483a16a012c94b147c899e246570904c23a537cb8daeb2096ce52d,18349.846138,0.557
cf54d1572c1d632986590f22a8313559a433bd667a10d3d3dae5912dcba6ea78,b259c1e9f9b5415e24c8b3e31485942012cde025f7115eb6c3b87d91de9ef892,18352.041570,0.033
e572651326f1337845b6b98e94175d4dc9ec1338a73d1ab7ac61170ccaf88297,518cd8f12974202d11b5a16a5437a6a560186fbe9584862c601084cbc18761c6,18354.913831,0.282
b2446308f35282348f1c6388346d932f610301eaa65bd0c283d8fb949d15e7cc,d206b500d8a622c7c6e606402b6f218d95ee19d6805d57bd7d6698351eea831a,18355.442651,62.482
aa09fd0de23af2f42704ea3f7a832860e356cb21fbe99fb4c513e0ac64da3ce9,a7220d0ede28b7b3aa0f0607ca44f14e871e76cab8c30bfd0134e64230326622,18359.092749,0.062
739faf50968804bd83adaade1c616b404ad02f354b6bb167295319b0ae5d9899,ca74b92087483a16a012c94b147c899e246570904c23a537cb8daeb2096ce52d,18366.942999,0.323
e572651326f1337845b6b98e94175d4dc9ec1338a73d1ab7ac61170ccaf88297,5d5cbd388a16ee5f19e2c8c5df4ac7a74ad36fdc9b8a8b0489074a41d61b6884,18370.969596,11.595
d9c9a39425c8044015e05eaf8330a6e48bad0e3edf1ec032098fb2c8b045c0b9,7fd157a7b694ec9235842e5191f04eb673f536c6f3bb37a9dc868eaeb977de9b,18374.730897,0.744
b2446308f35282348f1c6388346d932f610301eaa65bd0c283d8fb949d15e7cc,db87b76b1f5c22aeb78e8ddae62a3f5b78f28580d14b2d7f7f773702f2da3a3b,18374.853986,0.021
99ae030b60cf247520cab75889c7e2f4c8be9422fce8cc2dc30c53820d8e487b,68b7a052a1a75027d0ba4031c39237121a4d32fa66b59c585684af85c61349ac,18375.469807,0.137
d9c9a39425c8044015e05eaf8330a6e48bad0e3edf1ec032098fb2c8b045c0b9,7fd157a7b694ec9235842e5191f04eb673f536c6f3bb37a9dc868eaeb977de9b,18385.958134,0.626
739faf50968804bd83adaade1c616b404ad02f354b6bb167295319b0ae5d9899,ca74b92087483a16a012c94b147c899e246570904c23a537cb8daeb2096ce52d,18390.601847,0.597
b2446308f35282348f1c6388346d932f610301eaa65bd0c283d8fb949d15e7cc,db87b76b1f5c22aeb78e8ddae62a3f5b78f28580d14b2d7f7f773702f2da3a3b,18398.385796,0.060
d9c9a39425c8044015e05eaf8330a6e48bad0e3edf1ec032098fb2c8b045c0b9,7fd157a7b694ec9235842e5191f04eb673f536c6f3bb37a9dc868eaeb977de9b,18402.411904,1.497
f7b8083a0342944f477b97a321506ae52fc6e2e76bf6042f2280c281f43ee10d,4b2c05f30bc5080fb3ff505c4051509a4406f733b9ccd3386fa0900f3ae0d9bf,18404.428593,0.037
aa09fd0de23af2f42704ea3f7a832860e356cb21fbe99fb4c513e0ac64da3ce9,a7220d0ede28b7b3aa0f0607ca44f14e871e76cab8c30bfd0134e64230326622,18406.036957,0.028
e572651326f1337845b6b98e94175d4dc9ec1338a73d1ab7ac61170ccaf88297,d92f8485c6246b3992a693f22bcc446a2f3d552d1b0cecc3fe637dec8f61e1ac,18406.185228,57.203
e572651326f1337845b6b98e94175d4dc9ec1338a73d1ab7ac61170ccaf88297,d92f8485c6246b3992a693f22bcc446a2f3d552d1b0cecc3fe637dec8f61e1ac,18407.400274,48.011
739faf50968804bd83adaade1c616b404ad02f354b6bb167295319b0ae5d9899,ca74b92087483a16a012c94b147c899e246570904c23a537cb8daeb2096ce52d,18407.906011,0.422
739faf50968804bd83adaade1c616b404ad02f354b6bb167295319b0ae5d9899,ca74b92087483a16a012c94b147c899e246570904c23a537cb8daeb2096ce52d,18413.236581,1.318
7475824cc4748c3fc8576d1ba486950f36d81d9cb5336cc1da801ef313b516d8,eac0d7c37985ac4669b288f34505f79c6df5fc76371ca3b80b783133b39adfbd,18413.753128,8.500
b2446308f35282348f1c6388346d932f610301eaa65bd0c283d8fb949d15e7cc,d206b500d8a622c7c6e606402b6f218d95ee19d6805d57bd7d6698351eea831a,18415.287819,88.497
aa09fd0de23af2f42704ea3f7a832860e356cb21fbe99fb4c513e0ac64da3ce9,a7220d0ede28b7b3aa0f0607ca44f14e871e76cab8c30bfd0134e64230326622,18422.309912,0.092
739faf50968804bd83adaade1c616b404ad02f354b6bb167295319b0ae5d9899,ca74b92087483a16a012c94b147c899e246570904c23a537cb8daeb2096ce52d,18424.856084,0.817
7475824cc4748c3fc8576d1ba486950f36d81d9cb5336cc1da801ef313b516d8,c8d99a8658319d5874fe33684bea9d87fab76b5593481d4d66145bec971607b3,18444.288169,0.653
739faf50968804bd83adaade1c616b404ad02f354b6bb167295319b0ae5d9899,ca74b92087483a16a012c94b147c899e246570904c23a537cb8daeb2096ce52d,18445.472070,0.636
739faf50968804bd83adaade1c616b404ad02f354b6bb167295319b0ae5d9899,ca74b92087483a16a012c94b147c899e246570904c23a537cb8daeb2096ce52d,18447.005770,1.190
e572651326f1337845b6b98e94175d4dc9ec1338a73d1ab7ac61170ccaf88297,d92f8485c6246b3992a693f22bcc446a2f3d552d1b0cecc3fe637dec8f61e1ac,18447.145203,48.141
d9c9a39425c8044015e05eaf8330a6e48bad0e3edf1ec032098fb2c8b045c0b9,55b5c6b8e25e560a5244c522674fa8ad6f8dec1b83a702650726d57f2547c47c,18452.882653,0.028
b2446308f35282348f1c6388346d932f610301eaa65bd0c283d8fb949d15e7cc,d206b500d8a622c7c6e606402b6f218d95ee19d6805d57bd7d6698351eea831a,18454.589669,100.672
a12f22a3f771308d969fd56d18df65bf6960a4101a3daa4cef878997a2e1978b,664c8bd366fc401f874d793373a2aafc5a5a506e2e04d325d5d83557d6df7502,18455.640433,0.100
cf54d1572c1d632986590f22a8313559a433bd667a10d3d3dae5912dcba6ea78,b259c1e9f9b5415e24c8b3e31485942012cde025f7115eb6c3b87d91de9ef892,18456.943438,0.034
eddb92315799e0eaf5d18b84bc5948186fbc33c0190b04c815d75765a979435c,78ec164daacd5c9e215e76ca4dfb2d1ef3a94743f8b329a281a0e9782a09f749,18468.925326,28.034
d9c9a39425c8044015e05eaf8330a6e48bad0e3edf1ec032098fb2c8b045c0b9,7fd157a7b694ec9235842e5191f04eb673f536c6f3bb37a9dc868eaeb977de9b,18469.133701,1.019
87b8ec9b41644a8b32cf64798ee6e0d8d7e5948575669ae9c5a8435a10813266,b85146d6fb2fb1b37a7b668f36287a534543da7a2bc393eac28fd9e974908af0,18477.702242,0.904
e572651326f1337845b6b98e94175d4dc9ec1338a73d1ab7ac61170ccaf88297,5d5cbd388a16ee5f19e2c8c5df4ac7a74ad36fdc9b8a8b0489074a41d61b6884,18491.671255,16.623
739faf50968804bd83adaade1c616b404ad02f354b6bb167295319b0ae5d9899,ca74b92087483a16a012c94b147c899e246570904c23a537cb8daeb2096ce52d,18492.081369,0.522
e572651326f1337845b6b98e94175d4dc9ec1338a73d1ab7ac61170ccaf88297,5d5cbd388a16ee5f19e2c8c5df4ac7a74ad36fdc9b8a8b0489074a41d61b6884,18493.030415,13.419
d9c9a39425c8044015e05eaf8330a6e48bad0e3edf1ec032098fb2c8b045c0b9,55b5c6b8e25e560a5244c522674fa8ad6f8dec1b83a702650726d57f2547c47c,18494.310446,0.028
e572651326f1337845b6b98e94175d4dc9ec1338a73d1ab7ac61170ccaf88297,518cd8f12974202d11b5a16a5437a6a560186fbe9584862c601084cbc18761c6,18495.314599,0.450
739faf50968804bd83adaade1c616b404ad02f354b6bb167295319b0ae5d9899,ca74b92087483a16a012c94b147c899e246570904c23a537cb8daeb2096ce52d,18502.298137,0.475
36918b2e6c7d7af242c355afc840cf4665e3ea068cf464571367b9c37779bf80,7256bfbb7f3fd68f57187fc7395b4cbcb317c2abb99ee066d02f0844dbcb8ee7,18504.288495,4.196
739faf50968804bd83adaade1c616b404ad02f354b6bb167295319b0ae5d9899,ca74b92087483a16a012c94b147c899e246570904c23a537cb8daeb2096ce52d,18517.872704,2.481
739faf50968804bd83adaade1c616b404ad02f354b6bb167295319b0ae5d9899,ca74b92087483a16a012c94b147c899e246570904c23a537cb8daeb2096ce52d,18518.072876,0.864
4bd219625127e9d2e12f7eb21015642ad64f42ea61a16f5577db0c2e7a54d4cf,97c31670ec24a392969c8bc769ded28f0ea827f99e77c918ebe894b02f4511dd,18520.060338,19.402
e572651326f1337845b6b98e94175d4dc9ec1338a73d1ab7ac61170ccaf88297,d92f8485c6246b3992a693f22bcc446a2f3d552d1b0cecc3fe637dec8f61e1ac,18521.305849,74.698
739faf50968804bd83adaade1c616b404ad02f354b6bb167295319b0ae5d9899,ca74b92087483a16a012c94b147c899e246570904c23a537cb8daeb2096ce52d,18524.353531,1.525
e572651326f1337845b6b98e94175d4dc9ec1338a73d1ab7ac61170ccaf88297,d92f8485c6246b3992a693f22bcc446a2f3d552d1b0cecc3fe637dec8f61e1ac,18530.830426,98.008
e572651326f1337845b6b98e94175d4dc9ec1338a73d1ab7ac61170ccaf88297,518cd8f12974202d11b5a16a5437a6a560186fbe9584862c601084cbc18761c6,18531.328257,0.237
4bd219625127e9d2e12f7eb21015642ad64f42ea61a16f5577db0c2e7a54d4cf,97c31670ec24a392969c8bc769ded28f0ea827f99e77c918ebe894b02f4511dd,18533.368659,10.625
e572651326f1337845b6b98e94175d4dc9ec1338a73d1ab7ac61170ccaf88297,5d5cbd388a16ee5f19e2c8c5df4ac7a74ad36fdc9b8a8b0489074a41d61b6884,18542.910256,22.656
b2446308f35282348f1c6388346d932f610301eaa65bd0c283d8fb949d15e7cc,db87b76b1f5c22aeb78e8ddae62a3f5b78f28580d14b2d7f7f773702f2da3a3b,18544.194743,0.051
e572651326f1337845b6b98e94175d4dc9ec1338a73d1ab7ac61170ccaf88297,d92f8485c6246b3992a693f22bcc446a2f3d552d1b0cecc3fe637dec8f61e1ac,18546.574969,128.404
f4930f068e300bc29cc1ba31414e01d1eaf55b1607c65985536c868ec9323990,f98b902a5d78635ca9426bf7b222c0f2e63e8316254891c86ab6c55292b5c8b2,18548.192938,0.086
e572651326f1337845b6b98e94175d4dc9ec1338a73d1ab7ac61170ccaf88297,d92f8485c6246b3992a693f22bcc446a2f3d552d1b0cecc3fe637dec8f61e1ac,18554.872930,48.066
eddb92315799e0eaf5d18b84bc5948186fbc33c0190b04c815d75765a979435c,9ecd2766ee6bd299d23bbc00b9a905d490ebeb2e675d857ef4f1bd4d5877c065,18555.899393,3.889
739faf50968804bd83adaade1c616b404ad02f354b6bb167295319b0ae5d9899,ca74b92087483a16a012c94b147c899e246570904c23a537cb8daeb2096ce52d,18555.940029,0.281
cf54d1572c1d632986590f22a8313559a433bd667a10d3d3dae5912dcba6ea78,b259c1e9f9b5415e24c8b3e31485942012cde025f7115eb6c3b87d91de9ef892,18559.598582,0.050
e572651326f1337845b6b98e94175d4dc9ec1338a73d1ab7ac61170ccaf88297,518cd8f12974202d11b5a16a5437a6a560186fbe9584862c601084cbc18761c6,18560.178338,0.066
d9c9a39425c8044015e05eaf8330a6e48bad0e3edf1ec032098fb2c8b045c0b9,55b5c6b8e25e560a5244c522674fa8ad6f8dec1b83a702650726d57f2547c47c,18563.472244,0.053
e572651326f1337845b6b98e94175d4dc9ec1338a73d1ab7ac61170ccaf88297,d92f8485c6246b3992a693f22bcc446a2f3d552d1b0cecc3fe637dec8f61e1ac,18564.295708,26.232
e572651326f1337845b6b98e94175d4dc9ec1338a73d1ab7ac61170ccaf88297,5d5cbd388a16ee5f19e2c8c5df4ac7a74ad36fdc9b8a8b0489074a41d61b6884,18565.810299,43.742
e572651326f1337845b6b98e94175d4dc9ec1338a73d1ab7ac61170ccaf88297,d92f8485c6246b3992a693f22bcc446a2f3d552d1b0cecc3fe637dec8f61e1ac,18570.312825,58.796
739faf50968804bd83adaade1c616b404ad02f354b6bb167295319b0ae5d9899,ca74b92087483a16a012c94b147c899e246570904c23a537cb8daeb2096ce52d,18571.226152,0.740
e572651326f1337845b6b98e94175d4dc9ec1338a73d1ab7ac61170ccaf88297,518cd8f12974202d11b5a16a5437a6a560186fbe9584862c601084cbc18761c6,18571.758734,0.362
e572651326f1337845b6b98e94175d4dc9ec1338a73d1ab7ac61170ccaf88297,518cd8f12974202d11b5a16a5437a6a560186fbe9584862c601084cbc18761c6,18572.300813,0.276
739faf50968804bd83adaade1c616b404ad02f354b6bb167295319b0ae5d9899,ca74b92087483a16a012c94b147c899e246570904c23a537cb8daeb2096ce52d,18574.550515,0.740
a7cf2f4bb45576518350fb91bb84800146f1dc257896e3b46b901095987e2a1c,6a144e613e2220f49247934c6e896484265f3763008c3235599da7133c320b63,18574.956468,0.111
b34e792718773cd207a3d3bb54979d4952f301dd15d6f091f57008f075958309,2f796c78515eb95a2d835ebf50326db182a91dce43f6d21d5785e80565851355,18577.023447,2.475
a7cf2f4bb45576518350fb91bb84800146f1dc257896e3b46b901095987e2a1c,6a144e613e2220f49247934c6e896484265f3763008c3235599da7133c320b63,18578.367047,0.127
eddb92315799e0eaf5d18b84bc5948186fbc33c0190b04c815d75765a979435c,9ecd2766ee6bd299d23bbc00b9a905d490ebeb2e675d857ef4f1bd4d5877c065,18581.909636,29.229
739faf50968804bd83adaade1c616b404ad02f354b6bb167295319b0ae5d9899,ca74b92087483a16a012c94b147c899e246570904c23a537cb8daeb2096ce52d,18592.064483,1.282
739faf50968804bd83adaade1c616b404ad02f354b6bb167295319b0ae5d9899,ca74b92087483a16a012c94b147c899e246570904c23a537cb8daeb2096ce52d,18601.623917,0.638
cf54d1572c1d632986590f22a8313559a433bd667a10d3d3dae5912dcba6ea78,b259c1e9f9b5415e24c8b3e31485942012cde025f7115eb6c3b87d91de9ef892,18602.091000,0.056
e572651326f1337845b6b98e94175d4dc9ec1338a73d1ab7ac61170ccaf88297,518cd8f12974202d11b5a16a5437a6a560186fbe9584862c601084cbc18761c6,18603.175894,0.277
b2446308f35282348f1c6388346d932f610301eaa65bd0c283d8fb949d15e7cc,d206b500d8a622c7c6e606402b6f218d95ee19d6805d57bd7d6698351eea831a,18607.507763,32.148
d9c9a39425c8044015e05eaf8330a6e48bad0e3edf1ec032098fb2c8b045c0b9,55b5c6b8e25e560a5244c522674fa8ad6f8dec1b83a702650726d57f2547c47c,18613.316474,0.013
739faf50968804bd83adaade1c616b404ad02f354b6bb167295319b0ae5d9899,ca74b92087483a16a012c94b147c899e246570904c23a537cb8daeb2096ce52d,18615.982992,0.367
efcdd56913d0ce6927045a6f4e8bc025d4bc3a901c3f657e7c0c0d52a157e940,d3001621518a70a020141bf2f78060d34d8b1d6a417c7d5ad0650366921617ac,18623.044897,0.322
b2446308f35282348f1c6388346d932f610301eaa65bd0c283d8fb949d15e7cc,d206b500d8a622c7c6e606402b6f218d95ee19d6805d57bd7d6698351eea831a,18627.950488,18.794
739faf50968804bd83adaade1c616b404ad02f354b6bb167295319b0ae5d9899,ca74b92087483a16a012c94b147c899e246570904c23a537cb8daeb2096ce52d,18628.380085,0.573
b34e792718773cd207a3d3bb54979d4952f301dd15d6f091f57008f075958309,541379714c2250706dfd8b76765ae74953f871377238b361a8666f510afeba58,18628.645969,58.837
739faf50968804bd83adaade1c616b404ad02f354b6bb167295319b0ae5d9899,ca74b92087483a16a012c94b147c899e246570904c23a537cb8daeb2096ce52d,18629.632792,0.703
a279432833a21dc66309e252ef3f48f1ddc9eb706839d037a00b3f9f545c5e2d,9bfe15fe1c84832456da5d671ec99cfd73e0514bf91abfae306da2457af04221,18630.218605,4.002
64db848c9bc5db515c94ab30eee3c35decfe835ca8a6c40b0821fe30aaa04cdb,f219acf93580c06f4504a74e90b2f826094f3544ca2f60a49b929ab5d1f80d31,18630.877647,2.154
e572651326f1337845b6b98e94175d4dc9ec1338a73d1ab7ac61170ccaf88297,d92f8485c6246b3992a693f22bcc446a2f3d552d1b0cecc3fe637dec8f61e1ac,18636.137450,56.163
b34e792718773cd207a3d3bb54979d4952f301dd15d6f091f57008f075958309,541379714c2250706dfd8b76765ae74953f871377238b361a8666f510afeba58,18636.575852,59.753
739faf50968804bd83adaade1c616b404ad02f354b6bb167295319b0ae5d9899,ca74b92087483a16a012c94b147c899e246570904c23a537cb8daeb2096ce52d,18640.313932,2.153
b2446308f35282348f1c6388346d932f610301eaa65bd0c283d8fb949d15e7cc,d206b500d8a622c7c6e606402b6f218d95ee19d6805d57bd7d6698351eea831a,18651.126323,72.102
d9c9a39425c8044015e05eaf8330a6e48bad0e3edf1ec032098fb2c8b045c0b9,7fd157a7b694ec9235842e5191f04eb673f536c6f3bb37a9dc868eaeb977de9b,18651.673541,1.181
aa09fd0de23af2f42704ea3f7a832860e356cb21fbe99fb4c513e0ac64da3ce9,a7220d0ede28b7b3aa0f0607ca44f14e871e76cab8c30bfd0134e64230326622,18654.671337,0.089
d9c9a39425c8044015e05eaf8330a6e48bad0e3edf1ec032098fb2c8b045c0b9,7fd157a7b694ec9235842e5191f04eb673f536c6f3bb37a9dc868eaeb977de9b,18658.867921,0.740
cf54d1572c1d632986590f22a8313559a433bd667a10d3d3dae5912dcba6ea78,b259c1e9f9b5415e24c8b3e31485942012cde025f7115eb6c3b87d91de9ef892,18660.933832,0.035
739faf50968804bd83adaade1c616b404ad02f354b6bb167295319b0ae5d9899,ca74b92087483a16a012c94b147c899e246570904c23a537cb8daeb2096ce52d,18660.989529,0.841
e572651326f1337845b6b98e94175d4dc9ec1338a73d1ab7ac61170ccaf88297,d92f8485c6246b3992a693f22bcc446a2f3d552d1b0cecc3fe637dec8f61e1ac,18666.374302,137.605
a12f22a3f771308d969fd56d18df65bf6960a4101a3daa4cef878997a2e1978b,664c8bd366fc401f874d793373a2aafc5a5a506e2e04d325d5d83557d6df7502,18666.455516,0.043
eddb92315799e0eaf5d18b84bc5948186fbc33c0190b04c815d75765a979435c,9ecd2766ee6bd299d23bbc00b9a905d490ebeb2e675d857ef4f1bd4d5877c065,18668.867387,26.390
739faf50968804bd83adaade1c616b404ad02f354b6bb167295319b0ae5d9899,ca74b92087483a16a012c94b147c899e246570904c23a537cb8daeb2096ce52d,18674.232183,1.160
d9c9a39425c8044015e05eaf8330a6e48bad0e3edf1ec032098fb2c8b045c0b9,7fd157a7b694ec9235842e5191f04eb673f536c6f3bb37a9dc868eaeb977de9b,18674.479496,0.653
739faf50968804bd83adaade1c616b404ad02f354b6bb167295319b0ae5d9899,ca74b92087483a16a012c94b147c899e246570904c23a537cb8daeb2096ce52d,18675.615734,0.703
b34e792718773cd207a3d3bb54979d4952f301dd15d6f091f57008f075958309,541379714c2250706dfd8b76765ae74953f871377238b361a8666f510afeba58,18676.330588,82.343
e572651326f1337845b6b98e94175d4dc9ec1338a73d1ab7ac61170ccaf88297,d92f8485c6246b3992a693f22bcc446a2f3d552d1b0cecc3fe637dec8f61e1ac,18686.139826,20.551
e572651326f1337845b6b98e94175d4dc9ec1338a73d1ab7ac61170ccaf88297,d92f8485c6246b3992a693f22bcc446a2f3d552d1b0cecc3fe637dec8f61e1ac,18687.051176,176.213
e572651326f1337845b6b98e94175d4dc9ec1338a73d1ab7ac61170ccaf88297,d92f8485c6246b3992a693f22bcc446a2f3d552d1b0cecc3fe637dec8f61e1ac,18688.705114,48.866
efcdd56913d0ce6927045a6f4e8bc025d4bc3a901c3f657e7c0c0d52a157e940,d3001621518a70a020141bf2f78060d34d8b1d6a417c7d5ad0650366921617ac,18699.259044,0.303
e572651326f1337845b6b98e94175d4dc9ec1338a73d1ab7ac61170ccaf88297,5d5cbd388a16ee5f19e2c8c5df4ac7a74ad36fdc9b8a8b0489074a41d61b6884,18704.723619,14.962
e572651326f1337845b6b98e94175d4dc9ec1338a73d1ab7ac61170ccaf88297,518cd8f12974202d11b5a16a5437a6a560186fbe9584862c601084cbc18761c6,18706.597759,0.217
739faf50968804bd83adaade1c616b404ad02f354b6bb167295319b0ae5d9899,ca74b92087483a16a012c94b147c899e246570904c23a537cb8daeb2096ce52d,18707.532587,1.109
d9c9a39425c8044015e05eaf8330a6e48bad0e3edf1ec032098fb2c8b045c0b9,7fd157a7b694ec9235842e5191f04eb673f536c6f3bb37a9dc868eaeb977de9b,18712.584234,0.600
87b8ec9b41644a8b32cf64798ee6e0d8d7e5948575669ae9c5a8435a10813266,9d4311638952a6ecefb68603a4ade3f6aedf1ff5a2f359c67bbef939d6a2e6dc,18714.078847,0.217
f7b8083a0342944f477b97a321506ae52fc6e2e76bf6042f2280c281f43ee10d,4b2c05f30bc5080fb3ff505c4051509a4406f733b9ccd3386fa0900f3ae0d9bf,18727.486261,0.026
e572651326f1337845b6b98e94175d4dc9ec1338a73d1ab7ac61170ccaf88297,d92f8485c6246b3992a693f22bcc446a2f3d552d1b0cecc3fe637dec8f61e1ac,18742.595481,34.364
eddb92315799e0eaf5d18b84bc5948186fbc33c0190b04c815d75765a979435c,110010ce3452fe8d402b60888cc981d5c1f099fa94092e745a629835ecdb9f51,18754.431659,0.058
e572651326f1337845b6b98e94175d4dc9ec1338a73d1ab7ac61170ccaf88297,518cd8f12974202d11b5a16a5437a6a560186fbe9584862c601084cbc18761c6,18757.963630,0.270
a12f22a3f771308d969fd56d18df65bf6960a4101a3daa4cef878997a2e1978b,664c8bd366fc401f874d793373a2aafc5a5a506e2e04d325d5d83557d6df7502,18759.815133,0.054
d9c9a39425c8044015e05eaf8330a6e48bad0e3edf1ec032098fb2c8b045c0b9,7fd157a7b694ec9235842e5191f04eb673f536c6f3bb37a9dc868eaeb977de9b,18768.505429,1.432
e572651326f1337845b6b98e94175d4dc9ec1338a73d1ab7ac61170ccaf88297,d92f8485c6246b3992a693f22bcc446a2f3d552d1b0cecc3fe637dec8f61e1ac,18772.255773,23.731
b34e792718773cd207a3d3bb54979d4952f301dd15d6f091f57008f075958309,541379714c2250706dfd8b76765ae74953f871377238b361a8666f510afeba58,18772.362802,21.673
e572651326f1337845b6b98e94175d4dc9ec1338a73d1ab7ac61170ccaf88297,5d5cbd388a16ee5f19e2c8c5df4ac7a74ad36fdc9b8a8b0489074a41d61b6884,18793.865305,22.163
eddb92315799e0eaf5d18b84bc5948186fbc33c0190b04c815d75765a979435c,110010ce3452fe8d402b60888cc981d5c1f099fa94092e745a629835ecdb9f51,18794.001009,0.134
b2446308f35282348f1c6388346d932f610301eaa65bd0c283d8fb949d15e7cc,db87b76b1f5c22aeb78e8ddae62a3f5b78f28580d14b2d7f7f773702f2da3a3b,18794.592733,0.054
eddb92315799e0eaf5d18b84bc5948186fbc33c0190b04c815d75765a979435c,9ecd2766ee6bd299d23bbc00b9a905d490ebeb2e675d857ef4f1bd4d5877c065,18805.796667,17.419
739faf50968804bd83adaade1c616b404ad02f354b6bb167295319b0ae5d9899,ca74b92087483a16a012c94b147c899e246570904c23a537cb8daeb2096ce52d,18806.621452,0.428
e572651326f1337845b6b98e94175d4dc9ec1338a73d1ab7ac61170ccaf88297,518cd8f12974202d11b5a16a5437a6a560186fbe9584862c601084cbc18761c6,18823.847786,0.234
4bd219625127e9d2e12f7eb21015642ad64f42ea61a16f5577db0c2e7a54d4cf,1b9ff14203f132f3ca0342f8491d5b4e61000dbca9a88d6ef78132611cf99466,18824.696969,1.916
f7b8083a0342944f477b97a321506ae52fc6e2e76bf6042f2280c281f43ee10d,d414dfb669aa29482336ef26db33feead9a3bd71190ba5d44412a9f8bedf26de,18830.508446,9.234
e572651326f1337845b6b98e94175d4dc9ec1338a73d1ab7ac61170ccaf88297,518cd8f12974202d11b5a16a5437a6a560186fbe9584862c601084cbc18761c6,18833.615444,0.239
d9c9a39425c8044015e05eaf8330a6e48bad0e3edf1ec032098fb2c8b045c0b9,7fd157a7b694ec9235842e5191f04eb673f536c6f3bb37a9dc868eaeb977de9b,18836.844916,0.587
e572651326f1337845b6b98e94175d4dc9ec1338a73d1ab7ac61170ccaf88297,5d5cbd388a16ee5f19e2c8c5df4ac7a74ad36fdc9b8a8b0489074a41d61b6884,18838.315371,41.522
87b8ec9b41644a8b32cf64798ee6e0d8d7e5948575669ae9c5a8435a10813266,b85146d6fb2fb1b37a7b668f36287a534543da7a2bc393eac28fd9e974908af0,18844.597972,4.325
e572651326f1337845b6b98e94175d4dc9ec1338a73d1ab7ac61170ccaf88297,d92f8485c6246b3992a693f22bcc446a2f3d552d1b0cecc3fe637dec8f61e1ac,18844.730581,53.114
99ae030b60cf247520cab75889c7e2f4c8be9422fce8cc2dc30c53820d8e487b,68b7a052a1a75027d0ba4031c39237121a4d32fa66b59c585684af85c61349ac,18855.582301,0.331
e572651326f1337845b6b98e94175d4dc9ec1338a73d1ab7ac61170ccaf88297,518cd8f12974202d11b5a16a5437a6a560186fbe9584862c601084cbc18761c6,18857.062458,0.201
e572651326f1337845b6b98e94175d4dc9ec1338a73d1ab7ac61170ccaf88297,5d5cbd388a16ee5f19e2c8c5df4ac7a74ad36fdc9b8a8b0489074a41d61b6884,18857.802390,8.317
aa09fd0de23af2f42704ea3f7a832860e356cb21fbe99fb4c513e0ac64da3ce9,a7220d0ede28b7b3aa0f0607ca44f14e871e76cab8c30bfd0134e64230326622,18857.932304,0.043
e572651326f1337845b6b98e94175d4dc9ec1338a73d1ab7ac61170ccaf88297,d92f8485c6246b3992a693f22bcc446a2f3d552d1b0cecc3fe637dec8f61e1ac,18864.648983,44.659
e572651326f1337845b6b98e94175d4dc9ec1338a73d1ab7ac61170ccaf88297,d92f8485c6246b3992a693f22bcc446a2f3d552d1b0cecc3fe637dec8f61e1ac,18867.675750,49.613
e572651326f1337845b6b98e94175d4dc9ec1338a73d1ab7ac61170ccaf88297,5d5cbd388a16ee5f19e2c8c5df4ac7a74ad36fdc9b8a8b0489074a41d61b6884,18870.031236,57.410
d9c9a39425c8044015e05eaf8330a6e48bad0e3edf1ec032098fb2c8b045c0b9,55b5c6b8e25e560a5244c522674fa8ad6f8dec1b83a702650726d57f2547c47c,18870.918840,0.059
4bd219625127e9d2e12f7eb21015642ad64f42ea61a16f5577db0c2e7a54d4cf,1b9ff14203f132f3ca0342f8491d5b4e61000dbca9a88d6ef78132611cf99466,18874.745177,6.258
e572651326f1337845b6b98e94175d4dc9ec1338a73d1ab7ac61170ccaf88297,5d5cbd388a16ee5f19e2c8c5df4ac7a74ad36fdc9b8a8b0489074a41d61b6884,18882.739396,13.106
739faf50968804bd83adaade1c616b404ad02f354b6bb167295319b0ae5d9899,ca74b92087483a16a012c94b147c899e246570904c23a537cb8daeb2096ce52d,18884.875215,1.224
e572651326f1337845b6b98e94175d4dc9ec1338a73d1ab7ac61170ccaf88297,d92f8485c6246b3992a693f22bcc446a2f3d552d1b0cecc3fe637dec8f61e1ac,18892.969117,58.560
87b8ec9b41644a8b32cf64798ee6e0d8d7e5948575669ae9c5a8435a10813266,9d4311638952a6ecefb68603a4ade3f6aedf1ff5a2f359c67bbef939d6a2e6dc,18894.329358,0.227
eddb92315799e0eaf5d18b84bc5948186fbc33c0190b04c815d75765a979435c,110010ce3452fe8d402b60888cc981d5c1f099fa94092e745a629835ecdb9f51,18894.720417,0.078
b2446308f35282348f1c6388346d932f610301eaa65bd0c283d8fb949d15e7cc,d206b500d8a622c7c6e606402b6f218d95ee19d6805d57bd7d6698351eea831a,18895.680419,67.931
e572651326f1337845b6b98e94175d4dc9ec1338a73d1ab7ac61170ccaf88297,d92f8485c6246b3992a693f22bcc446a2f3d552d1b0cecc3fe637dec8f61e1ac,18897.787467,267.049
739faf50968804bd83adaade1c616b404ad02f354b6bb167295319b0ae5d9899,ca74b92087483a16a012c94b147c899e246570904c23a537cb8daeb2096ce52d,18901.096335,3.003
e572651326f1337845b6b98e94175d4dc9ec1338a73d1ab7ac61170ccaf88297,d92f8485c6246b3992a693f22bcc446a2f3d552d1b0cecc3fe637dec8f61e1ac,18908.506540,224.044
cf54d1572c1d632986590f22a8313559a433bd667a10d3d3dae5912dcba6ea78,b259c1e9f9b5415e24c8b3e31485942012cde025f7115eb6c3b87d91de9ef892,18908.538965,0.079
739faf50968804bd83adaade1c616b404ad02f354b6bb167295319b0ae5d9899,ca74b92087483a16a012c94b147c899e246570904c23a537cb8daeb2096ce52d,18910.470818,2.094
739faf50968804bd83adaade1c616b404ad02f354b6bb167295319b0ae5d9899,ca74b92087483a16a012c94b147c899e246570904c23a537cb8daeb2096ce52d,18911.213619,0.672
36918b2e6c7d7af242c355afc840cf4665e3ea068cf464571367b9c37779bf80,7256bfbb7f3fd68f57187fc7395b4cbcb317c2abb99ee066d02f0844dbcb8ee7,18912.273168,0.733
739faf50968804bd83adaade1c616b404ad02f354b6bb167295319b0ae5d9899,ca74b92087483a16a012c94b147c899e246570904c23a537cb8daeb2096ce52d,18912.379208,0.884
a279432833a21dc66309e252ef3f48f1ddc9eb706839d037a00b3f9f545c5e2d,7f0b52256911bed19622812b8483c07daf2e9103a269f567068ed939e33a2785,18919.353503,1.881
739faf50968804bd83adaade1c616b404ad02f354b6bb167295319b0ae5d9899,ca74b92087483a16a012c94b147c899e246570904c23a537cb8daeb2096ce52d,18921.697475,0.744
e572651326f1337845b6b98e94175d4dc9ec1338a73d1ab7ac61170ccaf88297,d92f8485c6246b3992a693f22bcc446a2f3d552d1b0cecc3fe637dec8f61e1ac,18923.636201,60.200
d9c9a39425c8044015e05eaf8330a6e48bad0e3edf1ec032098fb2c8b045c0b9,7fd157a7b694ec9235842e5191f04eb673f536c6f3bb37a9dc868eaeb977de9b,18930.645671,1.060
e572651326f1337845b6b98e94175d4dc9ec1338a73d1ab7ac61170ccaf88297,d92f8485c6246b3992a693f22bcc446a2f3d552d1b0cecc3fe637dec8f61e1ac,18932.387662,64.474
739faf50968804bd83adaade1c616b404ad02f354b6bb167295319b0ae5d9899,ca74b92087483a16a012c94b147c899e246570904c23a537cb8daeb2096ce52d,18932.686286,0.818
e572651326f1337845b6b98e94175d4dc9ec1338a73d1ab7ac61170ccaf88297,d92f8485c6246b3992a693f22bcc446a2f3d552d1b0cecc3fe637dec8f61e1ac,18936.706110,48.166
eddb92315799e0eaf5d18b84bc5948186fbc33c0190b04c815d75765a979435c,9ecd2766ee6bd299d23bbc00b9a905d490ebeb2e675d857ef4f1bd4d5877c065,18942.771785,4.462
e572651326f1337845b6b98e94175d4dc9ec1338a73d1ab7ac61170ccaf88297,518cd8f12974202d11b5a16a5437a6a560186fbe9584862c601084cbc18761c6,18948.873366,0.130
b2446308f35282348f1c6388346d932f610301eaa65bd0c283d8fb949d15e7cc,db87b76b1f5c22aeb78e8ddae62a3f5b78f28580d14b2d7f7f773702f2da3a3b,18952.110500,0.034
e572651326f1337845b6b98e94175d4dc9ec1338a73d1ab7ac61170ccaf88297,5d5cbd388a16ee5f19e2c8c5df4ac7a74ad36fdc9b8a8b0489074a41d61b6884,18959.766997,23.768
e572651326f1337845b6b98e94175d4dc9ec1338a73d1ab7ac61170ccaf88297,518cd8f12974202d11b5a16a5437a6a560186fbe9584862c601084cbc18761c6,18961.649982,0.211
e572651326f1337845b6b98e94175d4dc9ec1338a73d1ab7ac61170ccaf88297,518cd8f12974202d11b5a16a5437a6a560186fbe9584862c601084cbc18761c6,18967.449565,0.363
e572651326f1337845b6b98e94175d4dc9ec1338a73d1ab7ac61170ccaf88297,d92f8485c6246b3992a693f22bcc446a2f3d552d1b0cecc3fe637dec8f61e1ac,18971.286233,135.345
e572651326f1337845b6b98e94175d4dc9ec1338a73d1ab7ac61170ccaf88297,518cd8f12974202d11b5a16a5437a6a560186fbe9584862c601084cbc18761c6,18973.590932,0.240
b34e792718773cd207a3d3bb54979d4952f301dd15d6f091f57008f075958309,541379714c2250706dfd8b76765ae74953f871377238b361a8666f510afeba58,18994.919836,48.655
87b8ec9b41644a8b32cf64798ee6e0d8d7e5948575669ae9c5a8435a10813266,9d4311638952a6ecefb68603a4ade3f6aedf1ff5a2f359c67bbef939d6a2e6dc,19008.449632,0.274
e572651326f1337845b6b98e94175d4dc9ec1338a73d1ab7ac61170ccaf88297,d92f8485c6246b3992a693f22bcc446a2f3d552d1b0cecc3fe637dec8f61e1ac,19013.075694,30.364
e572651326f1337845b6b98e94175d4dc9ec1338a73d1ab7ac61170ccaf88297,d92f8485c6246b3992a693f22bcc446a2f3d552d1b0cecc3fe637dec8f61e1ac,19013.821291,35.140
739faf50968804bd83adaade1c616b404ad02f354b6bb167295319b0ae5d9899,ca74b92087483a16a012c94b147c899e246570904c23a537cb8daeb2096ce52d,19014.873395,1.405
a12f22a3f771308d969fd56d18df65bf6960a4101a3daa4cef878997a2e1978b,5c9849d631846bbec88a0601bf6b0ba43d9e757dbe6f64ca8e4875ba49f7b794,19020.407331,9.675
739faf50968804bd83adaade1c616b404ad02f354b6bb167295319b0ae5d9899,ca74b92087483a16a012c94b147c899e246570904c23a537cb8daeb2096ce52d,19026.586606,0.572
a12f22a3f771308d969fd56d18df65bf6960a4101a3daa4cef878997a2e1978b,5c9849d631846bbec88a0601bf6b0ba43d9e757dbe6f64ca8e4875ba49f7b794,19033.969095,17.114
d9c9a39425c8044015e05eaf8330a6e48bad0e3edf1ec032098fb2c8b045c0b9,7fd157a7b694ec9235842e5191f04eb673f536c6f3bb37a9dc868eaeb977de9b,19036.308317,1.357
739faf50968804bd83adaade1c616b404ad02f354b6bb167295319b0ae5d9899,ca74b92087483a16a012c94b147c899e246570904c23a537cb8daeb2096ce52d,19036.317434,0.438
e572651326f1337845b6b98e94175d4dc9ec1338a73d1ab7ac61170ccaf88297,d92f8485c6246b3992a693f22bcc446a2f3d552d1b0cecc3fe637dec8f61e1ac,19038.589486,75.983
739faf50968804bd83adaade1c616b404ad02f354b6bb167295319b0ae5d9899,ca74b92087483a16a012c94b147c899e246570904c23a537cb8daeb2096ce52d,19047.708327,0.433
d9c9a39425c8044015e05eaf8330a6e48bad0e3edf1ec032098fb2c8b045c0b9,7fd157a7b694ec9235842e5191f04eb673f536c6f3bb37a9dc868eaeb977de9b,19053.502672,1.158
739faf50968804bd83adaade1c616b404ad02f354b6bb167295319b0ae5d9899,ca74b92087483a16a012c94b147c899e246570904c23a537cb8daeb2096ce52d,19058.839604,1.900
e572651326f1337845b6b98e94175d4dc9ec1338a73d1ab7ac61170ccaf88297,d92f8485c6246b3992a693f22bcc446a2f3d552d1b0cecc3fe637dec8f61e1ac,19060.461879,37.806
739faf50968804bd83adaade1c616b404ad02f354b6bb167295319b0ae5d9899,ca74b92087483a16a012c94b147c899e246570904c23a537cb8daeb2096ce52d,19067.240568,0.704
e572651326f1337845b6b98e94175d4dc9ec1338a73d1ab7ac61170ccaf88297,d92f8485c6246b3992a693f22bcc446a2f3d552d1b0cecc3fe637dec8f61e1ac,19070.259679,53.451
739faf50968804bd83adaade1c616b404ad02f354b6bb167295319b0ae5d9899,ca74b92087483a16a012c94b147c899e246570904c23a537cb8daeb2096ce52d,19073.834682,0.798
739faf50968804bd83adaade1c616b404ad02f354b6bb167295319b0ae5d9899,ca74b92087483a16a012c94b147c899e246570904c23a537cb8daeb2096ce52d,19077.665982,1.016
f7b8083a0342944f477b97a321506ae52fc6e2e76bf6042f2280c281f43ee10d,4b2c05f30bc5080fb3ff505c4051509a4406f733b9ccd3386fa0900f3ae0d9bf,19084.921677,0.047
e572651326f1337845b6b98e94175d4dc9ec1338a73d1ab7ac61170ccaf88297,d92f8485c6246b3992a693f22bcc446a2f3d552d1b0cecc3fe637dec8f61e1ac,19088.734746,43.676
739faf50968804bd83adaade1c616b404ad02f354b6bb167295319b0ae5d9899,ca74b92087483a16a012c94b147c899e246570904c23a537cb8daeb2096ce52d,19092.172121,1.143
e572651326f1337845b6b98e94175d4dc9ec1338a73d1ab7ac61170ccaf88297,518cd8f12974202d11b5a16a5437a6a560186fbe9584862c601084cbc18761c6,19094.048389,0.314
aa09fd0de23af2f42704ea3f7a832860e356cb21fbe99fb4c513e0ac64da3ce9,a7220d0ede28b7b3aa0f0607ca44f14e871e76cab8c30bfd0134e64230326622,19105.600269,0.079
87b8ec9b41644a8b32cf64798ee6e0d8d7e5948575669ae9c5a8435a10813266,13220cb8f5b7112c02f2481c968497db0f96a9b6d45bc7204086d9914d5596b5,19112.403191,49.475
e572651326f1337845b6b98e94175d4dc9ec1338a73d1ab7ac61170ccaf88297,518cd8f12974202d11b5a16a5437a6a560186fbe9584862c601084cbc18761c6,19117.240327,0.146
739faf50968804bd83adaade1c616b404ad02f354b6bb167295319b0ae5d9899,ca74b92087483a16a012c94b147c899e246570904c23a537cb8daeb2096ce52d,19117.726726,0.429
739faf50968804bd83adaade1c616b404ad02f354b6bb167295319b0ae5d9899,ca74b92087483a16a012c94b147c899e246570904c23a537cb8daeb2096ce52d,19140.050991,1.677
739faf50968804bd83adaade1c616b404ad02f354b6bb167295319b0ae5d9899,ca74b92087483a16a012c94b147c899e246570904c23a537cb8daeb2096ce52d,19140.738402,1.628
e572651326f1337845b6b98e94175d4dc9ec1338a73d1ab7ac61170ccaf88297,d92f8485c6246b3992a693f22bcc446a2f3d552d1b0cecc3fe637dec8f61e1ac,19141.378383,69.923
e572651326f1337845b6b98e94175d4dc9ec1338a73d1ab7ac61170ccaf88297,518cd8f12974202d11b5a16a5437a6a560186fbe9584862c601084cbc18761c6,19142.146607,0.178
739faf50968804bd83adaade1c616b404ad02f354b6bb167295319b0ae5d9899,ca74b92087483a16a012c94b147c899e246570904c23a537cb8daeb2096ce52d,19144.842745,1.027
cf54d1572c1d632986590f22a8313559a433bd667a10d3d3dae5912dcba6ea78,b259c1e9f9b5415e24c8b3e31485942012cde025f7115eb6c3b87d91de9ef892,19145.177260,0.061
b2446308f35282348f1c6388346d932f610301eaa65bd0c283d8fb949d15e7cc,d206b500d8a622c7c6e606402b6f218d95ee19d6805d57bd7d6698351eea831a,19149.667232,28.377
b2446308f35282348f1c6388346d932f610301eaa65bd0c283d8fb949d15e7cc,db87b76b1f5c22aeb78e8ddae62a3f5b78f28580d14b2d7f7f773702f2da3a3b,19165.039479,0.032
e572651326f1337845b6b98e94175d4dc9ec1338a73d1ab7ac61170ccaf88297,518cd8f12974202d11b5a16a5437a6a560186fbe9584862c601084cbc18761c6,19165.819694,0.049
739faf50968804bd83adaade1c616b404ad02f354b6bb167295319b0ae5d9899,ca74b92087483a16a012c94b147c899e246570904c23a537cb8daeb2096ce52d,19169.286833,0.711
b34e792718773cd207a3d3bb54979d4952f301dd15d6f091f57008f075958309,541379714c2250706dfd8b76765ae74953f871377238b361a8666f510afeba58,19173.965801,49.816
cf54d1572c1d632986590f22a8313559a433bd667a10d3d3dae5912dcba6ea78,b259c1e9f9b5415e24c8b3e31485942012cde025f7115eb6c3b87d91de9ef892,19174.197607,0.048
739faf50968804bd83adaade1c616b404ad02f354b6bb167295319b0ae5d9899,ca74b92087483a16a012c94b147c899e246570904c23a537cb8daeb2096ce52d,19186.786983,0.678
a12f22a3f771308d969fd56d18df65bf6960a4101a3daa4cef878997a2e1978b,5c9849d631846bbec88a0601bf6b0ba43d9e757dbe6f64ca8e4875ba49f7b794,19188.646297,9.027
e572651326f1337845b6b98e94175d4dc9ec1338a73d1ab7ac61170ccaf88297,d92f8485c6246b3992a693f22bcc446a2f3d552d1b0cecc3fe637dec8f61e1ac,19203.077003,76.527
e572651326f1337845b6b98e94175d4dc9ec1338a73d1ab7ac61170ccaf88297,5d5cbd388a16ee5f19e2c8c5df4ac7a74ad36fdc9b8a8b0489074a41d61b6884,19204.784442,25.963
d9c9a39425c8044015e05eaf8330a6e48bad0e3edf1ec032098fb2c8b045c0b9,55b5c6b8e25e560a5244c522674fa8ad6f8dec1b83a702650726d57f2547c47c,19207.177298,0.022
739faf50968804bd83adaade1c616b404ad02f354b6bb167295319b0ae5d9899,ca74b92087483a16a012c94b147c899e246570904c23a537cb8daeb2096ce52d,19207.758771,0.564
739faf50968804bd83adaade1c616b404ad02f354b6bb167295319b0ae5d9899,ca74b92087483a16a012c94b147c899e246570904c23a537cb8daeb2096ce52d,19214.485549,0.365
739faf50968804bd83adaade1c616b404ad02f354b6bb167295319b0ae5d9899,ca74b92087483a16a012c94b147c899e246570904c23a537cb8daeb2096ce52d,19226.913040,1.780
eddb92315799e0eaf5d18b84bc5948186fbc33c0190b04c815d75765a979435c,78ec164daacd5c9e215e76ca4dfb2d1ef3a94743f8b329a281a0e9782a09f749,19230.046906,78.505
e572651326f1337845b6b98e94175d4dc9ec1338a73d1ab7ac61170ccaf88297,d92f8485c6246b3992a693f22bcc446a2f3d552d1b0cecc3fe637dec8f61e1ac,19235.217558,56.422
cf54d1572c1d632986590f22a8313559a433bd667a10d3d3dae5912dcba6ea78,b259c1e9f9b5415e24c8b3e31485942012cde025f7115eb6c3b87d91de9ef892,19236.417732,0.067
e572651326f1337845b6b98e94175d4dc9ec1338a73d1ab7ac61170ccaf88297,d92f8485c6246b3992a693f22bcc446a2f3d552d1b0cecc3fe637dec8f61e1ac,19237.983484,42.697
e572651326f1337845b6b98e94175d4dc9ec1338a73d1ab7ac61170ccaf88297,5d5cbd388a16ee5f19e2c8c5df4ac7a74ad36fdc9b8a8b0489074a41d61b6884,19241.400918,27.873
b2446308f35282348f1c6388346d932f610301eaa65bd0c283d8fb949d15e7cc,db87b76b1f5c22aeb78e8ddae62a3f5b78f28580d14b2d7f7f773702f2da3a3b,19251.047412,0.042
a12f22a3f771308d969fd56d18df65bf6960a4101a3daa4cef878997a2e1978b,5c9849d631846bbec88a0601bf6b0ba43d9e757dbe6f64ca8e4875ba49f7b794,19252.306517,33.053
e572651326f1337845b6b98e94175d4dc9ec1338a73d1ab7ac61170ccaf88297,518cd8f12974202d11b5a16a5437a6a560186fbe9584862c601084cbc18761c6,19253.042266,0.086
aa09fd0de23af2f42704ea3f7a832860e356cb21fbe99fb4c513e0ac64da3ce9,a7220d0ede28b7b3aa0f0607ca44f14e871e76cab8c30bfd0134e64230326622,19253.894091,0.019
87b8ec9b41644a8b32cf64798ee6e0d8d7e5948575669ae9c5a8435a10813266,9d4311638952a6ecefb68603a4ade3f6aedf1ff5a2f359c67bbef939d6a2e6dc,19256.721946,0.137
d9c9a39425c8044015e05eaf8330a6e48bad0e3edf1ec032098fb2c8b045c0b9,55b5c6b8e25e560a5244c522674fa8ad6f8dec1b83a702650726d57f2547c47c,19257.492722,0.085
e572651326f1337845b6b98e94175d4dc9ec1338a73d1ab7ac61170ccaf88297,5d5cbd388a16ee5f19e2c8c5df4ac7a74ad36fdc9b8a8b0489074a41d61b6884,19265.019540,9.968
e572651326f1337845b6b98e94175d4dc9ec1338a73d1ab7ac61170ccaf88297,5d5cbd388a16ee5f19e2c8c5df4ac7a74ad36fdc9b8a8b0489074a41d61b6884,19274.729881,11.184
b2446308f35282348f1c6388346d932f610301eaa65bd0c283d8fb949d15e7cc,d206b500d8a622c7c6e606402b6f218d95ee19d6805d57bd7d6698351eea831a,19284.351981,49.882
739faf50968804bd83adaade1c616b404ad02f354b6bb167295319b0ae5d9899,ca74b92087483a16a012c94b147c899e246570904c23a537cb8daeb2096ce52d,19294.381293,0.440
d9c9a39425c8044015e05eaf8330a6e48bad0e3edf1ec032098fb2c8b045c0b9,55b5c6b8e25e560a5244c522674fa8ad6f8dec1b83a702650726d57f2547c47c,19294.921531,0.031
739faf50968804bd83adaade1c616b404ad02f354b6bb167295319b0ae5d9899,ca74b92087483a16a012c94b147c899e246570904c23a537cb8daeb2096ce52d,19310.776307,0.771
aa09fd0de23af2f42704ea3f7a832860e356cb21fbe99fb4c513e0ac64da3ce9,a7220d0ede28b7b3aa0f0607ca44f14e871e76cab8c30bfd0134e64230326622,19311.815508,0.056
e572651326f1337845b6b98e94175d4dc9ec1338a73d1ab7ac61170ccaf88297,518cd8f12974202d11b5a16a5437a6a560186fbe9584862c601084cbc18761c6,19315.183706,0.132
b34e792718773cd207a3d3bb54979d4952f301dd15d6f091f57008f075958309,541379714c2250706dfd8b76765ae74953f871377238b361a8666f510afeba58,19322.296993,135.179
739faf50968804bd83adaade1c616b404ad02f354b6bb167295319b0ae5d9899,ca74b92087483a16a012c94b147c899e246570904c23a537cb8daeb2096ce52d,19323.587748,0.712
cf54d1572c1d632986590f22a8313559a433bd667a10d3d3dae5912dcba6ea78,b259c1e9f9b5415e24c8b3e31485942012cde025f7115eb6c3b87d91de9ef892,19337.457300,0.041
4bd219625127e9d2e12f7eb21015642ad64f42ea61a16f5577db0c2e7a54d4cf,97c31670ec24a392969c8bc769ded28f0ea827f99e77c918ebe894b02f4511dd,19342.388033,29.677
739faf50968804bd83adaade1c616b404ad02f354b6bb167295319b0ae5d9899,ca74b92087483a16a012c94b147c899e246570904c23a537cb8daeb2096ce52d,19346.124688,0.274
739faf50968804bd83adaade1c616b404ad02f354b6bb167295319b0ae5d9899,ca74b92087483a16a012c94b147c899e246570904c23a537cb8daeb2096ce52d,19354.360378,0.545
eddb92315799e0eaf5d18b84bc5948186fbc33c0190b04c815d75765a979435c,9ecd2766ee6bd299d23bbc00b9a905d490ebeb2e675d857ef4f1bd4d5877c065,19368.447159,10.166
e572651326f1337845b6b98e94175d4dc9ec1338a73d1ab7ac61170ccaf88297,d92f8485c6246b3992a693f22bcc446a2f3d552d1b0cecc3fe637dec8f61e1ac,19368.482285,30.505
e572651326f1337845b6b98e94175d4dc9ec1338a73d1ab7ac61170ccaf88297,d92f8485c6246b3992a693f22bcc446a2f3d552d1b0cecc3fe637dec8f61e1ac,19376.313249,124.410
4bd219625127e9d2e12f7eb21015642ad64f42ea61a16f5577db0c2e7a54d4cf,1b9ff14203f132f3ca0342f8491d5b4e61000dbca9a88d6ef78132611cf99466,19376.948630,4.233
87b8ec9b41644a8b32cf64798ee6e0d8d7e5948575669ae9c5a8435a10813266,b85146d6fb2fb1b37a7b668f36287a534543da7a2bc393eac28fd9e974908af0,19383.352332,2.221
cf54d1572c1d632986590f22a8313559a433bd667a10d3d3dae5912dcba6ea78,b259c1e9f9b5415e24c8b3e31485942012cde025f7115eb6c3b87d91de9ef892,19387.498021,0.040
a7cf2f4bb45576518350fb91bb84800146f1dc257896e3b46b901095987e2a1c,6a144e613e2220f49247934c6e896484265f3763008c3235599da7133c320b63,19393.606504,0.081
e572651326f1337845b6b98e94175d4dc9ec1338a73d1ab7ac61170ccaf88297,5d5cbd388a16ee5f19e2c8c5df4ac7a74ad36fdc9b8a8b0489074a41d61b6884,19395.558619,24.281
cf54d1572c1d632986590f22a8313559a433bd667a10d3d3dae5912dcba6ea78,b259c1e9f9b5415e24c8b3e31485942012cde025f7115eb6c3b87d91de9ef892,19397.452706,0.098
e572651326f1337845b6b98e94175d4dc9ec1338a73d1ab7ac61170ccaf88297,518cd8f12974202d11b5a16a5437a6a560186fbe9584862c601084cbc18761c6,19400.164010,0.177
d9c9a39425c8044015e05eaf8330a6e48bad0e3edf1ec032098fb2c8b045c0b9,7fd157a7b694ec9235842e5191f04eb673f536c6f3bb37a9dc868eaeb977de9b,19412.174026,0.743
739faf50968804bd83adaade1c616b404ad02f354b6bb167295319b0ae5d9899,ca74b92087483a16a012c94b147c899e246570904c23a537cb8daeb2096ce52d,19413.041795,0.970
a7cf2f4bb45576518350fb91bb84800146f1dc257896e3b46b901095987e2a1c,6a144e613e2220f49247934c6e896484265f3763008c3235599da7133c320b63,19415.249766,0.230
e572651326f1337845b6b98e94175d4dc9ec1338a73d1ab7ac61170ccaf88297,d92f8485c6246b3992a693f22bcc446a2f3d552d1b0cecc3fe637dec8f61e1ac,19416.314684,31.407
739faf50968804bd83adaade1c616b404ad02f354b6bb167295319b0ae5d9899,ca74b92087483a16a012c94b147c899e246570904c23a537cb8daeb2096ce52d,19416.471929,0.843
b34e792718773cd207a3d3bb54979d4952f301dd15d6f091f57008f075958309,541379714c2250706dfd8b76765ae74953f871377238b361a8666f510afeba58,19423.256484,170.687
739faf50968804bd83adaade1c616b404ad02f354b6bb167295319b0ae5d9899,ca74b92087483a16a012c94b147c899e246570904c23a537cb8daeb2096ce52d,19427.857543,0.962
cf54d1572c1d632986590f22a8313559a433bd667a10d3d3dae5912dcba6ea78,b259c1e9f9b5415e24c8b3e31485942012cde025f7115eb6c3b87d91de9ef892,19430.775542,0.069
739faf50968804bd83adaade1c616b404ad02f354b6bb167295319b0ae5d9899,ca74b92087483a16a012c94b147c899e246570904c23a537cb8daeb2096ce52d,19436.890210,0.811
739faf50968804bd83adaade1c616b404ad02f354b6bb167295319b0ae5d9899,ca74b92087483a16a012c94b147c899e246570904c23a537cb8daeb2096ce52d,19440.638363,0.338
e572651326f1337845b6b98e94175d4dc9ec1338a73d1ab7ac61170ccaf88297,d92f8485c6246b3992a693f22bcc446a2f3d552d1b0cecc3fe637dec8f61e1ac,19440.943107,50.433
e572651326f1337845b6b98e94175d4dc9ec1338a73d1ab7ac61170ccaf88297,d92f8485c6246b3992a693f22bcc446a2f3d552d1b0cecc3fe637dec8f61e1ac,19444.872479,35.569
4bd219625127e9d2e12f7eb21015642ad64f42ea61a16f5577db0c2e7a54d4cf,97c31670ec24a392969c8bc769ded28f0ea827f99e77c918ebe894b02f4511dd,19447.093132,7.492
a12f22a3f771308d969fd56d18df65bf6960a4101a3daa4cef878997a2e1978b,664c8bd366fc401f874d793373a2aafc5a5a506e2e04d325d5d83557d6df7502,19448.993659,0.087
739faf50968804bd83adaade1c616b404ad02f354b6bb167295319b0ae5d9899,ca74b92087483a16a012c94b147c899e246570904c23a537cb8daeb2096ce52d,19450.212353,1.049
36918b2e6c7d7af242c355afc840cf4665e3ea068cf464571367b9c37779bf80,7256bfbb7f3fd68f57187fc7395b4cbcb317c2abb99ee066d02f0844dbcb8ee7,19455.985546,2.120
f4930f068e300bc29cc1ba31414e01d1eaf55b1607c65985536c868ec9323990,46a59e3a4d9e4fefe6b34e678125ce95ab071f1126ec503557f26ec575c1941b,19462.353354,0.986
739faf50968804bd83adaade1c616b404ad02f354b6bb167295319b0ae5d9899,ca74b92087483a16a012c94b147c899e246570904c23a537cb8daeb2096ce52d,19462.947204,0.432
e572651326f1337845b6b98e94175d4dc9ec1338a73d1ab7ac61170ccaf88297,d92f8485c6246b3992a693f22bcc446a2f3d552d1b0cecc3fe637dec8f61e1ac,19475.681976,56.959
f7b8083a0342944f477b97a321506ae52fc6e2e76bf6042f2280c281f43ee10d,4b2c05f30bc5080fb3ff505c4051509a4406f733b9ccd3386fa0900f3ae0d9bf,19484.139964,0.087
739faf50968804bd83adaade1c616b404ad02f354b6bb167295319b0ae5d9899,ca74b92087483a16a012c94b147c899e246570904c23a537cb8daeb2096ce52d,19491.713742,0.955
b34e792718773cd207a3d3bb54979d4952f301dd15d6f091f57008f075958309,541379714c2250706dfd8b76765ae74953f871377238b361a8666f510afeba58,19495.389154,63.987
f4930f068e300bc29cc1ba31414e01d1eaf55b1607c65985536c868ec9323990,46a59e3a4d9e4fefe6b34e678125ce95ab071f1126ec503557f26ec575c1941b,19502.061166,0.293
f7b8083a0342944f477b97a321506ae52fc6e2e76bf6042f2280c281f43ee10d,4b2c05f30bc5080fb3ff505c4051509a4406f733b9ccd3386fa0900f3ae0d9bf,19519.183132,0.035
e572651326f1337845b6b98e94175d4dc9ec1338a73d1ab7ac61170ccaf88297,d92f8485c6246b3992a693f22bcc446a2f3d552d1b0cecc3fe637dec8f61e1ac,19524.331699,44.178
e572651326f1337845b6b98e94175d4dc9ec1338a73d1ab7ac61170ccaf88297,518cd8f12974202d11b5a16a5437a6a560186fbe9584862c601084cbc18761c6,19535.380469,0.335
d9c9a39425c8044015e05eaf8330a6e48bad0e3edf1ec032098fb2c8b045c0b9,7fd157a7b694ec9235842e5191f04eb673f536c6f3bb37a9dc868eaeb977de9b,19535.867408,1.065
b2446308f35282348f1c6388346d932f610301eaa65bd0c283d8fb949d15e7cc,d206b500d8a622c7c6e606402b6f218d95ee19d6805d57bd7d6698351eea831a,19545.439021,25.778
739faf50968804bd83adaade1c616b404ad02f354b6bb167295319b0ae5d9899,ca74b92087483a16a012c94b147c899e246570904c23a537cb8daeb2096ce52d,19548.375895,0.423
4bd219625127e9d2e12f7eb21015642ad64f42ea61a16f5577db0c2e7a54d4cf,1b9ff14203f132f3ca0342f8491d5b4e61000dbca9a88d6ef78132611cf99466,19555.614278,4.805
b34e792718773cd207a3d3bb54979d4952f301dd15d6f091f57008f075958309,2f796c78515eb95a2d835ebf50326db182a91dce43f6d21d5785e80565851355,19558.966704,4.467
739faf50968804bd83adaade1c616b404ad02f354b6bb167295319b0ae5d9899,ca74b92087483a16a012c94b147c899e246570904c23a537cb8daeb2096ce52d,19561.335839,0.809
a7cf2f4bb45576518350fb91bb84800146f1dc257896e3b46b901095987e2a1c,0e0238481987246e775d487dc915a41e718967ef61dc0c3dbf5c2983b02dea84,19562.078113,161.276
739faf50968804bd83adaade1c616b404ad02f354b6bb167295319b0ae5d9899,ca74b92087483a16a012c94b147c899e246570904c23a537cb8daeb2096ce52d,19571.520906,1.198
e572651326f1337845b6b98e94175d4dc9ec1338a73d1ab7ac61170ccaf88297,518cd8f12974202d11b5a16a5437a6a560186fbe9584862c601084cbc18761c6,19572.132086,0.228
87b8ec9b41644a8b32cf64798ee6e0d8d7e5948575669ae9c5a8435a10813266,b85146d6fb2fb1b37a7b668f36287a534543da7a2bc393eac28fd9e974908af0,19573.289304,7.526
e572651326f1337845b6b98e94175d4dc9ec1338a73d1ab7ac61170ccaf88297,5d5cbd388a16ee5f19e2c8c5df4ac7a74ad36fdc9b8a8b0489074a41d61b6884,19575.423884,45.685
36918b2e6c7d7af242c355afc840cf4665e3ea068cf464571367b9c37779bf80,7256bfbb7f3fd68f57187fc7395b4cbcb317c2abb99ee066d02f0844dbcb8ee7,19581.060465,3.147
739faf50968804bd83adaade1c616b404ad02f354b6bb167295319b0ae5d9899,ca74b92087483a16a012c94b147c899e246570904c23a537cb8daeb2096ce52d,19582.042243,0.476
739faf50968804bd83adaade1c616b404ad02f354b6bb167295319b0ae5d9899,ca74b92087483a16a012c94b147c899e246570904c23a537cb8daeb2096ce52d,19584.078620,1.853
87b8ec9b41644a8b32cf64798ee6e0d8d7e5948575669ae9c5a8435a10813266,13220cb8f5b7112c02f2481c968497db0f96a9b6d45bc7204086d9914d5596b5,19588.024910,62.341
739faf50968804bd83adaade1c616b404ad02f354b6bb167295319b0ae5d9899,ca74b92087483a16a012c94b147c899e246570904c23a537cb8daeb2096ce52d,19590.350273,0.945
739faf50968804bd83adaade1c616b404ad02f354b6bb167295319b0ae5d9899,ca74b92087483a16a012c94b147c899e246570904c23a537cb8daeb2096ce52d,19591.548423,0.498
e572651326f1337845b6b98e94175d4dc9ec1338a73d1ab7ac61170ccaf88297,d92f8485c6246b3992a693f22bcc446a2f3d552d1b0cecc3fe637dec8f61e1ac,19591.847088,67.043
f7b8083a0342944f477b97a321506ae52fc6e2e76bf6042f2280c281f43ee10d,d414dfb669aa29482336ef26db33feead9a3bd71190ba5d44412a9f8bedf26de,19593.966812,49.244
f4930f068e300bc29cc1ba31414e01d1eaf55b1607c65985536c868ec9323990,f98b902a5d78635ca9426bf7b222c0f2e63e8316254891c86ab6c55292b5c8b2,19600.817352,0.258
739faf50968804bd83adaade1c616b404ad02f354b6bb167295319b0ae5d9899,ca74b92087483a16a012c94b147c899e246570904c23a537cb8daeb2096ce52d,19602.938169,0.760
e572651326f1337845b6b98e94175d4dc9ec1338a73d1ab7ac61170ccaf88297,d92f8485c6246b3992a693f22bcc446a2f3d552d1b0cecc3fe637dec8f61e1ac,19603.749655,32.697
87b8ec9b41644a8b32cf64798ee6e0d8d7e5948575669ae9c5a8435a10813266,13220cb8f5b7112c02f2481c968497db0f96a9b6d45bc7204086d9914d5596b5,19607.619557,118.911
87b8ec9b41644a8b32cf64798ee6e0d8d7e5948575669ae9c5a8435a10813266,13220cb8f5b7112c02f2481c968497db0f96a9b6d45bc7204086d9914d5596b5,19617.497759,46.076
f7b8083a0342944f477b97a321506ae52fc6e2e76bf6042f2280c281f43ee10d,d414dfb669aa29482336ef26db33feead9a3bd71190ba5d44412a9f8bedf26de,19618.794285,23.384
d9c9a39425c8044015e05eaf8330a6e48bad0e3edf1ec032098fb2c8b045c0b9,7fd157a7b694ec9235842e5191f04eb673f536c6f3bb37a9dc868eaeb977de9b,19627.990406,0.551
e572651326f1337845b6b98e94175d4dc9ec1338a73d1ab7ac61170ccaf88297,518cd8f12974202d11b5a16a5437a6a560186fbe9584862c601084cbc18761c6,19628.242692,0.153
739faf50968804bd83adaade1c616b404ad02f354b6bb167295319b0ae5d9899,ca74b92087483a16a012c94b147c899e246570904c23a537cb8daeb2096ce52d,19628.662925,1.088
739faf50968804bd83adaade1c616b404ad02f354b6bb167295319b0ae5d9899,ca74b92087483a16a012c94b147c899e246570904c23a537cb8daeb2096ce52d,19632.863923,0.953
e572651326f1337845b6b98e94175d4dc9ec1338a73d1ab7ac61170ccaf88297,d92f8485c6246b3992a693f22bcc446a2f3d552d1b0cecc3fe637dec8f61e1ac,19633.327182,56.426
87b8ec9b41644a8b32cf64798ee6e0d8d7e5948575669ae9c5a8435a10813266,9d4311638952a6ecefb68603a4ade3f6aedf1ff5a2f359c67bbef939d6a2e6dc,19633.694319,0.225
e572651326f1337845b6b98e94175d4dc9ec1338a73d1ab7ac61170ccaf88297,518cd8f12974202d11b5a16a5437a6a560186fbe9584862c601084cbc18761c6,19634.356795,0.151
e572651326f1337845b6b98e94175d4dc9ec1338a73d1ab7ac61170ccaf88297,d92f8485c6246b3992a693f22bcc446a2f3d552d1b0cecc3fe637dec8f61e1ac,19635.194665,14.908
d9c9a39425c8044015e05eaf8330a6e48bad0e3edf1ec032098fb2c8b045c0b9,7fd157a7b694ec9235842e5191f04eb673f536c6f3bb37a9dc868eaeb977de9b,19640.219380,1.477
aa09fd0de23af2f42704ea3f7a832860e356cb21fbe99fb4c513e0ac64da3ce9,a7220d0ede28b7b3aa0f0607ca44f14e871e76cab8c30bfd0134e64230326622,19642.793242,0.165
739faf50968804bd83adaade1c616b404ad02f354b6bb167295319b0ae5d9899,ca74b92087483a16a012c94b147c899e246570904c23a537cb8daeb2096ce52d,19649.498238,0.695
d9c9a39425c8044015e05eaf8330a6e48bad0e3edf1ec032098fb2c8b045c0b9,7fd157a7b694ec9235842e5191f04eb673f536c6f3bb37a9dc868eaeb977de9b,19657.664285,0.615
f7b8083a0342944f477b97a321506ae52fc6e2e76bf6042f2280c281f43ee10d,d414dfb669aa29482336ef26db33feead9a3bd71190ba5d44412a9f8bedf26de,19665.256142,27.554
4bd219625127e9d2e12f7eb21015642ad64f42ea61a16f5577db0c2e7a54d4cf,97c31670ec24a392969c8bc769ded28f0ea827f99e77c918ebe894b02f4511dd,19668.281974,9.623
e572651326f1337845b6b98e94175d4dc9ec1338a73d1ab7ac61170ccaf88297,d92f8485c6246b3992a693f22bcc446a2f3d552d1b0cecc3fe637dec8f61e1ac,19672.712769,34.573
739faf50968804bd83adaade1c616b404ad02f354b6bb167295319b0ae5d9899,ca74b92087483a16a012c94b147c899e246570904c23a537cb8daeb2096ce52d,19687.104064,0.977
739faf50968804bd83adaade1c616b404ad02f354b6bb167295319b0ae5d9899,ca74b92087483a16a012c94b147c899e246570904c23a537cb8daeb2096ce52d,19688.088908,0.950
4bd219625127e9d2e12f7eb21015642ad64f42ea61a16f5577db0c2e7a54d4cf,97c31670ec24a392969c8bc769ded28f0ea827f99e77c918ebe894b02f4511dd,19688.492668,9.321
87b8ec9b41644a8b32cf64798ee6e0d8d7e5948575669ae9c5a8435a10813266,b85146d6fb2fb1b37a7b668f36287a534543da7a2bc393eac28fd9e974908af0,19693.646045,4.121
a12f22a3f771308d969fd56d18df65bf6960a4101a3daa4cef878997a2e1978b,664c8bd366fc401f874d793373a2aafc5a5a506e2e04d325d5d83557d6df7502,19696.096050,0.052
a12f22a3f771308d969fd56d18df65bf6960a4101a3daa4cef878997a2e1978b,5c9849d631846bbec88a0601bf6b0ba43d9e757dbe6f64ca8e4875ba49f7b794,19697.615199,24.266
e572651326f1337845b6b98e94175d4dc9ec1338a73d1ab7ac61170ccaf88297,d92f8485c6246b3992a693f22bcc446a2f3d552d1b0cecc3fe637dec8f61e1ac,19704.358976,73.609
87b8ec9b41644a8b32cf64798ee6e0d8d7e5948575669ae9c5a8435a10813266,9d4311638952a6ecefb68603a4ade3f6aedf1ff5a2f359c67bbef939d6a2e6dc,19716.633591,0.218
739faf50968804bd83adaade1c616b404ad02f354b6bb167295319b0ae5d9899,ca74b92087483a16a012c94b147c899e246570904c23a537cb8daeb2096ce52d,19719.223289,1.385
739faf50968804bd83adaade1c616b404ad02f354b6bb167295319b0ae5d9899,ca74b92087483a16a012c94b147c899e246570904c23a537cb8daeb2096ce52d,19724.859663,0.713
e572651326f1337845b6b98e94175d4dc9ec1338a73d1ab7ac61170ccaf88297,d92f8485c6246b3992a693f22bcc446a2f3d552d1b0cecc3fe637dec8f61e1ac,19727.457960,13.475
99ae030b60cf247520cab75889c7e2f4c8be9422fce8cc2dc30c53820d8e487b,68b7a052a1a75027d0ba4031c39237121a4d32fa66b59c585684af85c61349ac,19735.268811,0.078
739faf50968804bd83adaade1c616b404ad02f354b6bb167295319b0ae5d9899,ca74b92087483a16a012c94b147c899e246570904c23a537cb8daeb2096ce52d,19736.022330,0.345
739faf50968804bd83adaade1c616b404ad02f354b6bb167295319b0ae5d9899,ca74b92087483a16a012c94b147c899e246570904c23a537cb8daeb2096ce52d,19742.995711,0.687
cf54d1572c1d632986590f22a8313559a433bd667a10d3d3dae5912dcba6ea78,b259c1e9f9b5415e24c8b3e31485942012cde025f7115eb6c3b87d91de9ef892,19747.879915,0.131
7475824cc4748c3fc8576d1ba486950f36d81d9cb5336cc1da801ef313b516d8,c8d99a8658319d5874fe33684bea9d87fab76b5593481d4d66145bec971607b3,19749.771420,0.107
f7b8083a0342944f477b97a321506ae52fc6e2e76bf6042f2280c281f43ee10d,4b2c05f30bc5080fb3ff505c4051509a4406f733b9ccd3386fa0900f3ae0d9bf,19755.919975,0.043
d9c9a39425c8044015e05eaf8330a6e48bad0e3edf1ec032098fb2c8b045c0b9,55b5c6b8e25e560a5244c522674fa8ad6f8dec1b83a702650726d57f2547c47c,19756.351485,0.032
d9c9a39425c8044015e05eaf8330a6e48bad0e3edf1ec032098fb2c8b045c0b9,7fd157a7b694ec9235842e5191f04eb673f536c6f3bb37a9dc868eaeb977de9b,19766.954238,0.845
a279432833a21dc66309e252ef3f48f1ddc9eb706839d037a00b3f9f545c5e2d,7f0b52256911bed19622812b8483c07daf2e9103a269f567068ed939e33a2785,19775.528071,0.781
b2446308f35282348f1c6388346d932f610301eaa65bd0c283d8fb949d15e7cc,db87b76b1f5c22aeb78e8ddae62a3f5b78f28580d14b2d7f7f773702f2da3a3b,19789.934468,0.025
a12f22a3f771308d969fd56d18df65bf6960a4101a3daa4cef878997a2e1978b,664c8bd366fc401f874d793373a2aafc5a5a506e2e04d325d5d83557d6df7502,19792.990168,0.010
e572651326f1337845b6b98e94175d4dc9ec1338a73d1ab7ac61170ccaf88297,d92f8485c6246b3992a693f22bcc446a2f3d552d1b0cecc3fe637dec8f61e1ac,19797.773161,84.599
e572651326f1337845b6b98e94175d4dc9ec1338a73d1ab7ac61170ccaf88297,d92f8485c6246b3992a693f22bcc446a2f3d552d1b0cecc3fe637dec8f61e1ac,19800.298920,18.160
b34e792718773cd207a3d3bb54979d4952f301dd15d6f091f57008f075958309,2f796c78515eb95a2d835ebf50326db182a91dce43f6d21d5785e80565851355,19803.323615,6.595
b2446308f35282348f1c6388346d932f610301eaa65bd0c283d8fb949d15e7cc,d206b500d8a622c7c6e606402b6f218d95ee19d6805d57bd7d6698351eea831a,19808.993528,75.369
739faf50968804bd83adaade1c616b404ad02f354b6bb167295319b0ae5d9899,ca74b92087483a16a012c94b147c899e246570904c23a537cb8daeb2096ce52d,19811.106222,1.194
aa09fd0de23af2f42704ea3f7a832860e356cb21fbe99fb4c513e0ac64da3ce9,a7220d0ede28b7b3aa0f0607ca44f14e871e76cab8c30bfd0134e64230326622,19814.658459,0.014
a12f22a3f771308d969fd56d18df65bf6960a4101a3daa4cef878997a2e1978b,664c8bd366fc401f874d793373a2aafc5a5a506e2e04d325d5d83557d6df7502,19818.865317,0.056
739faf50968804bd83adaade1c616b404ad02f354b6bb167295319b0ae5d9899,ca74b92087483a16a012c94b147c899e246570904c23a537cb8daeb2096ce52d,19835.347086,1.256
b2446308f35282348f1c6388346d932f610301eaa65bd0c283d8fb949d15e7cc,d206b500d8a622c7c6e606402b6f218d95ee19d6805d57bd7d6698351eea831a,19840.228685,59.899
cf54d1572c1d632986590f22a8313559a433bd667a10d3d3dae5912dcba6ea78,b259c1e9f9b5415e24c8b3e31485942012cde025f7115eb6c3b87d91de9ef892,19846.970177,0.021
e572651326f1337845b6b98e94175d4dc9ec1338a73d1ab7ac61170ccaf88297,518cd8f12974202d11b5a16a5437a6a560186fbe9584862c601084cbc18761c6,19856.329613,0.093
d9c9a39425c8044015e05eaf8330a6e48bad0e3edf1ec032098fb2c8b045c0b9,7fd157a7b694ec9235842e5191f04eb673f536c6f3bb37a9dc868eaeb977de9b,19857.511007,0.354
cf54d1572c1d632986590f22a8313559a433bd667a10d3d3dae5912dcba6ea78,b259c1e9f9b5415e24c8b3e31485942012cde025f7115eb6c3b87d91de9ef892,19861.309812,0.087
aa09fd0de23af2f42704ea3f7a832860e356cb21fbe99fb4c513e0ac64da3ce9,a7220d0ede28b7b3aa0f0607ca44f14e871e76cab8c30bfd0134e64230326622,19864.437625,0.048
b34e792718773cd207a3d3bb54979d4952f301dd15d6f091f57008f075958309,541379714c2250706dfd8b76765ae74953f871377238b361a8666f510afeba58,19865.157587,53.609
739faf50968804bd83adaade1c616b404ad02f354b6bb167295319b0ae5d9899,ca74b92087483a16a012c94b147c899e246570904c23a537cb8daeb2096ce52d,19868.458773,0.745
739faf50968804bd83adaade1c616b404ad02f354b6bb167295319b0ae5d9899,ca74b92087483a16a012c94b147c899e246570904c23a537cb8daeb2096ce52d,19871.167285,0.478
a12f22a3f771308d969fd56d18df65bf6960a4101a3daa4cef878997a2e1978b,5c9849d631846bbec88a0601bf6b0ba43d9e757dbe6f64ca8e4875ba49f7b794,19871.478082,7.688
7475824cc4748c3fc8576d1ba486950f36d81d9cb5336cc1da801ef313b516d8,eac0d7c37985ac4669b288f34505f79c6df5fc76371ca3b80b783133b39adfbd,19881.512227,56.561
eddb92315799e0eaf5d18b84bc5948186fbc33c0190b04c815d75765a979435c,9ecd2766ee6bd299d23bbc00b9a905d490ebeb2e675d857ef4f1bd4d5877c065,19889.679464,10.110
739faf50968804bd83adaade1c616b404ad02f354b6bb167295319b0ae5d9899,ca74b92087483a16a012c94b147c899e246570904c23a537cb8daeb2096ce52d,19892.892228,1.417
b2446308f35282348f1c6388346d932f610301eaa65bd0c283d8fb949d15e7cc,d206b500d8a622c7c6e606402b6f218d95ee19d6805d57bd7d6698351eea831a,19906.337683,46.166
e572651326f1337845b6b98e94175d4dc9ec1338a73d1ab7ac61170ccaf88297,d92f8485c6246b3992a693f22bcc446a2f3d552d1b0cecc3fe637dec8f61e1ac,19911.421000,30.562
e572651326f1337845b6b98e94175d4dc9ec1338a73d1ab7ac61170ccaf88297,d92f8485c6246b3992a693f22bcc446a2f3d552d1b0cecc3fe637dec8f61e1ac,19911.736357,69.922
e572651326f1337845b6b98e94175d4dc9ec1338a73d1ab7ac61170ccaf88297,518cd8f12974202d11b5a16a5437a6a560186fbe9584862c601084cbc18761c6,19912.619101,0.438
e572651326f1337845b6b98e94175d4dc9ec1338a73d1ab7ac61170ccaf88297,518cd8f12974202d11b5a16a5437a6a560186fbe9584862c601084cbc18761c6,19924.122010,0.268
739faf50968804bd83adaade1c616b404ad02f354b6bb167295319b0ae5d9899,ca74b92087483a16a012c94b147c899e246570904c23a537cb8daeb2096ce52d,19924.339828,1.064
f4930f068e300bc29cc1ba31414e01d1eaf55b1607c65985536c868ec9323990,46a59e3a4d9e4fefe6b34e678125ce95ab071f1126ec503557f26ec575c1941b,19927.683261,1.986
e572651326f1337845b6b98e94175d4dc9ec1338a73d1ab7ac61170ccaf88297,518cd8f12974202d11b5a16a5437a6a560186fbe9584862c601084cbc18761c6,19932.580761,0.115
e572651326f1337845b6b98e94175d4dc9ec1338a73d1ab7ac61170ccaf88297,5d5cbd388a16ee5f19e2c8c5df4ac7a74ad36fdc9b8a8b0489074a41d61b6884,19932.809088,7.355
e572651326f1337845b6b98e94175d4dc9ec1338a73d1ab7ac61170ccaf88297,d92f8485c6246b3992a693f22bcc446a2f3d552d1b0cecc3fe637dec8f61e1ac,19933.352000,62.894
739faf50968804bd83adaade1c616b404ad02f354b6bb167295319b0ae5d9899,ca74b92087483a16a012c94b147c899e246570904c23a537cb8daeb2096ce52d,19936.222479,2.345
739faf50968804bd83adaade1c616b404ad02f354b6bb167295319b0ae5d9899,ca74b92087483a16a012c94b147c899e246570904c23a537cb8daeb2096ce52d,19938.108256,1.642
b2446308f35282348f1c6388346d932f610301eaa65bd0c283d8fb949d15e7cc,db87b76b1f5c22aeb78e8ddae62a3f5b78f28580d14b2d7f7f773702f2da3a3b,19938.561289,0.092
e572651326f1337845b6b98e94175d4dc9ec1338a73d1ab7ac61170ccaf88297,518cd8f12974202d11b5a16a5437a6a560186fbe9584862c601084cbc18761c6,19942.089402,0.253
36918b2e6c7d7af242c355afc840cf4665e3ea068cf464571367b9c37779bf80,7256bfbb7f3fd68f57187fc7395b4cbcb317c2abb99ee066d02f0844dbcb8ee7,19944.906302,26.114
e572651326f1337845b6b98e94175d4dc9ec1338a73d1ab7ac61170ccaf88297,d92f8485c6246b3992a693f22bcc446a2f3d552d1b0cecc3fe637dec8f61e1ac,19948.913296,49.890
e572651326f1337845b6b98e94175d4dc9ec1338a73d1ab7ac61170ccaf88297,d92f8485c6246b3992a693f22bcc446a2f3d552d1b0cecc3fe637dec8f61e1ac,19956.835037,15.903
e572651326f1337845b6b98e94175d4dc9ec1338a73d1ab7ac61170ccaf88297,518cd8f12974202d11b5a16a5437a6a560186fbe9584862c601084cbc18761c6,19965.487138,0.439
b2446308f35282348f1c6388346d932f610301eaa65bd0c283d8fb949d15e7cc,db87b76b1f5c22aeb78e8ddae62a3f5b78f28580d14b2d7f7f773702f2da3a3b,19968.150869,0.017
e572651326f1337845b6b98e94175d4dc9ec1338a73d1ab7ac61170ccaf88297,d92f8485c6246b3992a693f22bcc446a2f3d552d1b0cecc3fe637dec8f61e1ac,19972.167492,32.386
e572651326f1337845b6b98e94175d4dc9ec1338a73d1ab7ac61170ccaf88297,518cd8f12974202d11b5a16a5437a6a560186fbe9584862c601084cbc18761c6,19973.310033,0.054
a12f22a3f771308d969fd56d18df65bf6960a4101a3daa4cef878997a2e1978b,5c9849d631846bbec88a0601bf6b0ba43d9e757dbe6f64ca8e4875ba49f7b794,19984.569586,7.889
4bd219625127e9d2e12f7eb21015642ad64f42ea61a16f5577db0c2e7a54d4cf,1b9ff14203f132f3ca0342f8491d5b4e61000dbca9a88d6ef78132611cf99466,19988.883213,5.348
739faf50968804bd83adaade1c616b404ad02f354b6bb167295319b0ae5d9899,ca74b92087483a16a012c94b147c899e246570904c23a537cb8daeb2096ce52d,19990.792452,0.658
e572651326f1337845b6b98e94175d4dc9ec1338a73d1ab7ac61170ccaf88297,d92f8485c6246b3992a693f22bcc446a2f3d552d1b0cecc3fe637dec8f61e1ac,19991.849631,48.731
a279432833a21dc66309e252ef3f48f1ddc9eb706839d037a00b3f9f545c5e2d,9bfe15fe1c84832456da5d671ec99cfd73e0514bf91abfae306da2457af04221,20000.852267,1.970
87b8ec9b41644a8b32cf64798ee6e0d8d7e5948575669ae9c5a8435a10813266,13220cb8f5b7112c02f2481c968497db0f96a9b6d45bc7204086d9914d5596b5,20001.002315,48.570
739faf50968804bd83adaade1c616b404ad02f354b6bb167295319b0ae5d9899,ca74b92087483a16a012c94b147c899e246570904c23a537cb8daeb2096ce52d,20008.155462,0.559
e572651326f1337845b6b98e94175d4dc9ec1338a73d1ab7ac61170ccaf88297,d92f8485c6246b3992a693f22bcc446a2f3d552d1b0cecc3fe637dec8f61e1ac,20009.919509,28.487
b2446308f35282348f1c6388346d932f610301eaa65bd0c283d8fb949d15e7cc,db87b76b1f5c22aeb78e8ddae62a3f5b78f28580d14b2d7f7f773702f2da3a3b,20016.761471,0.015
a12f22a3f771308d969fd56d18df65bf6960a4101a3daa4cef878997a2e1978b,664c8bd366fc401f874d793373a2aafc5a5a506e2e04d325d5d83557d6df7502,20028.702045,0.081
739faf50968804bd83adaade1c616b404ad02f354b6bb167295319b0ae5d9899,ca74b92087483a16a012c94b147c899e246570904c23a537cb8daeb2096ce52d,20029.496018,0.952
cf54d1572c1d632986590f22a8313559a433bd667a10d3d3dae5912dcba6ea78,b259c1e9f9b5415e24c8b3e31485942012cde025f7115eb6c3b87d91de9ef892,20034.787645,0.053
87b8ec9b41644a8b32cf64798ee6e0d8d7e5948575669ae9c5a8435a10813266,9d4311638952a6ecefb68603a4ade3f6aedf1ff5a2f359c67bbef939d6a2e6dc,20035.160315,0.282
e572651326f1337845b6b98e94175d4dc9ec1338a73d1ab7ac61170ccaf88297,518cd8f12974202d11b5a16a5437a6a560186fbe9584862c601084cbc18761c6,20037.445788,0.071
aa09fd0de23af2f42704ea3f7a832860e356cb21fbe99fb4c513e0ac64da3ce9,a7220d0ede28b7b3aa0f0607ca44f14e871e76cab8c30bfd0134e64230326622,20042.597413,0.043
e572651326f1337845b6b98e94175d4dc9ec1338a73d1ab7ac61170ccaf88297,d92f8485c6246b3992a693f22bcc446a2f3d552d1b0cecc3fe637dec8f61e1ac,20053.531611,108.012
e572651326f1337845b6b98e94175d4dc9ec1338a73d1ab7ac61170ccaf88297,5d5cbd388a16ee5f19e2c8c5df4ac7a74ad36fdc9b8a8b0489074a41d61b6884,20055.813774,11.616
739faf50968804bd83adaade1c616b404ad02f354b6bb167295319b0ae5d9899,ca74b92087483a16a012c94b147c899e246570904c23a537cb8daeb2096ce52d,20069.576728,1.205
e572651326f1337845b6b98e94175d4dc9ec1338a73d1ab7ac61170ccaf88297,d92f8485c6246b3992a693f22bcc446a2f3d552d1b0cecc3fe637dec8f61e1ac,20071.306112,25.017
d9c9a39425c8044015e05eaf8330a6e48bad0e3edf1ec032098fb2c8b045c0b9,55b5c6b8e25e560a5244c522674fa8ad6f8dec1b83a702650726d57f2547c47c,20072.340475,0.047
739faf50968804bd83adaade1c616b404ad02f354b6bb167295319b0ae5d9899,ca74b92087483a16a012c94b147c899e246570904c23a537cb8daeb2096ce52d,20074.623156,2.334
e572651326f1337845b6b98e94175d4dc9ec1338a73d1ab7ac61170ccaf88297,5d5cbd388a16ee5f19e2c8c5df4ac7a74ad36fdc9b8a8b0489074a41d61b6884,20079.996266,10.463
e572651326f1337845b6b98e94175d4dc9ec1338a73d1ab7ac61170ccaf88297,d92f8485c6246b3992a693f22bcc446a2f3d552d1b0cecc3fe637dec8f61e1ac,20080.983868,108.804
a12f22a3f771308d969fd56d18df65bf6960a4101a3daa4cef878997a2e1978b,5c9849d631846bbec88a0601bf6b0ba43d9e757dbe6f64ca8e4875ba49f7b794,20089.409323,26.683
e572651326f1337845b6b98e94175d4dc9ec1338a73d1ab7ac61170ccaf88297,d92f8485c6246b3992a693f22bcc446a2f3d552d1b0cecc3fe637dec8f61e1ac,20090.254110,149.653
739faf50968804bd83adaade1c616b404ad02f354b6bb167295319b0ae5d9899,ca74b92087483a16a012c94b147c899e246570904c23a537cb8daeb2096ce52d,20090.639150,1.145
aa09fd0de23af2f42704ea3f7a832860e356cb21fbe99fb4c513e0ac64da3ce9,a7220d0ede28b7b3aa0f0607ca44f14e871e76cab8c30bfd0134e64230326622,20094.762446,0.033
f4930f068e300bc29cc1ba31414e01d1eaf55b1607c65985536c868ec9323990,46a59e3a4d9e4fefe6b34e678125ce95ab071f1126ec503557f26ec575c1941b,20105.907799,1.213
e572651326f1337845b6b98e94175d4dc9ec1338a73d1ab7ac61170ccaf88297,518cd8f12974202d11b5a16a5437a6a560186fbe9584862c601084cbc18761c6,20106.956318,0.137
e572651326f1337845b6b98e94175d4dc9ec1338a73d1ab7ac61170ccaf88297,d92f8485c6246b3992a693f22bcc446a2f3d552d1b0cecc3fe637dec8f61e1ac,20108.052471,180.574
a12f22a3f771308d969fd56d18df65bf6960a4101a3daa4cef878997a2e1978b,664c8bd366fc401f874d793373a2aafc5a5a506e2e04d325d5d83557d6df7502,20113.884100,0.047
e572651326f1337845b6b98e94175d4dc9ec1338a73d1ab7ac61170ccaf88297,d92f8485c6246b3992a693f22bcc446a2f3d552d1b0cecc3fe637dec8f61e1ac,20122.017145,55.491
f4930f068e300bc29cc1ba31414e01d1eaf55b1607c65985536c868ec9323990,f98b902a5d78635ca9426bf7b222c0f2e63e8316254891c86ab6c55292b5c8b2,20122.028116,0.145
739faf50968804bd83adaade1c616b404ad02f354b6bb167295319b0ae5d9899,ca74b92087483a16a012c94b147c899e246570904c23a537cb8daeb2096ce52d,20123.197748,1.698
e572651326f1337845b6b98e94175d4dc9ec1338a73d1ab7ac61170ccaf88297,5d5cbd388a16ee5f19e2c8c5df4ac7a74ad36fdc9b8a8b0489074a41d61b6884,20127.635738,4.951
e572651326f1337845b6b98e94175d4dc9ec1338a73d1ab7ac61170ccaf88297,518cd8f12974202d11b5a16a5437a6a560186fbe9584862c601084cbc18761c6,20131.915301,0.460
f4930f068e300bc29cc1ba31414e01d1eaf55b1607c65985536c868ec9323990,f98b902a5d78635ca9426bf7b222c0f2e63e8316254891c86ab6c55292b5c8b2,20146.725548,0.222
e572651326f1337845b6b98e94175d4dc9ec1338a73d1ab7ac61170ccaf88297,518cd8f12974202d11b5a16a5437a6a560186fbe9584862c601084cbc18761c6,20147.130076,0.069
739faf50968804bd83adaade1c616b404ad02f354b6bb167295319b0ae5d9899,ca74b92087483a16a012c94b147c899e246570904c23a537cb8daeb2096ce52d,20148.820641,0.452
7475824cc4748c3fc8576d1ba486950f36d81d9cb5336cc1da801ef313b516d8,eac0d7c37985ac4669b288f34505f79c6df5fc76371ca3b80b783133b39adfbd,20154.574863,90.548
e572651326f1337845b6b98e94175d4dc9ec1338a73d1ab7ac61170ccaf88297,d92f8485c6246b3992a693f22bcc446a2f3d552d1b0cecc3fe637dec8f61e1ac,20157.847437,50.221
739faf50968804bd83adaade1c616b404ad02f354b6bb167295319b0ae5d9899,ca74b92087483a16a012c94b147c899e246570904c23a537cb8daeb2096ce52d,20158.524025,0.777
d9c9a39425c8044015e05eaf8330a6e48bad0e3edf1ec032098fb2c8b045c0b9,7fd157a7b694ec9235842e5191f04eb673f536c6f3bb37a9dc868eaeb977de9b,20158.607972,0.814
87b8ec9b41644a8b32cf64798ee6e0d8d7e5948575669ae9c5a8435a10813266,9d4311638952a6ecefb68603a4ade3f6aedf1ff5a2f359c67bbef939d6a2e6dc,20163.125364,0.081
e572651326f1337845b6b98e94175d4dc9ec1338a73d1ab7ac61170ccaf88297,518cd8f12974202d11b5a16a5437a6a560186fbe9584862c601084cbc18761c6,20167.456801,0.208
739faf50968804bd83adaade1c616b404ad02f354b6bb167295319b0ae5d9899,ca74b92087483a16a012c94b147c899e246570904c23a537cb8daeb2096ce52d,20182.026387,0.614
e572651326f1337845b6b98e94175d4dc9ec1338a73d1ab7ac61170ccaf88297,518cd8f12974202d11b5a16a5437a6a560186fbe9584862c601084cbc18761c6,20190.382736,0.333
739faf50968804bd83adaade1c616b404ad02f354b6bb167295319b0ae5d9899,ca74b92087483a16a012c94b147c899e246570904c23a537cb8daeb2096ce52d,20195.581844,0.270
d9c9a39425c8044015e05eaf8330a6e48bad0e3edf1ec032098fb2c8b045c0b9,7fd157a7b694ec9235842e5191f04eb673f536c6f3bb37a9dc868eaeb977de9b,20198.768238,0.252
739faf50968804bd83adaade1c616b404ad02f354b6bb167295319b0ae5d9899,ca74b92087483a16a012c94b147c899e246570904c23a537cb8daeb2096ce52d,20200.494579,1.254
739faf50968804bd83adaade1c616b404ad02f354b6bb167295319b0ae5d9899,ca74b92087483a16a012c94b147c899e246570904c23a537cb8daeb2096ce52d,20200.508782,0.923
739faf50968804bd83adaade1c616b404ad02f354b6bb167295319b0ae5d9899,ca74b92087483a16a012c94b147c899e246570904c23a537cb8daeb2096ce52d,20211.460635,1.249
e572651326f1337845b6b98e94175d4dc9ec1338a73d1ab7ac61170ccaf88297,d92f8485c6246b3992a693f22bcc446a2f3d552d1b0cecc3fe637dec8f61e1ac,20212.051962,47.181
d9c9a39425c8044015e05eaf8330a6e48bad0e3edf1ec032098fb2c8b045c0b9,7fd157a7b694ec9235842e5191f04eb673f536c6f3bb37a9dc868eaeb977de9b,20212.703967,0.254
739faf50968804bd83adaade1c616b404ad02f354b6bb167295319b0ae5d9899,ca74b92087483a16a012c94b147c899e246570904c23a537cb8daeb2096ce52d,20226.466307,1.600
e572651326f1337845b6b98e94175d4dc9ec1338a73d1ab7ac61170ccaf88297,d92f8485c6246b3992a693f22bcc446a2f3d552d1b0cecc3fe637dec8f61e1ac,20235.448169,58.604
739faf50968804bd83adaade1c616b404ad02f354b6bb167295319b0ae5d9899,ca74b92087483a16a012c94b147c899e246570904c23a537cb8daeb2096ce52d,20243.726259,0.488
eddb92315799e0eaf5d18b84bc5948186fbc33c0190b04c815d75765a979435c,110010ce3452fe8d402b60888cc981d5c1f099fa94092e745a629835ecdb9f51,20244.179054,0.074
e572651326f1337845b6b98e94175d4dc9ec1338a73d1ab7ac61170ccaf88297,5d5cbd388a16ee5f19e2c8c5df4ac7a74ad36fdc9b8a8b0489074a41d61b6884,20244.902117,32.946
b34e792718773cd207a3d3bb54979d4952f301dd15d6f091f57008f075958309,2f796c78515eb95a2d835ebf50326db182a91dce43f6d21d5785e80565851355,20250.471996,3.924
99ae030b60cf247520cab75889c7e2f4c8be9422fce8cc2dc30c53820d8e487b,68b7a052a1a75027d0ba4031c39237121a4d32fa66b59c585684af85c61349ac,20256.561929,0.097
739faf50968804bd83adaade1c616b404ad02f354b6bb167295319b0ae5d9899,ca74b92087483a16a012c94b147c899e246570904c23a537cb8daeb2096ce52d,20257.362464,2.213
d9c9a39425c8044015e05eaf8330a6e48bad0e3edf1ec032098fb2c8b045c0b9,7fd157a7b694ec9235842e5191f04eb673f536c6f3bb37a9dc868eaeb977de9b,20258.148609,0.993
b34e792718773cd207a3d3bb54979d4952f301dd15d6f091f57008f075958309,2f796c78515eb95a2d835ebf50326db182a91dce43f6d21d5785e80565851355,20262.224619,2.215
e572651326f1337845b6b98e94175d4dc9ec1338a73d1ab7ac61170ccaf88297,5d5cbd388a16ee5f19e2c8c5df4ac7a74ad36fdc9b8a8b0489074a41d61b6884,20279.820830,12.733
e572651326f1337845b6b98e94175d4dc9ec1338a73d1ab7ac61170ccaf88297,5d5cbd388a16ee5f19e2c8c5df4ac7a74ad36fdc9b8a8b0489074a41d61b6884,20288.786980,45.795
e572651326f1337845b6b98e94175d4dc9ec1338a73d1ab7ac61170ccaf88297,d92f8485c6246b3992a693f22bcc446a2f3d552d1b0cecc3fe637dec8f61e1ac,20289.714924,18.901
e572651326f1337845b6b98e94175d4dc9ec1338a73d1ab7ac61170ccaf88297,518cd8f12974202d11b5a16a5437a6a560186fbe9584862c601084cbc18761c6,20289.852783,0.543
e572651326f1337845b6b98e94175d4dc9ec1338a73d1ab7ac61170ccaf88297,d92f8485c6246b3992a693f22bcc446a2f3d552d1b0cecc3fe637dec8f61e1ac,20307.238662,165.365
739faf50968804bd83adaade1c616b404ad02f354b6bb167295319b0ae5d9899,ca74b92087483a16a012c94b147c899e246570904c23a537cb8daeb2096ce52d,20314.138198,1.000
d9c9a39425c8044015e05eaf8330a6e48bad0e3edf1ec032098fb2c8b045c0b9,7fd157a7b694ec9235842e5191f04eb673f536c6f3bb37a9dc868eaeb977de9b,20314.852323,0.288
e572651326f1337845b6b98e94175d4dc9ec1338a73d1ab7ac61170ccaf88297,d92f8485c6246b3992a693f22bcc446a2f3d552d1b0cecc3fe637dec8f61e1ac,20317.597364,12.870
87b8ec9b41644a8b32cf64798ee6e0d8d7e5948575669ae9c5a8435a10813266,13220cb8f5b7112c02f2481c968497db0f96a9b6d45bc7204086d9914d5596b5,20326.506210,95.290
739faf50968804bd83adaade1c616b404ad02f354b6bb167295319b0ae5d9899,ca74b92087483a16a012c94b147c899e246570904c23a537cb8daeb2096ce52d,20343.587355,0.234
a12f22a3f771308d969fd56d18df65bf6960a4101a3daa4cef878997a2e1978b,664c8bd366fc401f874d793373a2aafc5a5a506e2e04d325d5d83557d6df7502,20347.977762,0.125
87b8ec9b41644a8b32cf64798ee6e0d8d7e5948575669ae9c5a8435a10813266,13220cb8f5b7112c02f2481c968497db0f96a9b6d45bc7204086d9914d5596b5,20348.304159,218.873
e572651326f1337845b6b98e94175d4dc9ec1338a73d1ab7ac61170ccaf88297,5d5cbd388a16ee5f19e2c8c5df4ac7a74ad36fdc9b8a8b0489074a41d61b6884,20352.919275,8.928
739faf50968804bd83adaade1c616b404ad02f354b6bb167295319b0ae5d9899,ca74b92087483a16a012c94b147c899e246570904c23a537cb8daeb2096ce52d,20354.358215,0.675
a12f22a3f771308d969fd56d18df65bf6960a4101a3daa4cef878997a2e1978b,664c8bd366fc401f874d793373a2aafc5a5a506e2e04d325d5d83557d6df7502,20354.506605,0.037
739faf50968804bd83adaade1c616b404ad02f354b6bb167295319b0ae5d9899,ca74b92087483a16a012c94b147c899e246570904c23a537cb8daeb2096ce52d,20361.108778,0.808
eddb92315799e0eaf5d18b84bc5948186fbc33c0190b04c815d75765a979435c,9ecd2766ee6bd299d23bbc00b9a905d490ebeb2e675d857ef4f1bd4d5877c065,20362.181274,10.502
e572651326f1337845b6b98e94175d4dc9ec1338a73d1ab7ac61170ccaf88297,d92f8485c6246b3992a693f22bcc446a2f3d552d1b0cecc3fe637dec8f61e1ac,20363.474344,53.960
cf54d1572c1d632986590f22a8313559a433bd667a10d3d3dae5912dcba6ea78,b259c1e9f9b5415e24c8b3e31485942012cde025f7115eb6c3b87d91de9ef892,20364.257277,0.035
d9c9a39425c8044015e05eaf8330a6e48bad0e3edf1ec032098fb2c8b045c0b9,7fd157a7b694ec9235842e5191f04eb673f536c6f3bb37a9dc868eaeb977de9b,20366.867552,0.639
aa09fd0de23af2f42704ea3f7a832860e356cb21fbe99fb4c513e0ac64da3ce9,a7220d0ede28b7b3aa0f0607ca44f14e871e76cab8c30bfd0134e64230326622,20368.299579,0.076
739faf50968804bd83adaade1c616b404ad02f354b6bb167295319b0ae5d9899,ca74b92087483a16a012c94b147c899e246570904c23a537cb8daeb2096ce52d,20370.682240,0.660
e572651326f1337845b6b98e94175d4dc9ec1338a73d1ab7ac61170ccaf88297,5d5cbd388a16ee5f19e2c8c5df4ac7a74ad36fdc9b8a8b0489074a41d61b6884,20372.326069,8.322
d9c9a39425c8044015e05eaf8330a6e48bad0e3edf1ec032098fb2c8b045c0b9,7fd157a7b694ec9235842e5191f04eb673f536c6f3bb37a9dc868eaeb977de9b,20374.339174,0.529
e572651326f1337845b6b98e94175d4dc9ec1338a73d1ab7ac61170ccaf88297,d92f8485c6246b3992a693f22bcc446a2f3d552d1b0cecc3fe637dec8f61e1ac,20380.856870,92.227
739faf50968804bd83adaade1c616b404ad02f354b6bb167295319b0ae5d9899,ca74b92087483a16a012c94b147c899e246570904c23a537cb8daeb2096ce52d,20380.971825,0.899
aa09fd0de23af2f42704ea3f7a832860e356cb21fbe99fb4c513e0ac64da3ce9,a7220d0ede28b7b3aa0f0607ca44f14e871e76cab8c30bfd0134e64230326622,20385.520266,0.201
739faf50968804bd83adaade1c616b404ad02f354b6bb167295319b0ae5d9899,ca74b92087483a16a012c94b147c899e246570904c23a537cb8daeb2096ce52d,20388.201490,0.840
e572651326f1337845b6b98e94175d4dc9ec1338a73d1ab7ac61170ccaf88297,d92f8485c6246b3992a693f22bcc446a2f3d552d1b0cecc3fe637dec8f61e1ac,20390.480386,108.697
739faf50968804bd83adaade1c616b404ad02f354b6bb167295319b0ae5d9899,ca74b92087483a16a012c94b147c899e246570904c23a537cb8daeb2096ce52d,20394.591169,0.624
b34e792718773cd207a3d3bb54979d4952f301dd15d6f091f57008f075958309,2f796c78515eb95a2d835ebf50326db182a91dce43f6d21d5785e80565851355,20396.973609,19.087
e572651326f1337845b6b98e94175d4dc9ec1338a73d1ab7ac61170ccaf88297,518cd8f12974202d11b5a16a5437a6a560186fbe9584862c601084cbc18761c6,20398.071880,0.205
739faf50968804bd83adaade1c616b404ad02f354b6bb167295319b0ae5d9899,ca74b92087483a16a012c94b147c899e246570904c23a537cb8daeb2096ce52d,20402.489450,1.269
e572651326f1337845b6b98e94175d4dc9ec1338a73d1ab7ac61170ccaf88297,518cd8f12974202d11b5a16a5437a6a560186fbe9584862c601084cbc18761c6,20410.903604,0.255
99ae030b60cf247520cab75889c7e2f4c8be9422fce8cc2dc30c53820d8e487b,68b7a052a1a75027d0ba4031c39237121a4d32fa66b59c585684af85c61349ac,20411.251285,0.044
36918b2e6c7d7af242c355afc840cf4665e3ea068cf464571367b9c37779bf80,7256bfbb7f3fd68f57187fc7395b4cbcb317c2abb99ee066d02f0844dbcb8ee7,20414.803596,7.079
d9c9a39425c8044015e05eaf8330a6e48bad0e3edf1ec032098fb2c8b045c0b9,7fd157a7b694ec9235842e5191f04eb673f536c6f3bb37a9dc868eaeb977de9b,20420.079285,0.524
a7cf2f4bb45576518350fb91bb84800146f1dc257896e3b46b901095987e2a1c,6a144e613e2220f49247934c6e896484265f3763008c3235599da7133c320b63,20430.547780,0.348
aa09fd0de23af2f42704ea3f7a832860e356cb21fbe99fb4c513e0ac64da3ce9,a7220d0ede28b7b3aa0f0607ca44f14e871e76cab8c30bfd0134e64230326622,20432.022735,0.074
eddb92315799e0eaf5d18b84bc5948186fbc33c0190b04c815d75765a979435c,78ec164daacd5c9e215e76ca4dfb2d1ef3a94743f8b329a281a0e9782a09f749,20433.641310,66.477
e572651326f1337845b6b98e94175d4dc9ec1338a73d1ab7ac61170ccaf88297,d92f8485c6246b3992a693f22bcc446a2f3d552d1b0cecc3fe637dec8f61e1ac,20434.559493,205.661
cf54d1572c1d632986590f22a8313559a433bd667a10d3d3dae5912dcba6ea78,b259c1e9f9b5415e24c8b3e31485942012cde025f7115eb6c3b87d91de9ef892,20440.499049,0.054
739faf50968804bd83adaade1c616b404ad02f354b6bb167295319b0ae5d9899,ca74b92087483a16a012c94b147c899e246570904c23a537cb8daeb2096ce52d,20447.167786,0.398
739faf50968804bd83adaade1c616b404ad02f354b6bb167295319b0ae5d9899,ca74b92087483a16a012c94b147c899e246570904c23a537cb8daeb2096ce52d,20449.353742,0.681
e572651326f1337845b6b98e94175d4dc9ec1338a73d1ab7ac61170ccaf88297,5d5cbd388a16ee5f19e2c8c5df4ac7a74ad36fdc9b8a8b0489074a41d61b6884,20457.163289,20.818
4bd219625127e9d2e12f7eb21015642ad64f42ea61a16f5577db0c2e7a54d4cf,97c31670ec24a392969c8bc769ded28f0ea827f99e77c918ebe894b02f4511dd,20457.832267,8.688
a12f22a3f771308d969fd56d18df65bf6960a4101a3daa4cef878997a2e1978b,664c8bd366fc401f874d793373a2aafc5a5a506e2e04d325d5d83557d6df7502,20459.170001,0.033
e572651326f1337845b6b98e94175d4dc9ec1338a73d1ab7ac61170ccaf88297,518cd8f12974202d11b5a16a5437a6a560186fbe9584862c601084cbc18761c6,20459.341400,0.082
d9c9a39425c8044015e05eaf8330a6e48bad0e3edf1ec032098fb2c8b045c0b9,55b5c6b8e25e560a5244c522674fa8ad6f8dec1b83a702650726d57f2547c47c,20469.555387,0.059
e572651326f1337845b6b98e94175d4dc9ec1338a73d1ab7ac61170ccaf88297,d92f8485c6246b3992a693f22bcc446a2f3d552d1b0cecc3fe637dec8f61e1ac,20470.444844,26.833
739faf50968804bd83adaade1c616b404ad02f354b6bb167295319b0ae5d9899,ca74b92087483a16a012c94b147c899e246570904c23a537cb8daeb2096ce52d,20471.736122,1.118
739faf50968804bd83adaade1c616b404ad02f354b6bb167295319b0ae5d9899,ca74b92087483a16a012c94b147c899e246570904c23a537cb8daeb2096ce52d,20472.034084,2.119
e572651326f1337845b6b98e94175d4dc9ec1338a73d1ab7ac61170ccaf88297,518cd8f12974202d11b5a16a5437a6a560186fbe9584862c601084cbc18761c6,20478.856588,0.096
739faf50968804bd83adaade1c616b404ad02f354b6bb167295319b0ae5d9899,ca74b92087483a16a012c94b147c899e246570904c23a537cb8daeb2096ce52d,20479.587246,1.341
aa09fd0de23af2f42704ea3f7a832860e356cb21fbe99fb4c513e0ac64da3ce9,a7220d0ede28b7b3aa0f0607ca44f14e871e76cab8c30bfd0134e64230326622,20494.100738,0.055
e572651326f1337845b6b98e94175d4dc9ec1338a73d1ab7ac61170ccaf88297,d92f8485c6246b3992a693f22bcc446a2f3d552d1b0cecc3fe637dec8f61e1ac,20495.505690,21.231
99ae030b60cf247520cab75889c7e2f4c8be9422fce8cc2dc30c53820d8e487b,68b7a052a1a75027d0ba4031c39237121a4d32fa66b59c585684af85c61349ac,20497.190427,0.119
e572651326f1337845b6b98e94175d4dc9ec1338a73d1ab7ac61170ccaf88297,d92f8485c6246b3992a693f22bcc446a2f3d552d1b0cecc3fe637dec8f61e1ac,20501.770590,65.894
e572651326f1337845b6b98e94175d4dc9ec1338a73d1ab7ac61170ccaf88297,518cd8f12974202d11b5a16a5437a6a560186fbe9584862c601084cbc18761c6,20514.238073,0.466
739faf50968804bd83adaade1c616b404ad02f354b6bb167295319b0ae5d9899,ca74b92087483a16a012c94b147c899e246570904c23a537cb8daeb2096ce52d,20525.206334,0.927
739faf50968804bd83adaade1c616b404ad02f354b6bb167295319b0ae5d9899,ca74b92087483a16a012c94b147c899e246570904c23a537cb8daeb2096ce52d,20526.877432,1.635
739faf50968804bd83adaade1c616b404ad02f354b6bb167295319b0ae5d9899,ca74b92087483a16a012c94b147c899e246570904c23a537cb8daeb2096ce52d,20527.516511,0.640
739faf50968804bd83adaade1c616b404ad02f354b6bb167295319b0ae5d9899,ca74b92087483a16a012c94b147c899e246570904c23a537cb8daeb2096ce52d,20542.194764,0.322
e572651326f1337845b6b98e94175d4dc9ec1338a73d1ab7ac61170ccaf88297,5d5cbd388a16ee5f19e2c8c5df4ac7a74ad36fdc9b8a8b0489074a41d61b6884,20545.856571,8.420
e572651326f1337845b6b98e94175d4dc9ec1338a73d1ab7ac61170ccaf88297,5d5cbd388a16ee5f19e2c8c5df4ac7a74ad36fdc9b8a8b0489074a41d61b6884,20550.899053,19.181
739faf50968804bd83adaade1c616b404ad02f354b6bb167295319b0ae5d9899,ca74b92087483a16a012c94b147c899e246570904c23a537cb8daeb2096ce52d,20551.664045,0.578
7475824cc4748c3fc8576d1ba486950f36d81d9cb5336cc1da801ef313b516d8,eac0d7c37985ac4669b288f34505f79c6df5fc76371ca3b80b783133b39adfbd,20552.417560,103.072
cf54d1572c1d632986590f22a8313559a433bd667a10d3d3dae5912dcba6ea78,b259c1e9f9b5415e24c8b3e31485942012cde025f7115eb6c3b87d91de9ef892,20553.684203,0.081
a279432833a21dc66309e252ef3f48f1ddc9eb706839d037a00b3f9f545c5e2d,96b2b81126ccc77b62f8e30b2d3ae9fd295c3bf035deab650d5cf4c57cf49796,20554.092426,0.088
87b8ec9b41644a8b32cf64798ee6e0d8d7e5948575669ae9c5a8435a10813266,b85146d6fb2fb1b37a7b668f36287a534543da7a2bc393eac28fd9e974908af0,20555.651455,3.544
739faf50968804bd83adaade1c616b404ad02f354b6bb167295319b0ae5d9899,ca74b92087483a16a012c94b147c899e246570904c23a537cb8daeb2096ce52d,20556.894240,1.404
b2446308f35282348f1c6388346d932f610301eaa65bd0c283d8fb949d15e7cc,d206b500d8a622c7c6e606402b6f218d95ee19d6805d57bd7d6698351eea831a,20557.235558,37.538
739faf50968804bd83adaade1c616b404ad02f354b6bb167295319b0ae5d9899,ca74b92087483a16a012c94b147c899e246570904c23a537cb8daeb2096ce52d,20558.385722,0.915
99ae030b60cf247520cab75889c7e2f4c8be9422fce8cc2dc30c53820d8e487b,68b7a052a1a75027d0ba4031c39237121a4d32fa66b59c585684af85c61349ac,20560.335256,0.166
e572651326f1337845b6b98e94175d4dc9ec1338a73d1ab7ac61170ccaf88297,d92f8485c6246b3992a693f22bcc446a2f3d552d1b0cecc3fe637dec8f61e1ac,20560.472071,33.374
b2446308f35282348f1c6388346d932f610301eaa65bd0c283d8fb949d15e7cc,db87b76b1f5c22aeb78e8ddae62a3f5b78f28580d14b2d7f7f773702f2da3a3b,20560.682110,0.026
739faf50968804bd83adaade1c616b404ad02f354b6bb167295319b0ae5d9899,ca74b92087483a16a012c94b147c899e246570904c23a537cb8daeb2096ce52d,20568.014683,1.052
e572651326f1337845b6b98e94175d4dc9ec1338a73d1ab7ac61170ccaf88297,d92f8485c6246b3992a693f22bcc446a2f3d552d1b0cecc3fe637dec8f61e1ac,20570.759991,38.164
87b8ec9b41644a8b32cf64798ee6e0d8d7e5948575669ae9c5a8435a10813266,13220cb8f5b7112c02f2481c968497db0f96a9b6d45bc7204086d9914d5596b5,20571.230967,63.080
f4930f068e300bc29cc1ba31414e01d1eaf55b1607c65985536c868ec9323990,f98b902a5d78635ca9426bf7b222c0f2e63e8316254891c86ab6c55292b5c8b2,20583.739062,0.129
739faf50968804bd83adaade1c616b404ad02f354b6bb167295319b0ae5d9899,ca74b92087483a16a012c94b147c899e246570904c23a537cb8daeb2096ce52d,20585.298009,2.863
f7b8083a0342944f477b97a321506ae52fc6e2e76bf6042f2280c281f43ee10d,d414dfb669aa29482336ef26db33feead9a3bd71190ba5d44412a9f8bedf26de,20587.171891,10.129
e572651326f1337845b6b98e94175d4dc9ec1338a73d1ab7ac61170ccaf88297,518cd8f12974202d11b5a16a5437a6a560186fbe9584862c601084cbc18761c6,20588.381595,0.431
a279432833a21dc66309e252ef3f48f1ddc9eb706839d037a00b3f9f545c5e2d,96b2b81126ccc77b62f8e30b2d3ae9fd295c3bf035deab650d5cf4c57cf49796,20589.821027,0.065
f4930f068e300bc29cc1ba31414e01d1eaf55b1607c65985536c868ec9323990,f98b902a5d78635ca9426bf7b222c0f2e63e8316254891c86ab6c55292b5c8b2,20591.246431,0.217
87b8ec9b41644a8b32cf64798ee6e0d8d7e5948575669ae9c5a8435a10813266,9d4311638952a6ecefb68603a4ade3f6aedf1ff5a2f359c67bbef939d6a2e6dc,20592.919641,0.155
739faf50968804bd83adaade1c616b404ad02f354b6bb167295319b0ae5d9899,ca74b92087483a16a012c94b147c899e246570904c23a537cb8daeb2096ce52d,20598.663375,0.549
739faf50968804bd83adaade1c616b404ad02f354b6bb167295319b0ae5d9899,ca74b92087483a16a012c94b147c899e246570904c23a537cb8daeb2096ce52d,20604.712534,0.904
e572651326f1337845b6b98e94175d4dc9ec1338a73d1ab7ac61170ccaf88297,d92f8485c6246b3992a693f22bcc446a2f3d552d1b0cecc3fe637dec8f61e1ac,20605.749637,111.997
e572651326f1337845b6b98e94175d4dc9ec1338a73d1ab7ac61170ccaf88297,5d5cbd388a16ee5f19e2c8c5df4ac7a74ad36fdc9b8a8b0489074a41d61b6884,20606.604257,12.089
739faf50968804bd83adaade1c616b404ad02f354b6bb167295319b0ae5d9899,ca74b92087483a16a012c94b147c899e246570904c23a537cb8daeb2096ce52d,20611.418137,0.242
87b8ec9b41644a8b32cf64798ee6e0d8d7e5948575669ae9c5a8435a10813266,b85146d6fb2fb1b37a7b668f36287a534543da7a2bc393eac28fd9e974908af0,20611.978722,1.551
e572651326f1337845b6b98e94175d4dc9ec1338a73d1ab7ac61170ccaf88297,518cd8f12974202d11b5a16a5437a6a560186fbe9584862c601084cbc18761c6,20612.243429,0.463
a7cf2f4bb45576518350fb91bb84800146f1dc257896e3b46b901095987e2a1c,6a144e613e2220f49247934c6e896484265f3763008c3235599da7133c320b63,20623.220045,0.164
e572651326f1337845b6b98e94175d4dc9ec1338a73d1ab7ac61170ccaf88297,d92f8485c6246b3992a693f22bcc446a2f3d552d1b0cecc3fe637dec8f61e1ac,20627.668096,50.661
a279432833a21dc66309e252ef3f48f1ddc9eb706839d037a00b3f9f545c5e2d,9bfe15fe1c84832456da5d671ec99cfd73e0514bf91abfae306da2457af04221,20630.087567,2.618
739faf50968804bd83adaade1c616b404ad02f354b6bb167295319b0ae5d9899,ca74b92087483a16a012c94b147c899e246570904c23a537cb8daeb2096ce52d,20632.932065,0.894
f7b8083a0342944f477b97a321506ae52fc6e2e76bf6042f2280c281f43ee10d,4b2c05f30bc5080fb3ff505c4051509a4406f733b9ccd3386fa0900f3ae0d9bf,20634.485276,0.031
aa09fd0de23af2f42704ea3f7a832860e356cb21fbe99fb4c513e0ac64da3ce9,a7220d0ede28b7b3aa0f0607ca44f14e871e76cab8c30bfd0134e64230326622,20636.554205,0.058
e572651326f1337845b6b98e94175d4dc9ec1338a73d1ab7ac61170ccaf88297,5d5cbd388a16ee5f19e2c8c5df4ac7a74ad36fdc9b8a8b0489074a41d61b6884,20641.479149,16.557
739faf50968804bd83adaade1c616b404ad02f354b6bb167295319b0ae5d9899,ca74b92087483a16a012c94b147c899e246570904c23a537cb8daeb2096ce52d,20642.679639,2.110
d9c9a39425c8044015e05eaf8330a6e48bad0e3edf1ec032098fb2c8b045c0b9,7fd157a7b694ec9235842e5191f04eb673f536c6f3bb37a9dc868eaeb977de9b,20643.708302,1.575
739faf50968804bd83adaade1c616b404ad02f354b6bb167295319b0ae5d9899,ca74b92087483a16a012c94b147c899e246570904c23a537cb8daeb2096ce52d,20645.213341,0.725
b34e792718773cd207a3d3bb54979d4952f301dd15d6f091f57008f075958309,2f796c78515eb95a2d835ebf50326db182a91dce43f6d21d5785e80565851355,20659.301759,3.305
b2446308f35282348f1c6388346d932f610301eaa65bd0c283d8fb949d15e7cc,db87b76b1f5c22aeb78e8ddae62a3f5b78f28580d14b2d7f7f773702f2da3a3b,20659.979432,0.092
739faf50968804bd83adaade1c616b404ad02f354b6bb167295319b0ae5d9899,ca74b92087483a16a012c94b147c899e246570904c23a537cb8daeb2096ce52d,20662.122543,1.359
d9c9a39425c8044015e05eaf8330a6e48bad0e3edf1ec032098fb2c8b045c0b9,7fd157a7b694ec9235842e5191f04eb673f536c6f3bb37a9dc868eaeb977de9b,20664.907396,0.549
e572651326f1337845b6b98e94175d4dc9ec1338a73d1ab7ac61170ccaf88297,518cd8f12974202d11b5a16a5437a6a560186fbe9584862c601084cbc18761c6,20666.267103,0.389
aa09fd0de23af2f42704ea3f7a832860e356cb21fbe99fb4c513e0ac64da3ce9,a7220d0ede28b7b3aa0f0607ca44f14e871e76cab8c30bfd0134e64230326622,20666.839958,0.119
b2446308f35282348f1c6388346d932f610301eaa65bd0c283d8fb949d15e7cc,d206b500d8a622c7c6e606402b6f218d95ee19d6805d57bd7d6698351eea831a,20687.017088,160.550
739faf50968804bd83adaade1c616b404ad02f354b6bb167295319b0ae5d9899,ca74b92087483a16a012c94b147c899e246570904c23a537cb8daeb2096ce52d,20694.641781,0.486
4bd219625127e9d2e12f7eb21015642ad64f42ea61a16f5577db0c2e7a54d4cf,1b9ff14203f132f3ca0342f8491d5b4e61000dbca9a88d6ef78132611cf99466,20697.951586,4.718
e572651326f1337845b6b98e94175d4dc9ec1338a73d1ab7ac61170ccaf88297,d92f8485c6246b3992a693f22bcc446a2f3d552d1b0cecc3fe637dec8f61e1ac,20699.898081,69.579
a12f22a3f771308d969fd56d18df65bf6960a4101a3daa4cef878997a2e1978b,664c8bd366fc401f874d793373a2aafc5a5a506e2e04d325d5d83557d6df7502,20701.020378,0.057
e572651326f1337845b6b98e94175d4dc9ec1338a73d1ab7ac61170ccaf88297,d92f8485c6246b3992a693f22bcc446a2f3d552d1b0cecc3fe637dec8f61e1ac,20704.615169,28.950
e572651326f1337845b6b98e94175d4dc9ec1338a73d1ab7ac61170ccaf88297,d92f8485c6246b3992a693f22bcc446a2f3d552d1b0cecc3fe637dec8f61e1ac,20714.793388,114.355
e572651326f1337845b6b98e94175d4dc9ec1338a73d1ab7ac61170ccaf88297,5d5cbd388a16ee5f19e2c8c5df4ac7a74ad36fdc9b8a8b0489074a41d61b6884,20717.214931,19.570
d9c9a39425c8044015e05eaf8330a6e48bad0e3edf1ec032098fb2c8b045c0b9,55b5c6b8e25e560a5244c522674fa8ad6f8dec1b83a702650726d57f2547c47c,20722.790221,0.158
d9c9a39425c8044015e05eaf8330a6e48bad0e3edf1ec032098fb2c8b045c0b9,7fd157a7b694ec9235842e5191f04eb673f536c6f3bb37a9dc868eaeb977de9b,20733.400251,0.621
b2446308f35282348f1c6388346d932f610301eaa65bd0c283d8fb949d15e7cc,db87b76b1f5c22aeb78e8ddae62a3f5b78f28580d14b2d7f7f773702f2da3a3b,20754.619634,0.093
d9c9a39425c8044015e05eaf8330a6e48bad0e3edf1ec032098fb2c8b045c0b9,7fd157a7b694ec9235842e5191f04eb673f536c6f3bb37a9dc868eaeb977de9b,20758.765682,0.619
739faf50968804bd83adaade1c616b404ad02f354b6bb167295319b0ae5d9899,ca74b92087483a16a012c94b147c899e246570904c23a537cb8daeb2096ce52d,20761.522573,3.182
739faf50968804bd83adaade1c616b404ad02f354b6bb167295319b0ae5d9899,ca74b92087483a16a012c94b147c899e246570904c23a537cb8daeb2096ce52d,20768.694079,0.770
739faf50968804bd83adaade1c616b404ad02f354b6bb167295319b0ae5d9899,ca74b92087483a16a012c94b147c899e246570904c23a537cb8daeb2096ce52d,20770.434116,1.259
efcdd56913d0ce6927045a6f4e8bc025d4bc3a901c3f657e7c0c0d52a157e940,d3001621518a70a020141bf2f78060d34d8b1d6a417c7d5ad0650366921617ac,20771.298186,0.304
efcdd56913d0ce6927045a6f4e8bc025d4bc3a901c3f657e7c0c0d52a157e940,d3001621518a70a020141bf2f78060d34d8b1d6a417c7d5ad0650366921617ac,20774.008070,0.247
e572651326f1337845b6b98e94175d4dc9ec1338a73d1ab7ac61170ccaf88297,518cd8f12974202d11b5a16a5437a6a560186fbe9584862c601084cbc18761c6,20775.760116,0.114
87b8ec9b41644a8b32cf64798ee6e0d8d7e5948575669ae9c5a8435a10813266,9d4311638952a6ecefb68603a4ade3f6aedf1ff5a2f359c67bbef939d6a2e6dc,20781.582105,0.150
a12f22a3f771308d969fd56d18df65bf6960a4101a3daa4cef878997a2e1978b,664c8bd366fc401f874d793373a2aafc5a5a506e2e04d325d5d83557d6df7502,20787.383426,0.057
e572651326f1337845b6b98e94175d4dc9ec1338a73d1ab7ac61170ccaf88297,518cd8f12974202d11b5a16a5437a6a560186fbe9584862c601084cbc18761c6,20790.699470,0.363
cf54d1572c1d632986590f22a8313559a433bd667a10d3d3dae5912dcba6ea78,b259c1e9f9b5415e24c8b3e31485942012cde025f7115eb6c3b87d91de9ef892,20792.830544,0.021
e572651326f1337845b6b98e94175d4dc9ec1338a73d1ab7ac61170ccaf88297,518cd8f12974202d11b5a16a5437a6a560186fbe9584862c601084cbc18761c6,20795.747235,0.204
e572651326f1337845b6b98e94175d4dc9ec1338a73d1ab7ac61170ccaf88297,518cd8f12974202d11b5a16a5437a6a560186fbe9584862c601084cbc18761c6,20796.181880,0.336
739faf50968804bd83adaade1c616b404ad02f354b6bb167295319b0ae5d9899,ca74b92087483a16a012c94b147c899e246570904c23a537cb8daeb2096ce52d,20796.600647,1.061
e572651326f1337845b6b98e94175d4dc9ec1338a73d1ab7ac61170ccaf88297,518cd8f12974202d11b5a16a5437a6a560186fbe9584862c601084cbc18761c6,20802.630583,0.116
b2446308f35282348f1c6388346d932f610301eaa65bd0c283d8fb949d15e7cc,d206b500d8a622c7c6e606402b6f218d95ee19d6805d57bd7d6698351eea831a,20806.710190,61.460
f7b8083a0342944f477b97a321506ae52fc6e2e76bf6042f2280c281f43ee10d,d414dfb669aa29482336ef26db33feead9a3bd71190ba5d44412a9f8bedf26de,20811.800650,6.803
d9c9a39425c8044015e05eaf8330a6e48bad0e3edf1ec032098fb2c8b045c0b9,7fd157a7b694ec9235842e5191f04eb673f536c6f3bb37a9dc868eaeb977de9b,20815.545312,0.504
739faf50968804bd83adaade1c616b404ad02f354b6bb167295319b0ae5d9899,ca74b92087483a16a012c94b147c899e246570904c23a537cb8daeb2096ce52d,20818.602745,0.362
e572651326f1337845b6b98e94175d4dc9ec1338a73d1ab7ac61170ccaf88297,518cd8f12974202d11b5a16a5437a6a560186fbe9584862c601084cbc18761c6,20820.885366,0.432
739faf50968804bd83adaade1c616b404ad02f354b6bb167295319b0ae5d9899,ca74b92087483a16a012c94b147c899e246570904c23a537cb8daeb2096ce52d,20820.952910,3.123
4bd219625127e9d2e12f7eb21015642ad64f42ea61a16f5577db0c2e7a54d4cf,1b9ff14203f132f3ca0342f8491d5b4e61000dbca9a88d6ef78132611cf99466,20824.267972,4.046
e572651326f1337845b6b98e94175d4dc9ec1338a73d1ab7ac61170ccaf88297,518cd8f12974202d11b5a16a5437a6a560186fbe9584862c601084cbc18761c6,20828.304560,0.176
b2446308f35282348f1c6388346d932f610301eaa65bd0c283d8fb949d15e7cc,d206b500d8a622c7c6e606402b6f218d95ee19d6805d57bd7d6698351eea831a,20834.648284,46.849
d9c9a39425c8044015e05eaf8330a6e48bad0e3edf1ec032098fb2c8b045c0b9,7fd157a7b694ec9235842e5191f04eb673f536c6f3bb37a9dc868eaeb977de9b,20843.063572,0.538
d9c9a39425c8044015e05eaf8330a6e48bad0e3edf1ec032098fb2c8b045c0b9,7fd157a7b694ec9235842e5191f04eb673f536c6f3bb37a9dc868eaeb977de9b,20846.880312,0.974
e572651326f1337845b6b98e94175d4dc9ec1338a73d1ab7ac61170ccaf88297,d92f8485c6246b3992a693f22bcc446a2f3d552d1b0cecc3fe637dec8f61e1ac,20853.652816,118.800
b2446308f35282348f1c6388346d932f610301eaa65bd0c283d8fb949d15e7cc,db87b76b1f5c22aeb78e8ddae62a3f5b78f28580d14b2d7f7f773702f2da3a3b,20857.066030,0.016
e572651326f1337845b6b98e94175d4dc9ec1338a73d1ab7ac61170ccaf88297,518cd8f12974202d11b5a16a5437a6a560186fbe9584862c601084cbc18761c6,20863.120790,0.137
e572651326f1337845b6b98e94175d4dc9ec1338a73d1ab7ac61170ccaf88297,d92f8485c6246b3992a693f22bcc446a2f3d552d1b0cecc3fe637dec8f61e1ac,20866.056310,144.641
f7b8083a0342944f477b97a321506ae52fc6e2e76bf6042f2280c281f43ee10d,4b2c05f30bc5080fb3ff505c4051509a4406f733b9ccd3386fa0900f3ae0d9bf,20866.679749,0.050
e572651326f1337845b6b98e94175d4dc9ec1338a73d1ab7ac61170ccaf88297,518cd8f12974202d11b5a16a5437a6a560186fbe9584862c601084cbc18761c6,20867.269520,0.201
739faf50968804bd83adaade1c616b404ad02f354b6bb167295319b0ae5d9899,ca74b92087483a16a012c94b147c899e246570904c23a537cb8daeb2096ce52d,20874.721194,1.697
aa09fd0de23af2f42704ea3f7a832860e356cb21fbe99fb4c513e0ac64da3ce9,a7220d0ede28b7b3aa0f0607ca44f14e871e76cab8c30bfd0134e64230326622,20882.496262,0.138
e572651326f1337845b6b98e94175d4dc9ec1338a73d1ab7ac61170ccaf88297,518cd8f12974202d11b5a16a5437a6a560186fbe9584862c601084cbc18761c6,20895.376489,0.219
b2446308f35282348f1c6388346d932f610301eaa65bd0c283d8fb949d15e7cc,d206b500d8a622c7c6e606402b6f218d95ee19d6805d57bd7d6698351eea831a,20898.809994,57.352
739faf50968804bd83adaade1c616b404ad02f354b6bb167295319b0ae5d9899,ca74b92087483a16a012c94b147c899e246570904c23a537cb8daeb2096ce52d,20901.685290,1.184
e572651326f1337845b6b98e94175d4dc9ec1338a73d1ab7ac61170ccaf88297,d92f8485c6246b3992a693f22bcc446a2f3d552d1b0cecc3fe637dec8f61e1ac,20919.121149,32.635
d9c9a39425c8044015e05eaf8330a6e48bad0e3edf1ec032098fb2c8b045c0b9,7fd157a7b694ec9235842e5191f04eb673f536c6f3bb37a9dc868eaeb977de9b,20919.961576,0.943
a12f22a3f771308d969fd56d18df65bf6960a4101a3daa4cef878997a2e1978b,664c8bd366fc401f874d793373a2aafc5a5a506e2e04d325d5d83557d6df7502,20921.702100,0.160
87b8ec9b41644a8b32cf64798ee6e0d8d7e5948575669ae9c5a8435a10813266,b85146d6fb2fb1b37a7b668f36287a534543da7a2bc393eac28fd9e974908af0,20923.666497,2.299
d9c9a39425c8044015e05eaf8330a6e48bad0e3edf1ec032098fb2c8b045c0b9,7fd157a7b694ec9235842e5191f04eb673f536c6f3bb37a9dc868eaeb977de9b,20924.555911,1.297
739faf50968804bd83adaade1c616b404ad02f354b6bb167295319b0ae5d9899,ca74b92087483a16a012c94b147c899e246570904c23a537cb8daeb2096ce52d,20936.034123,0.904
d9c9a39425c8044015e05eaf8330a6e48bad0e3edf1ec032098fb2c8b045c0b9,7fd157a7b694ec9235842e5191f04eb673f536c6f3bb37a9dc868eaeb977de9b,20944.217746,0.970
99ae030b60cf247520cab75889c7e2f4c8be9422fce8cc2dc30c53820d8e487b,68b7a052a1a75027d0ba4031c39237121a4d32fa66b59c585684af85c61349ac,20945.765090,0.197
f4930f068e300bc29cc1ba31414e01d1eaf55b1607c65985536c868ec9323990,f98b902a5d78635ca9426bf7b222c0f2e63e8316254891c86ab6c55292b5c8b2,20946.737088,0.091
739faf50968804bd83adaade1c616b404ad02f354b6bb167295319b0ae5d9899,ca74b92087483a16a012c94b147c899e246570904c23a537cb8daeb2096ce52d,20947.313021,0.772
99ae030b60cf247520cab75889c7e2f4c8be9422fce8cc2dc30c53820d8e487b,68b7a052a1a75027d0ba4031c39237121a4d32fa66b59c585684af85c61349ac,20948.059657,0.093
e572651326f1337845b6b98e94175d4dc9ec1338a73d1ab7ac61170ccaf88297,d92f8485c6246b3992a693f22bcc446a2f3d552d1b0cecc3fe637dec8f61e1ac,20956.126173,59.178
aa09fd0de23af2f42704ea3f7a832860e356cb21fbe99fb4c513e0ac64da3ce9,a7220d0ede28b7b3aa0f0607ca44f14e871e76cab8c30bfd0134e64230326622,20960.779500,0.052
a12f22a3f771308d969fd56d18df65bf6960a4101a3daa4cef878997a2e1978b,664c8bd366fc401f874d793373a2aafc5a5a506e2e04d325d5d83557d6df7502,20962.895960,0.047
739faf50968804bd83adaade1c616b404ad02f354b6bb167295319b0ae5d9899,ca74b92087483a16a012c94b147c899e246570904c23a537cb8daeb2096ce52d,20966.211405,1.487
e572651326f1337845b6b98e94175d4dc9ec1338a73d1ab7ac61170ccaf88297,5d5cbd388a16ee5f19e2c8c5df4ac7a74ad36fdc9b8a8b0489074a41d61b6884,20969.312414,7.567
739faf50968804bd83adaade1c616b404ad02f354b6bb167295319b0ae5d9899,ca74b92087483a16a012c94b147c899e246570904c23a537cb8daeb2096ce52d,20971.095846,1.198
4bd219625127e9d2e12f7eb21015642ad64f42ea61a16f5577db0c2e7a54d4cf,1b9ff14203f132f3ca0342f8491d5b4e61000dbca9a88d6ef78132611cf99466,20975.079862,3.346
d9c9a39425c8044015e05eaf8330a6e48bad0e3edf1ec032098fb2c8b045c0b9,55b5c6b8e25e560a5244c522674fa8ad6f8dec1b83a702650726d57f2547c47c,20977.239668,0.080
739faf50968804bd83adaade1c616b404ad02f354b6bb167295319b0ae5d9899,ca74b92087483a16a012c94b147c899e246570904c23a537cb8daeb2096ce52d,20979.480341,0.429
739faf50968804bd83adaade1c616b404ad02f354b6bb167295319b0ae5d9899,ca74b92087483a16a012c94b147c899e246570904c23a537cb8daeb2096ce52d,20979.889726,0.927
87b8ec9b41644a8b32cf64798ee6e0d8d7e5948575669ae9c5a8435a10813266,9d4311638952a6ecefb68603a4ade3f6aedf1ff5a2f359c67bbef939d6a2e6dc,20982.822382,0.375
739faf50968804bd83adaade1c616b404ad02f354b6bb167295319b0ae5d9899,ca74b92087483a16a012c94b147c899e246570904c23a537cb8daeb2096ce52d,20983.080890,1.056
739faf50968804bd83adaade1c616b404ad02f354b6bb167295319b0ae5d9899,ca74b92087483a16a012c94b147c899e246570904c23a537cb8daeb2096ce52d,20984.097906,0.590
e572651326f1337845b6b98e94175d4dc9ec1338a73d1ab7ac61170ccaf88297,5d5cbd388a16ee5f19e2c8c5df4ac7a74ad36fdc9b8a8b0489074a41d61b6884,20989.694807,5.538
739faf50968804bd83adaade1c616b404ad02f354b6bb167295319b0ae5d9899,ca74b92087483a16a012c94b147c899e246570904c23a537cb8daeb2096ce52d,20989.791668,0.593
d9c9a39425c8044015e05eaf8330a6e48bad0e3edf1ec032098fb2c8b045c0b9,7fd157a7b694ec9235842e5191f04eb673f536c6f3bb37a9dc868eaeb977de9b,20995.837912,1.664
739faf50968804bd83adaade1c616b404ad02f354b6bb167295319b0ae5d9899,ca74b92087483a16a012c94b147c899e246570904c23a537cb8daeb2096ce52d,20997.717875,0.352
d9c9a39425c8044015e05eaf8330a6e48bad0e3edf1ec032098fb2c8b045c0b9,55b5c6b8e25e560a5244c522674fa8ad6f8dec1b83a702650726d57f2547c47c,21000.111360,0.073
b2446308f35282348f1c6388346d932f610301eaa65bd0c283d8fb949d15e7cc,d206b500d8a622c7c6e606402b6f218d95ee19d6805d57bd7d6698351eea831a,21001.871542,87.272
cf54d1572c1d632986590f22a8313559a433bd667a10d3d3dae5912dcba6ea78,b259c1e9f9b5415e24c8b3e31485942012cde025f7115eb6c3b87d91de9ef892,21026.518985,0.049
a12f22a3f771308d969fd56d18df65bf6960a4101a3daa4cef878997a2e1978b,664c8bd366fc401f874d793373a2aafc5a5a506e2e04d325d5d83557d6df7502,21028.050997,0.024
e572651326f1337845b6b98e94175d4dc9ec1338a73d1ab7ac61170ccaf88297,518cd8f12974202d11b5a16a5437a6a560186fbe9584862c601084cbc18761c6,21047.034987,0.410
b2446308f35282348f1c6388346d932f610301eaa65bd0c283d8fb949d15e7cc,d206b500d8a622c7c6e606402b6f218d95ee19d6805d57bd7d6698351eea831a,21051.009714,33.257
739faf50968804bd83adaade1c616b404ad02f354b6bb167295319b0ae5d9899,ca74b92087483a16a012c94b147c899e246570904c23a537cb8daeb2096ce52d,21053.721330,0.387
f7b8083a0342944f477b97a321506ae52fc6e2e76bf6042f2280c281f43ee10d,d414dfb669aa29482336ef26db33feead9a3bd71190ba5d44412a9f8bedf26de,21056.548634,23.004
739faf50968804bd83adaade1c616b404ad02f354b6bb167295319b0ae5d9899,ca74b92087483a16a012c94b147c899e246570904c23a537cb8daeb2096ce52d,21074.349899,1.508
a12f22a3f771308d969fd56d18df65bf6960a4101a3daa4cef878997a2e1978b,664c8bd366fc401f874d793373a2aafc5a5a506e2e04d325d5d83557d6df7502,21077.394847,0.048
739faf50968804bd83adaade1c616b404ad02f354b6bb167295319b0ae5d9899,ca74b92087483a16a012c94b147c899e246570904c23a537cb8daeb2096ce52d,21078.855670,0.373
efcdd56913d0ce6927045a6f4e8bc025d4bc3a901c3f657e7c0c0d52a157e940,d3001621518a70a020141bf2f78060d34d8b1d6a417c7d5ad0650366921617ac,21079.366738,0.306
739faf50968804bd83adaade1c616b404ad02f354b6bb167295319b0ae5d9899,ca74b92087483a16a012c94b147c899e246570904c23a537cb8daeb2096ce52d,21080.733366,0.750
739faf50968804bd83adaade1c616b404ad02f354b6bb167295319b0ae5d9899,ca74b92087483a16a012c94b147c899e246570904c23a537cb8daeb2096ce52d,21081.701105,0.790
739faf50968804bd83adaade1c616b404ad02f354b6bb167295319b0ae5d9899,ca74b92087483a16a012c94b147c899e246570904c23a537cb8daeb2096ce52d,21086.083658,0.532
e572651326f1337845b6b98e94175d4dc9ec1338a73d1ab7ac61170ccaf88297,5d5cbd388a16ee5f19e2c8c5df4ac7a74ad36fdc9b8a8b0489074a41d61b6884,21086.530649,14.704
64db848c9bc5db515c94ab30eee3c35decfe835ca8a6c40b0821fe30aaa04cdb,f219acf93580c06f4504a74e90b2f826094f3544ca2f60a49b929ab5d1f80d31,21088.946151,4.338
f4930f068e300bc29cc1ba31414e01d1eaf55b1607c65985536c868ec9323990,46a59e3a4d9e4fefe6b34e678125ce95ab071f1126ec503557f26ec575c1941b,21090.899351,0.823
739faf50968804bd83adaade1c616b404ad02f354b6bb167295319b0ae5d9899,ca74b92087483a16a012c94b147c899e246570904c23a537cb8daeb2096ce52d,21091.787401,1.468
cf54d1572c1d632986590f22a8313559a433bd667a10d3d3dae5912dcba6ea78,b259c1e9f9b5415e24c8b3e31485942012cde025f7115eb6c3b87d91de9ef892,21094.140834,0.019
cf54d1572c1d632986590f22a8313559a433bd667a10d3d3dae5912dcba6ea78,b259c1e9f9b5415e24c8b3e31485942012cde025f7115eb6c3b87d91de9ef892,21095.365169,0.015
e572651326f1337845b6b98e94175d4dc9ec1338a73d1ab7ac61170ccaf88297,5d5cbd388a16ee5f19e2c8c5df4ac7a74ad36fdc9b8a8b0489074a41d61b6884,21098.989000,15.427
e572651326f1337845b6b98e94175d4dc9ec1338a73d1ab7ac61170ccaf88297,518cd8f12974202d11b5a16a5437a6a560186fbe9584862c601084cbc18761c6,21103.232904,0.188
eddb92315799e0eaf5d18b84bc5948186fbc33c0190b04c815d75765a979435c,78ec164daacd5c9e215e76ca4dfb2d1ef3a94743f8b329a281a0e9782a09f749,21106.107307,144.936
739faf50968804bd83adaade1c616b404ad02f354b6bb167295319b0ae5d9899,ca74b92087483a16a012c94b147c899e246570904c23a537cb8daeb2096ce52d,21108.621225,1.156
a279432833a21dc66309e252ef3f48f1ddc9eb706839d037a00b3f9f545c5e2d,9bfe15fe1c84832456da5d671ec99cfd73e0514bf91abfae306da2457af04221,21108.954134,2.351
4bd219625127e9d2e12f7eb21015642ad64f42ea61a16f5577db0c2e7a54d4cf,97c31670ec24a392969c8bc769ded28f0ea827f99e77c918ebe894b02f4511dd,21109.965718,25.263
87b8ec9b41644a8b32cf64798ee6e0d8d7e5948575669ae9c5a8435a10813266,b85146d6fb2fb1b37a7b668f36287a534543da7a2bc393eac28fd9e974908af0,21112.378823,4.211
b34e792718773cd207a3d3bb54979d4952f301dd15d6f091f57008f075958309,2f796c78515eb95a2d835ebf50326db182a91dce43f6d21d5785e80565851355,21113.385090,3.469
d9c9a39425c8044015e05eaf8330a6e48bad0e3edf1ec032098fb2c8b045c0b9,55b5c6b8e25e560a5244c522674fa8ad6f8dec1b83a702650726d57f2547c47c,21116.666149,0.041
739faf50968804bd83adaade1c616b404ad02f354b6bb167295319b0ae5d9899,ca74b92087483a16a012c94b147c899e246570904c23a537cb8daeb2096ce52d,21124.301598,0.471
739faf50968804bd83adaade1c616b404ad02f354b6bb167295319b0ae5d9899,ca74b92087483a16a012c94b147c899e246570904c23a537cb8daeb2096ce52d,21127.952562,3.435
739faf50968804bd83adaade1c616b404ad02f354b6bb167295319b0ae5d9899,ca74b92087483a16a012c94b147c899e246570904c23a537cb8daeb2096ce52d,21134.030711,0.305
f4930f068e300bc29cc1ba31414e01d1eaf55b1607c65985536c868ec9323990,46a59e3a4d9e4fefe6b34e678125ce95ab071f1126ec503557f26ec575c1941b,21136.190258,0.516
e572651326f1337845b6b98e94175d4dc9ec1338a73d1ab7ac61170ccaf88297,518cd8f12974202d11b5a16a5437a6a560186fbe9584862c601084cbc18761c6,21141.783307,0.179
e572651326f1337845b6b98e94175d4dc9ec1338a73d1ab7ac61170ccaf88297,518cd8f12974202d11b5a16a5437a6a560186fbe9584862c601084cbc18761c6,21143.279093,0.219
a12f22a3f771308d969fd56d18df65bf6960a4101a3daa4cef878997a2e1978b,5c9849d631846bbec88a0601bf6b0ba43d9e757dbe6f64ca8e4875ba49f7b794,21145.848083,11.994
739faf50968804bd83adaade1c616b404ad02f354b6bb167295319b0ae5d9899,ca74b92087483a16a012c94b147c899e246570904c23a537cb8daeb2096ce52d,21146.399315,0.827
64db848c9bc5db515c94ab30eee3c35decfe835ca8a6c40b0821fe30aaa04cdb,f219acf93580c06f4504a74e90b2f826094f3544ca2f60a49b929ab5d1f80d31,21152.525487,6.689
739faf50968804bd83adaade1c616b404ad02f354b6bb167295319b0ae5d9899,ca74b92087483a16a012c94b147c899e246570904c23a537cb8daeb2096ce52d,21155.919543,0.629
b2446308f35282348f1c6388346d932f610301eaa65bd0c283d8fb949d15e7cc,d206b500d8a622c7c6e606402b6f218d95ee19d6805d57bd7d6698351eea831a,21156.466391,124.659
e572651326f1337845b6b98e94175d4dc9ec1338a73d1ab7ac61170ccaf88297,d92f8485c6246b3992a693f22bcc446a2f3d552d1b0cecc3fe637dec8f61e1ac,21162.084366,46.933
7475824cc4748c3fc8576d1ba486950f36d81d9cb5336cc1da801ef313b516d8,eac0d7c37985ac4669b288f34505f79c6df5fc76371ca3b80b783133b39adfbd,21171.476552,81.559
739faf50968804bd83adaade1c616b404ad02f354b6bb167295319b0ae5d9899,ca74b92087483a16a012c94b147c899e246570904c23a537cb8daeb2096ce52d,21180.815074,1.811
e572651326f1337845b6b98e94175d4dc9ec1338a73d1ab7ac61170ccaf88297,518cd8f12974202d11b5a16a5437a6a560186fbe9584862c601084cbc18761c6,21183.542249,0.121
739faf50968804bd83adaade1c616b404ad02f354b6bb167295319b0ae5d9899,ca74b92087483a16a012c94b147c899e246570904c23a537cb8daeb2096ce52d,21186.124078,0.355
e572651326f1337845b6b98e94175d4dc9ec1338a73d1ab7ac61170ccaf88297,518cd8f12974202d11b5a16a5437a6a560186fbe9584862c601084cbc18761c6,21187.185684,0.092
739faf50968804bd83adaade1c616b404ad02f354b6bb167295319b0ae5d9899,ca74b92087483a16a012c94b147c899e246570904c23a537cb8daeb2096ce52d,21196.252390,1.878
b34e792718773cd207a3d3bb54979d4952f301dd15d6f091f57008f075958309,541379714c2250706dfd8b76765ae74953f871377238b361a8666f510afeba58,21199.840116,76.394
e572651326f1337845b6b98e94175d4dc9ec1338a73d1ab7ac61170ccaf88297,d92f8485c6246b3992a693f22bcc446a2f3d552d1b0cecc3fe637dec8f61e1ac,21200.904507,51.033
e572651326f1337845b6b98e94175d4dc9ec1338a73d1ab7ac61170ccaf88297,d92f8485c6246b3992a693f22bcc446a2f3d552d1b0cecc3fe637dec8f61e1ac,21220.210147,206.160
e572651326f1337845b6b98e94175d4dc9ec1338a73d1ab7ac61170ccaf88297,d92f8485c6246b3992a693f22bcc446a2f3d552d1b0cecc3fe637dec8f61e1ac,21220.288252,84.606
87b8ec9b41644a8b32cf64798ee6e0d8d7e5948575669ae9c5a8435a10813266,9d4311638952a6ecefb68603a4ade3f6aedf1ff5a2f359c67bbef939d6a2e6dc,21225.769228,0.239
739faf50968804bd83adaade1c616b404ad02f354b6bb167295319b0ae5d9899,ca74b92087483a16a012c94b147c899e246570904c23a537cb8daeb2096ce52d,21232.873426,0.440
739faf50968804bd83adaade1c616b404ad02f354b6bb167295319b0ae5d9899,ca74b92087483a16a012c94b147c899e246570904c23a537cb8daeb2096ce52d,21239.445435,0.302
e572651326f1337845b6b98e94175d4dc9ec1338a73d1ab7ac61170ccaf88297,5d5cbd388a16ee5f19e2c8c5df4ac7a74ad36fdc9b8a8b0489074a41d61b6884,21240.319532,27.464
e572651326f1337845b6b98e94175d4dc9ec1338a73d1ab7ac61170ccaf88297,518cd8f12974202d11b5a16a5437a6a560186fbe9584862c601084cbc18761c6,21240.966586,0.456
e572651326f1337845b6b98e94175d4dc9ec1338a73d1ab7ac61170ccaf88297,5d5cbd388a16ee5f19e2c8c5df4ac7a74ad36fdc9b8a8b0489074a41d61b6884,21252.171997,10.447
e572651326f1337845b6b98e94175d4dc9ec1338a73d1ab7ac61170ccaf88297,5d5cbd388a16ee5f19e2c8c5df4ac7a74ad36fdc9b8a8b0489074a41d61b6884,21256.248383,10.966
e572651326f1337845b6b98e94175d4dc9ec1338a73d1ab7ac61170ccaf88297,d92f8485c6246b3992a693f22bcc446a2f3d552d1b0cecc3fe637dec8f61e1ac,21256.860176,156.366
e572651326f1337845b6b98e94175d4dc9ec1338a73d1ab7ac61170ccaf88297,5d5cbd388a16ee5f19e2c8c5df4ac7a74ad36fdc9b8a8b0489074a41d61b6884,21258.182249,17.315
e572651326f1337845b6b98e94175d4dc9ec1338a73d1ab7ac61170ccaf88297,5d5cbd388a16ee5f19e2c8c5df4ac7a74ad36fdc9b8a8b0489074a41d61b6884,21258.794154,26.567
739faf50968804bd83adaade1c616b404ad02f354b6bb167295319b0ae5d9899,ca74b92087483a16a012c94b147c899e246570904c23a537cb8daeb2096ce52d,21261.438181,1.130
739faf50968804bd83adaade1c616b404ad02f354b6bb167295319b0ae5d9899,ca74b92087483a16a012c94b147c899e246570904c23a537cb8daeb2096ce52d,21267.764283,0.971
e572651326f1337845b6b98e94175d4dc9ec1338a73d1ab7ac61170ccaf88297,d92f8485c6246b3992a693f22bcc446a2f3d552d1b0cecc3fe637dec8f61e1ac,21268.432707,91.894
f4930f068e300bc29cc1ba31414e01d1eaf55b1607c65985536c868ec9323990,46a59e3a4d9e4fefe6b34e678125ce95ab071f1126ec503557f26ec575c1941b,21273.251480,0.322
739faf50968804bd83adaade1c616b404ad02f354b6bb167295319b0ae5d9899,ca74b92087483a16a012c94b147c899e246570904c23a537cb8daeb2096ce52d,21277.763865,0.302
e572651326f1337845b6b98e94175d4dc9ec1338a73d1ab7ac61170ccaf88297,d92f8485c6246b3992a693f22bcc446a2f3d552d1b0cecc3fe637dec8f61e1ac,21281.228386,267.986
739faf50968804bd83adaade1c616b404ad02f354b6bb167295319b0ae5d9899,ca74b92087483a16a012c94b147c899e246570904c23a537cb8daeb2096ce52d,21284.618998,1.333
e572651326f1337845b6b98e94175d4dc9ec1338a73d1ab7ac61170ccaf88297,518cd8f12974202d11b5a16a5437a6a560186fbe9584862c601084cbc18761c6,21288.837946,0.263
e572651326f1337845b6b98e94175d4dc9ec1338a73d1ab7ac61170ccaf88297,d92f8485c6246b3992a693f22bcc446a2f3d552d1b0cecc3fe637dec8f61e1ac,21291.095825,21.846
87b8ec9b41644a8b32cf64798ee6e0d8d7e5948575669ae9c5a8435a10813266,b85146d6fb2fb1b37a7b668f36287a534543da7a2bc393eac28fd9e974908af0,21292.777195,6.862
f7b8083a0342944f477b97a321506ae52fc6e2e76bf6042f2280c281f43ee10d,4b2c05f30bc5080fb3ff505c4051509a4406f733b9ccd3386fa0900f3ae0d9bf,21293.328906,0.060
cf54d1572c1d632986590f22a8313559a433bd667a10d3d3dae5912dcba6ea78,b259c1e9f9b5415e24c8b3e31485942012cde025f7115eb6c3b87d91de9ef892,21294.688056,0.044
4bd219625127e9d2e12f7eb21015642ad64f42ea61a16f5577db0c2e7a54d4cf,1b9ff14203f132f3ca0342f8491d5b4e61000dbca9a88d6ef78132611cf99466,21296.198850,2.579
e572651326f1337845b6b98e94175d4dc9ec1338a73d1ab7ac61170ccaf88297,5d5cbd388a16ee5f19e2c8c5df4ac7a74ad36fdc9b8a8b0489074a41d61b6884,21297.738075,10.065
739faf50968804bd83adaade1c616b404ad02f354b6bb167295319b0ae5d9899,ca74b92087483a16a012c94b147c899e246570904c23a537cb8daeb2096ce52d,21307.444967,1.625
739faf50968804bd83adaade1c616b404ad02f354b6bb167295319b0ae5d9899,ca74b92087483a16a012c94b147c899e246570904c23a537cb8daeb2096ce52d,21311.571122,0.729
eddb92315799e0eaf5d18b84bc5948186fbc33c0190b04c815d75765a979435c,110010ce3452fe8d402b60888cc981d5c1f099fa94092e745a629835ecdb9f51,21312.127280,0.071
d9c9a39425c8044015e05eaf8330a6e48bad0e3edf1ec032098fb2c8b045c0b9,55b5c6b8e25e560a5244c522674fa8ad6f8dec1b83a702650726d57f2547c47c,21315.649276,0.020
e572651326f1337845b6b98e94175d4dc9ec1338a73d1ab7ac61170ccaf88297,d92f8485c6246b3992a693f22bcc446a2f3d552d1b0cecc3fe637dec8f61e1ac,21321.594489,29.382
739faf50968804bd83adaade1c616b404ad02f354b6bb167295319b0ae5d9899,ca74b92087483a16a012c94b147c899e246570904c23a537cb8daeb2096ce52d,21324.402802,0.744
e572651326f1337845b6b98e94175d4dc9ec1338a73d1ab7ac61170ccaf88297,d92f8485c6246b3992a693f22bcc446a2f3d552d1b0cecc3fe637dec8f61e1ac,21326.122336,28.031
eddb92315799e0eaf5d18b84bc5948186fbc33c0190b04c815d75765a979435c,110010ce3452fe8d402b60888cc981d5c1f099fa94092e745a629835ecdb9f51,21328.836098,0.063
739faf50968804bd83adaade1c616b404ad02f354b6bb167295319b0ae5d9899,ca74b92087483a16a012c94b147c899e246570904c23a537cb8daeb2096ce52d,21331.729368,0.465
e572651326f1337845b6b98e94175d4dc9ec1338a73d1ab7ac61170ccaf88297,d92f8485c6246b3992a693f22bcc446a2f3d552d1b0cecc3fe637dec8f61e1ac,21343.165217,40.692
e572651326f1337845b6b98e94175d4dc9ec1338a73d1ab7ac61170ccaf88297,d92f8485c6246b3992a693f22bcc446a2f3d552d1b0cecc3fe637dec8f61e1ac,21343.289679,83.066
87b8ec9b41644a8b32cf64798ee6e0d8d7e5948575669ae9c5a8435a10813266,b85146d6fb2fb1b37a7b668f36287a534543da7a2bc393eac28fd9e974908af0,21347.409169,4.644
739faf50968804bd83adaade1c616b404ad02f354b6bb167295319b0ae5d9899,ca74b92087483a16a012c94b147c899e246570904c23a537cb8daeb2096ce52d,21349.483722,0.322
739faf50968804bd83adaade1c616b404ad02f354b6bb167295319b0ae5d9899,ca74b92087483a16a012c94b147c899e246570904c23a537cb8daeb2096ce52d,21358.925219,0.825
d9c9a39425c8044015e05eaf8330a6e48bad0e3edf1ec032098fb2c8b045c0b9,55b5c6b8e25e560a5244c522674fa8ad6f8dec1b83a702650726d57f2547c47c,21372.973887,0.059
739faf50968804bd83adaade1c616b404ad02f354b6bb167295319b0ae5d9899,ca74b92087483a16a012c94b147c899e246570904c23a537cb8daeb2096ce52d,21374.003843,0.539
aa09fd0de23af2f42704ea3f7a832860e356cb21fbe99fb4c513e0ac64da3ce9,a7220d0ede28b7b3aa0f0607ca44f14e871e76cab8c30bfd0134e64230326622,21374.518057,0.050
cf54d1572c1d632986590f22a8313559a433bd667a10d3d3dae5912dcba6ea78,b259c1e9f9b5415e24c8b3e31485942012cde025f7115eb6c3b87d91de9ef892,21376.843389,0.064
a12f22a3f771308d969fd56d18df65bf6960a4101a3daa4cef878997a2e1978b,5c9849d631846bbec88a0601bf6b0ba43d9e757dbe6f64ca8e4875ba49f7b794,21380.955331,21.599
b2446308f35282348f1c6388346d932f610301eaa65bd0c283d8fb949d15e7cc,d206b500d8a622c7c6e606402b6f218d95ee19d6805d57bd7d6698351eea831a,21384.049255,60.809
a12f22a3f771308d969fd56d18df65bf6960a4101a3daa4cef878997a2e1978b,5c9849d631846bbec88a0601bf6b0ba43d9e757dbe6f64ca8e4875ba49f7b794,21388.343794,9.849
e572651326f1337845b6b98e94175d4dc9ec1338a73d1ab7ac61170ccaf88297,518cd8f12974202d11b5a16a5437a6a560186fbe9584862c601084cbc18761c6,21391.825728,0.100
739faf50968804bd83adaade1c616b404ad02f354b6bb167295319b0ae5d9899,ca74b92087483a16a012c94b147c899e246570904c23a537cb8daeb2096ce52d,21394.408328,3.978
36918b2e6c7d7af242c355afc840cf4665e3ea068cf464571367b9c37779bf80,7256bfbb7f3fd68f57187fc7395b4cbcb317c2abb99ee066d02f0844dbcb8ee7,21395.484737,3.466
e572651326f1337845b6b98e94175d4dc9ec1338a73d1ab7ac61170ccaf88297,5d5cbd388a16ee5f19e2c8c5df4ac7a74ad36fdc9b8a8b0489074a41d61b6884,21409.562014,11.672
b2446308f35282348f1c6388346d932f610301eaa65bd0c283d8fb949d15e7cc,d206b500d8a622c7c6e606402b6f218d95ee19d6805d57bd7d6698351eea831a,21410.983062,50.131
e572651326f1337845b6b98e94175d4dc9ec1338a73d1ab7ac61170ccaf88297,518cd8f12974202d11b5a16a5437a6a560186fbe9584862c601084cbc18761c6,21416.483434,0.092
4bd219625127e9d2e12f7eb21015642ad64f42ea61a16f5577db0c2e7a54d4cf,1b9ff14203f132f3ca0342f8491d5b4e61000dbca9a88d6ef78132611cf99466,21424.355103,5.477
4bd219625127e9d2e12f7eb21015642ad64f42ea61a16f5577db0c2e7a54d4cf,97c31670ec24a392969c8bc769ded28f0ea827f99e77c918ebe894b02f4511dd,21428.072961,44.654
e572651326f1337845b6b98e94175d4dc9ec1338a73d1ab7ac61170ccaf88297,d92f8485c6246b3992a693f22bcc446a2f3d552d1b0cecc3fe637dec8f61e1ac,21437.330991,127.567
cf54d1572c1d632986590f22a8313559a433bd667a10d3d3dae5912dcba6ea78,b259c1e9f9b5415e24c8b3e31485942012cde025f7115eb6c3b87d91de9ef892,21438.080335,0.134
e572651326f1337845b6b98e94175d4dc9ec1338a73d1ab7ac61170ccaf88297,518cd8f12974202d11b5a16a5437a6a560186fbe9584862c601084cbc18761c6,21458.035090,0.304
eddb92315799e0eaf5d18b84bc5948186fbc33c0190b04c815d75765a979435c,110010ce3452fe8d402b60888cc981d5c1f099fa94092e745a629835ecdb9f51,21461.709732,0.030
87b8ec9b41644a8b32cf64798ee6e0d8d7e5948575669ae9c5a8435a10813266,13220cb8f5b7112c02f2481c968497db0f96a9b6d45bc7204086d9914d5596b5,21462.164062,41.610
87b8ec9b41644a8b32cf64798ee6e0d8d7e5948575669ae9c5a8435a10813266,9d4311638952a6ecefb68603a4ade3f6aedf1ff5a2f359c67bbef939d6a2e6dc,21463.945568,0.414
739faf50968804bd83adaade1c616b404ad02f354b6bb167295319b0ae5d9899,ca74b92087483a16a012c94b147c899e246570904c23a537cb8daeb2096ce52d,21465.881823,0.664
e572651326f1337845b6b98e94175d4dc9ec1338a73d1ab7ac61170ccaf88297,d92f8485c6246b3992a693f22bcc446a2f3d552d1b0cecc3fe637dec8f61e1ac,21471.346920,100.750
e572651326f1337845b6b98e94175d4dc9ec1338a73d1ab7ac61170ccaf88297,d92f8485c6246b3992a693f22bcc446a2f3d552d1b0cecc3fe637dec8f61e1ac,21479.994068,38.028
e572651326f1337845b6b98e94175d4dc9ec1338a73d1ab7ac61170ccaf88297,d92f8485c6246b3992a693f22bcc446a2f3d552d1b0cecc3fe637dec8f61e1ac,21482.906210,81.686
b2446308f35282348f1c6388346d932f610301eaa65bd0c283d8fb949d15e7cc,d206b500d8a622c7c6e606402b6f218d95ee19d6805d57bd7d6698351eea831a,21484.707208,53.324
e572651326f1337845b6b98e94175d4dc9ec1338a73d1ab7ac61170ccaf88297,d92f8485c6246b3992a693f22bcc446a2f3d552d1b0cecc3fe637dec8f61e1ac,21490.880314,38.928
d9c9a39425c8044015e05eaf8330a6e48bad0e3edf1ec032098fb2c8b045c0b9,7fd157a7b694ec9235842e5191f04eb673f536c6f3bb37a9dc868eaeb977de9b,21498.817019,0.163
b2446308f35282348f1c6388346d932f610301eaa65bd0c283d8fb949d15e7cc,d206b500d8a622c7c6e606402b6f218d95ee19d6805d57bd7d6698351eea831a,21503.516111,61.439
87b8ec9b41644a8b32cf64798ee6e0d8d7e5948575669ae9c5a8435a10813266,9d4311638952a6ecefb68603a4ade3f6aedf1ff5a2f359c67bbef939d6a2e6dc,21506.568247,0.505
e572651326f1337845b6b98e94175d4dc9ec1338a73d1ab7ac61170ccaf88297,5d5cbd388a16ee5f19e2c8c5df4ac7a74ad36fdc9b8a8b0489074a41d61b6884,21507.171122,15.163
e572651326f1337845b6b98e94175d4dc9ec1338a73d1ab7ac61170ccaf88297,d92f8485c6246b3992a693f22bcc446a2f3d552d1b0cecc3fe637dec8f61e1ac,21511.796401,76.429
739faf50968804bd83adaade1c616b404ad02f354b6bb167295319b0ae5d9899,ca74b92087483a16a012c94b147c899e246570904c23a537cb8daeb2096ce52d,21527.451707,0.177
a12f22a3f771308d969fd56d18df65bf6960a4101a3daa4cef878997a2e1978b,5c9849d631846bbec88a0601bf6b0ba43d9e757dbe6f64ca8e4875ba49f7b794,21529.607106,9.381
cf54d1572c1d632986590f22a8313559a433bd667a10d3d3dae5912dcba6ea78,b259c1e9f9b5415e24c8b3e31485942012cde025f7115eb6c3b87d91de9ef892,21531.107675,0.134
a12f22a3f771308d969fd56d18df65bf6960a4101a3daa4cef878997a2e1978b,664c8bd366fc401f874d793373a2aafc5a5a506e2e04d325d5d83557d6df7502,21531.531652,0.115
d9c9a39425c8044015e05eaf8330a6e48bad0e3edf1ec032098fb2c8b045c0b9,7fd157a7b694ec9235842e5191f04eb673f536c6f3bb37a9dc868eaeb977de9b,21531.638109,0.690
e572651326f1337845b6b98e94175d4dc9ec1338a73d1ab7ac61170ccaf88297,518cd8f12974202d11b5a16a5437a6a560186fbe9584862c601084cbc18761c6,21534.974685,0.554
f7b8083a0342944f477b97a321506ae52fc6e2e76bf6042f2280c281f43ee10d,4b2c05f30bc5080fb3ff505c4051509a4406f733b9ccd3386fa0900f3ae0d9bf,21540.246226,0.122
e572651326f1337845b6b98e94175d4dc9ec1338a73d1ab7ac61170ccaf88297,5d5cbd388a16ee5f19e2c8c5df4ac7a74ad36fdc9b8a8b0489074a41d61b6884,21544.357330,9.807
7475824cc4748c3fc8576d1ba486950f36d81d9cb5336cc1da801ef313b516d8,eac0d7c37985ac4669b288f34505f79c6df5fc76371ca3b80b783133b39adfbd,21550.101557,96.311
739faf50968804bd83adaade1c616b404ad02f354b6bb167295319b0ae5d9899,ca74b92087483a16a012c94b147c899e246570904c23a537cb8daeb2096ce52d,21552.865368,0.651
f4930f068e300bc29cc1ba31414e01d1eaf55b1607c65985536c868ec9323990,46a59e3a4d9e4fefe6b34e678125ce95ab071f1126ec503557f26ec575c1941b,21557.304508,0.617
e572651326f1337845b6b98e94175d4dc9ec1338a73d1ab7ac61170ccaf88297,518cd8f12974202d11b5a16a5437a6a560186fbe9584862c601084cbc18761c6,21566.280189,0.106
e572651326f1337845b6b98e94175d4dc9ec1338a73d1ab7ac61170ccaf88297,518cd8f12974202d11b5a16a5437a6a560186fbe9584862c601084cbc18761c6,21573.545761,0.405
739faf50968804bd83adaade1c616b404ad02f354b6bb167295319b0ae5d9899,ca74b92087483a16a012c94b147c899e246570904c23a537cb8daeb2096ce52d,21575.051380,0.639
d9c9a39425c8044015e05eaf8330a6e48bad0e3edf1ec032098fb2c8b045c0b9,7fd157a7b694ec9235842e5191f04eb673f536c6f3bb37a9dc868eaeb977de9b,21575.786269,0.925
b2446308f35282348f1c6388346d932f610301eaa65bd0c283d8fb949d15e7cc,db87b76b1f5c22aeb78e8ddae62a3f5b78f28580d14b2d7f7f773702f2da3a3b,21581.814171,0.050
7475824cc4748c3fc8576d1ba486950f36d81d9cb5336cc1da801ef313b516d8,eac0d7c37985ac4669b288f34505f79c6df5fc76371ca3b80b783133b39adfbd,21584.323283,40.593
e572651326f1337845b6b98e94175d4dc9ec1338a73d1ab7ac61170ccaf88297,d92f8485c6246b3992a693f22bcc446a2f3d552d1b0cecc3fe637dec8f61e1ac,21584.735404,59.257
739faf50968804bd83adaade1c616b404ad02f354b6bb167295319b0ae5d9899,ca74b92087483a16a012c94b147c899e246570904c23a537cb8daeb2096ce52d,21586.406773,4.227
a12f22a3f771308d969fd56d18df65bf6960a4101a3daa4cef878997a2e1978b,664c8bd366fc401f874d793373a2aafc5a5a506e2e04d325d5d83557d6df7502,21586.981566,0.034
a279432833a21dc66309e252ef3f48f1ddc9eb706839d037a00b3f9f545c5e2d,9bfe15fe1c84832456da5d671ec99cfd73e0514bf91abfae306da2457af04221,21589.076362,0.873
e572651326f1337845b6b98e94175d4dc9ec1338a73d1ab7ac61170ccaf88297,5d5cbd388a16ee5f19e2c8c5df4ac7a74ad36fdc9b8a8b0489074a41d61b6884,21599.025667,38.898
eddb92315799e0eaf5d18b84bc5948186fbc33c0190b04c815d75765a979435c,9ecd2766ee6bd299d23bbc00b9a905d490ebeb2e675d857ef4f1bd4d5877c065,21614.116167,16.808
